-- phpMyAdmin SQL Dump
-- version 5.2.1
-- https://www.phpmyadmin.net/
--
-- 主機： 127.0.0.1
-- 產生時間： 2024-05-07 21:48:06
-- 伺服器版本： 10.4.32-MariaDB
-- PHP 版本： 8.2.12

SET SQL_MODE = "NO_AUTO_VALUE_ON_ZERO";
START TRANSACTION;
SET time_zone = "+00:00";


/*!40101 SET @OLD_CHARACTER_SET_CLIENT=@@CHARACTER_SET_CLIENT */;
/*!40101 SET @OLD_CHARACTER_SET_RESULTS=@@CHARACTER_SET_RESULTS */;
/*!40101 SET @OLD_COLLATION_CONNECTION=@@COLLATION_CONNECTION */;
/*!40101 SET NAMES utf8mb4 */;

--
-- 資料庫： `mfee44_final-project`
--

-- --------------------------------------------------------

--
-- 資料表結構 `brand`
--

CREATE TABLE `brand` (
  `brand_id` int(11) NOT NULL,
  `brand_name` varchar(255) NOT NULL
) ENGINE=InnoDB DEFAULT CHARSET=utf8 COLLATE=utf8_general_ci;

--
-- 傾印資料表的資料 `brand`
--

INSERT INTO `brand` (`brand_id`, `brand_name`) VALUES
(1, 'SHEAFFER'),
(2, 'PELIKAN'),
(3, 'MONTBLANC'),
(4, 'PILOT'),
(5, 'WATERMAN'),
(6, 'PARKER'),
(7, 'TWSBI '),
(8, 'LAMY '),
(9, 'KAWECO'),
(10, 'SAILOR');

-- --------------------------------------------------------

--
-- 資料表結構 `color`
--

CREATE TABLE `color` (
  `color_id` int(11) NOT NULL,
  `color_name` varchar(10) NOT NULL,
  `color_bg` varchar(20) NOT NULL
) ENGINE=InnoDB DEFAULT CHARSET=utf8mb4 COLLATE=utf8mb4_general_ci;

--
-- 傾印資料表的資料 `color`
--

INSERT INTO `color` (`color_id`, `color_name`, `color_bg`) VALUES
(1, '亮黑', 'black'),
(2, '青銅', '#CD7F32'),
(3, '銀灰', 'gray'),
(4, '赤紅', 'red'),
(5, '深藍', 'blue'),
(6, '棕色', 'brown'),
(7, '深紫', 'purple'),
(8, '粉紅', 'pink'),
(9, '翠綠', 'green'),
(10, '金黃', 'yellow'),
(11, '透白', 'white'),
(12, '黑金', '#FFD700');

-- --------------------------------------------------------

--
-- 資料表結構 `course_category`
--

CREATE TABLE `course_category` (
  `id` int(11) NOT NULL,
  `category_name` text NOT NULL
) ENGINE=InnoDB DEFAULT CHARSET=utf8mb4 COLLATE=utf8mb4_general_ci;

--
-- 傾印資料表的資料 `course_category`
--

INSERT INTO `course_category` (`id`, `category_name`) VALUES
(1, '手寫字'),
(2, '繪畫');

-- --------------------------------------------------------

--
-- 資料表結構 `course_collection`
--

CREATE TABLE `course_collection` (
  `id` int(11) NOT NULL,
  `uid` int(11) NOT NULL,
  `pid` int(11) NOT NULL
) ENGINE=InnoDB DEFAULT CHARSET=utf8mb4 COLLATE=utf8mb4_general_ci;

--
-- 傾印資料表的資料 `course_collection`
--

INSERT INTO `course_collection` (`id`, `uid`, `pid`) VALUES
(3, 1, 214),
(5, 1, 250),
(10, 1, 229);

-- --------------------------------------------------------

--
-- 資料表結構 `course_news`
--

CREATE TABLE `course_news` (
  `id` int(11) NOT NULL,
  `course_id` int(11) NOT NULL,
  `date` date NOT NULL,
  `title` text NOT NULL,
  `content` text NOT NULL
) ENGINE=InnoDB DEFAULT CHARSET=utf8mb4 COLLATE=utf8mb4_general_ci;

--
-- 傾印資料表的資料 `course_news`
--

INSERT INTO `course_news` (`id`, `course_id`, `date`, `title`, `content`) VALUES
(1, 214, '2023-02-26', '「鋼筆」加購服務', '本次課程，老師特別與墨韻雅筆合作，由老師精心挑選適合學員的書寫鋼筆，其中鋼筆的製作更由老師親自指導修改了八次才確定，並以優惠的價格提供學員選購，讓大家以最適當且方便的文房工具開始屬於自己的書寫。'),
(2, 215, '2024-06-23', '「鋼筆」加購服務', '本次課程，老師特別與墨韻雅筆合作，由老師精心挑選適合學員的書寫鋼筆，其中鋼筆的製作更由老師親自指導修改了八次才確定，並以優惠的價格提供學員選購，讓大家以最適當且方便的文房工具開始屬於自己的書寫。'),
(3, 216, '2024-09-09', '「鋼筆」加購服務', '本次課程，老師特別與墨韻雅筆合作，由老師精心挑選適合學員的書寫鋼筆，其中鋼筆的製作更由老師親自指導修改了八次才確定，並以優惠的價格提供學員選購，讓大家以最適當且方便的文房工具開始屬於自己的書寫。'),
(4, 217, '2024-09-28', '「鋼筆」加購服務', '本次課程，老師特別與墨韻雅筆合作，由老師精心挑選適合學員的書寫鋼筆，其中鋼筆的製作更由老師親自指導修改了八次才確定，並以優惠的價格提供學員選購，讓大家以最適當且方便的文房工具開始屬於自己的書寫。'),
(5, 218, '2023-02-02', '「鋼筆」加購服務', '本次課程，老師特別與墨韻雅筆合作，由老師精心挑選適合學員的書寫鋼筆，其中鋼筆的製作更由老師親自指導修改了八次才確定，並以優惠的價格提供學員選購，讓大家以最適當且方便的文房工具開始屬於自己的書寫。'),
(6, 219, '2023-12-07', '「鋼筆」加購服務', '本次課程，老師特別與墨韻雅筆合作，由老師精心挑選適合學員的書寫鋼筆，其中鋼筆的製作更由老師親自指導修改了八次才確定，並以優惠的價格提供學員選購，讓大家以最適當且方便的文房工具開始屬於自己的書寫。'),
(7, 220, '2024-09-21', '「鋼筆」加購服務', '本次課程，老師特別與墨韻雅筆合作，由老師精心挑選適合學員的書寫鋼筆，其中鋼筆的製作更由老師親自指導修改了八次才確定，並以優惠的價格提供學員選購，讓大家以最適當且方便的文房工具開始屬於自己的書寫。'),
(8, 221, '2023-07-26', '「鋼筆」加購服務', '本次課程，老師特別與墨韻雅筆合作，由老師精心挑選適合學員的書寫鋼筆，其中鋼筆的製作更由老師親自指導修改了八次才確定，並以優惠的價格提供學員選購，讓大家以最適當且方便的文房工具開始屬於自己的書寫。'),
(9, 222, '2024-01-10', '「鋼筆」加購服務', '本次課程，老師特別與墨韻雅筆合作，由老師精心挑選適合學員的書寫鋼筆，其中鋼筆的製作更由老師親自指導修改了八次才確定，並以優惠的價格提供學員選購，讓大家以最適當且方便的文房工具開始屬於自己的書寫。'),
(10, 223, '2023-12-05', '「鋼筆」加購服務', '本次課程，老師特別與墨韻雅筆合作，由老師精心挑選適合學員的書寫鋼筆，其中鋼筆的製作更由老師親自指導修改了八次才確定，並以優惠的價格提供學員選購，讓大家以最適當且方便的文房工具開始屬於自己的書寫。'),
(11, 224, '2024-07-17', '「鋼筆」加購服務', '本次課程，老師特別與墨韻雅筆合作，由老師精心挑選適合學員的書寫鋼筆，其中鋼筆的製作更由老師親自指導修改了八次才確定，並以優惠的價格提供學員選購，讓大家以最適當且方便的文房工具開始屬於自己的書寫。'),
(12, 225, '2024-02-15', '「鋼筆」加購服務', '本次課程，老師特別與墨韻雅筆合作，由老師精心挑選適合學員的書寫鋼筆，其中鋼筆的製作更由老師親自指導修改了八次才確定，並以優惠的價格提供學員選購，讓大家以最適當且方便的文房工具開始屬於自己的書寫。'),
(13, 226, '2024-01-15', '「鋼筆」加購服務', '本次課程，老師特別與墨韻雅筆合作，由老師精心挑選適合學員的書寫鋼筆，其中鋼筆的製作更由老師親自指導修改了八次才確定，並以優惠的價格提供學員選購，讓大家以最適當且方便的文房工具開始屬於自己的書寫。'),
(14, 227, '2023-04-13', '「鋼筆」加購服務', '本次課程，老師特別與墨韻雅筆合作，由老師精心挑選適合學員的書寫鋼筆，其中鋼筆的製作更由老師親自指導修改了八次才確定，並以優惠的價格提供學員選購，讓大家以最適當且方便的文房工具開始屬於自己的書寫。'),
(15, 228, '2024-09-21', '「鋼筆」加購服務', '本次課程，老師特別與墨韻雅筆合作，由老師精心挑選適合學員的書寫鋼筆，其中鋼筆的製作更由老師親自指導修改了八次才確定，並以優惠的價格提供學員選購，讓大家以最適當且方便的文房工具開始屬於自己的書寫。'),
(16, 229, '2023-07-13', '「鋼筆」加購服務', '本次課程，老師特別與墨韻雅筆合作，由老師精心挑選適合學員的書寫鋼筆，其中鋼筆的製作更由老師親自指導修改了八次才確定，並以優惠的價格提供學員選購，讓大家以最適當且方便的文房工具開始屬於自己的書寫。'),
(17, 230, '2024-09-03', '「鋼筆」加購服務', '本次課程，老師特別與墨韻雅筆合作，由老師精心挑選適合學員的書寫鋼筆，其中鋼筆的製作更由老師親自指導修改了八次才確定，並以優惠的價格提供學員選購，讓大家以最適當且方便的文房工具開始屬於自己的書寫。'),
(18, 231, '2024-06-08', '「鋼筆」加購服務', '本次課程，老師特別與墨韻雅筆合作，由老師精心挑選適合學員的書寫鋼筆，其中鋼筆的製作更由老師親自指導修改了八次才確定，並以優惠的價格提供學員選購，讓大家以最適當且方便的文房工具開始屬於自己的書寫。'),
(19, 232, '2023-10-26', '「鋼筆」加購服務', '本次課程，老師特別與墨韻雅筆合作，由老師精心挑選適合學員的書寫鋼筆，其中鋼筆的製作更由老師親自指導修改了八次才確定，並以優惠的價格提供學員選購，讓大家以最適當且方便的文房工具開始屬於自己的書寫。'),
(20, 233, '2024-12-18', '「鋼筆」加購服務', '本次課程，老師特別與墨韻雅筆合作，由老師精心挑選適合學員的書寫鋼筆，其中鋼筆的製作更由老師親自指導修改了八次才確定，並以優惠的價格提供學員選購，讓大家以最適當且方便的文房工具開始屬於自己的書寫。'),
(21, 234, '2023-12-24', '「鋼筆」加購服務', '本次課程，老師特別與墨韻雅筆合作，由老師精心挑選適合學員的書寫鋼筆，其中鋼筆的製作更由老師親自指導修改了八次才確定，並以優惠的價格提供學員選購，讓大家以最適當且方便的文房工具開始屬於自己的書寫。'),
(22, 235, '2024-07-13', '「鋼筆」加購服務', '本次課程，老師特別與墨韻雅筆合作，由老師精心挑選適合學員的書寫鋼筆，其中鋼筆的製作更由老師親自指導修改了八次才確定，並以優惠的價格提供學員選購，讓大家以最適當且方便的文房工具開始屬於自己的書寫。'),
(23, 236, '2024-12-24', '「鋼筆」加購服務', '本次課程，老師特別與墨韻雅筆合作，由老師精心挑選適合學員的書寫鋼筆，其中鋼筆的製作更由老師親自指導修改了八次才確定，並以優惠的價格提供學員選購，讓大家以最適當且方便的文房工具開始屬於自己的書寫。'),
(24, 237, '2024-12-24', '「鋼筆」加購服務', '本次課程，老師特別與墨韻雅筆合作，由老師精心挑選適合學員的書寫鋼筆，其中鋼筆的製作更由老師親自指導修改了八次才確定，並以優惠的價格提供學員選購，讓大家以最適當且方便的文房工具開始屬於自己的書寫。'),
(25, 238, '2023-07-24', '「鋼筆」加購服務', '本次課程，老師特別與墨韻雅筆合作，由老師精心挑選適合學員的書寫鋼筆，其中鋼筆的製作更由老師親自指導修改了八次才確定，並以優惠的價格提供學員選購，讓大家以最適當且方便的文房工具開始屬於自己的書寫。'),
(26, 239, '2024-02-20', '「鋼筆」加購服務', '本次課程，老師特別與墨韻雅筆合作，由老師精心挑選適合學員的書寫鋼筆，其中鋼筆的製作更由老師親自指導修改了八次才確定，並以優惠的價格提供學員選購，讓大家以最適當且方便的文房工具開始屬於自己的書寫。'),
(27, 240, '2024-02-23', '「鋼筆」加購服務', '本次課程，老師特別與墨韻雅筆合作，由老師精心挑選適合學員的書寫鋼筆，其中鋼筆的製作更由老師親自指導修改了八次才確定，並以優惠的價格提供學員選購，讓大家以最適當且方便的文房工具開始屬於自己的書寫。'),
(28, 241, '2023-01-08', '「鋼筆」加購服務', '本次課程，老師特別與墨韻雅筆合作，由老師精心挑選適合學員的書寫鋼筆，其中鋼筆的製作更由老師親自指導修改了八次才確定，並以優惠的價格提供學員選購，讓大家以最適當且方便的文房工具開始屬於自己的書寫。'),
(29, 242, '2024-08-19', '「鋼筆」加購服務', '本次課程，老師特別與墨韻雅筆合作，由老師精心挑選適合學員的書寫鋼筆，其中鋼筆的製作更由老師親自指導修改了八次才確定，並以優惠的價格提供學員選購，讓大家以最適當且方便的文房工具開始屬於自己的書寫。'),
(30, 243, '2023-11-12', '「鋼筆」加購服務', '本次課程，老師特別與墨韻雅筆合作，由老師精心挑選適合學員的書寫鋼筆，其中鋼筆的製作更由老師親自指導修改了八次才確定，並以優惠的價格提供學員選購，讓大家以最適當且方便的文房工具開始屬於自己的書寫。'),
(31, 244, '2024-02-02', '「鋼筆」加購服務', '本次課程，老師特別與墨韻雅筆合作，由老師精心挑選適合學員的書寫鋼筆，其中鋼筆的製作更由老師親自指導修改了八次才確定，並以優惠的價格提供學員選購，讓大家以最適當且方便的文房工具開始屬於自己的書寫。'),
(32, 245, '2024-07-23', '「鋼筆」加購服務', '本次課程，老師特別與墨韻雅筆合作，由老師精心挑選適合學員的書寫鋼筆，其中鋼筆的製作更由老師親自指導修改了八次才確定，並以優惠的價格提供學員選購，讓大家以最適當且方便的文房工具開始屬於自己的書寫。'),
(33, 246, '2024-08-03', '「鋼筆」加購服務', '本次課程，老師特別與墨韻雅筆合作，由老師精心挑選適合學員的書寫鋼筆，其中鋼筆的製作更由老師親自指導修改了八次才確定，並以優惠的價格提供學員選購，讓大家以最適當且方便的文房工具開始屬於自己的書寫。'),
(34, 247, '2023-02-23', '「鋼筆」加購服務', '本次課程，老師特別與墨韻雅筆合作，由老師精心挑選適合學員的書寫鋼筆，其中鋼筆的製作更由老師親自指導修改了八次才確定，並以優惠的價格提供學員選購，讓大家以最適當且方便的文房工具開始屬於自己的書寫。'),
(35, 248, '2024-09-06', '「鋼筆」加購服務', '本次課程，老師特別與墨韻雅筆合作，由老師精心挑選適合學員的書寫鋼筆，其中鋼筆的製作更由老師親自指導修改了八次才確定，並以優惠的價格提供學員選購，讓大家以最適當且方便的文房工具開始屬於自己的書寫。'),
(36, 249, '2023-08-07', '「鋼筆」加購服務', '本次課程，老師特別與墨韻雅筆合作，由老師精心挑選適合學員的書寫鋼筆，其中鋼筆的製作更由老師親自指導修改了八次才確定，並以優惠的價格提供學員選購，讓大家以最適當且方便的文房工具開始屬於自己的書寫。'),
(37, 250, '2023-03-04', '「鋼筆」加購服務', '本次課程，老師特別與墨韻雅筆合作，由老師精心挑選適合學員的書寫鋼筆，其中鋼筆的製作更由老師親自指導修改了八次才確定，並以優惠的價格提供學員選購，讓大家以最適當且方便的文房工具開始屬於自己的書寫。'),
(38, 251, '2023-11-07', '「鋼筆」加購服務', '本次課程，老師特別與墨韻雅筆合作，由老師精心挑選適合學員的書寫鋼筆，其中鋼筆的製作更由老師親自指導修改了八次才確定，並以優惠的價格提供學員選購，讓大家以最適當且方便的文房工具開始屬於自己的書寫。'),
(39, 252, '2024-07-06', '「鋼筆」加購服務', '本次課程，老師特別與墨韻雅筆合作，由老師精心挑選適合學員的書寫鋼筆，其中鋼筆的製作更由老師親自指導修改了八次才確定，並以優惠的價格提供學員選購，讓大家以最適當且方便的文房工具開始屬於自己的書寫。'),
(40, 253, '2023-10-10', '「鋼筆」加購服務', '本次課程，老師特別與墨韻雅筆合作，由老師精心挑選適合學員的書寫鋼筆，其中鋼筆的製作更由老師親自指導修改了八次才確定，並以優惠的價格提供學員選購，讓大家以最適當且方便的文房工具開始屬於自己的書寫。'),
(41, 254, '2024-06-17', '「鋼筆」加購服務', '本次課程，老師特別與墨韻雅筆合作，由老師精心挑選適合學員的書寫鋼筆，其中鋼筆的製作更由老師親自指導修改了八次才確定，並以優惠的價格提供學員選購，讓大家以最適當且方便的文房工具開始屬於自己的書寫。'),
(42, 255, '2023-01-06', '「鋼筆」加購服務', '本次課程，老師特別與墨韻雅筆合作，由老師精心挑選適合學員的書寫鋼筆，其中鋼筆的製作更由老師親自指導修改了八次才確定，並以優惠的價格提供學員選購，讓大家以最適當且方便的文房工具開始屬於自己的書寫。'),
(43, 256, '2024-08-19', '「鋼筆」加購服務', '本次課程，老師特別與墨韻雅筆合作，由老師精心挑選適合學員的書寫鋼筆，其中鋼筆的製作更由老師親自指導修改了八次才確定，並以優惠的價格提供學員選購，讓大家以最適當且方便的文房工具開始屬於自己的書寫。'),
(44, 257, '2023-04-23', '「鋼筆」加購服務', '本次課程，老師特別與墨韻雅筆合作，由老師精心挑選適合學員的書寫鋼筆，其中鋼筆的製作更由老師親自指導修改了八次才確定，並以優惠的價格提供學員選購，讓大家以最適當且方便的文房工具開始屬於自己的書寫。'),
(45, 258, '2023-08-14', '「鋼筆」加購服務', '本次課程，老師特別與墨韻雅筆合作，由老師精心挑選適合學員的書寫鋼筆，其中鋼筆的製作更由老師親自指導修改了八次才確定，並以優惠的價格提供學員選購，讓大家以最適當且方便的文房工具開始屬於自己的書寫。'),
(46, 259, '2023-03-26', '「鋼筆」加購服務', '本次課程，老師特別與墨韻雅筆合作，由老師精心挑選適合學員的書寫鋼筆，其中鋼筆的製作更由老師親自指導修改了八次才確定，並以優惠的價格提供學員選購，讓大家以最適當且方便的文房工具開始屬於自己的書寫。'),
(47, 260, '2024-07-07', '「鋼筆」加購服務', '本次課程，老師特別與墨韻雅筆合作，由老師精心挑選適合學員的書寫鋼筆，其中鋼筆的製作更由老師親自指導修改了八次才確定，並以優惠的價格提供學員選購，讓大家以最適當且方便的文房工具開始屬於自己的書寫。'),
(48, 261, '2023-02-06', '「鋼筆」加購服務', '本次課程，老師特別與墨韻雅筆合作，由老師精心挑選適合學員的書寫鋼筆，其中鋼筆的製作更由老師親自指導修改了八次才確定，並以優惠的價格提供學員選購，讓大家以最適當且方便的文房工具開始屬於自己的書寫。'),
(49, 262, '2024-10-12', '「鋼筆」加購服務', '本次課程，老師特別與墨韻雅筆合作，由老師精心挑選適合學員的書寫鋼筆，其中鋼筆的製作更由老師親自指導修改了八次才確定，並以優惠的價格提供學員選購，讓大家以最適當且方便的文房工具開始屬於自己的書寫。'),
(50, 263, '2024-08-21', '「鋼筆」加購服務', '本次課程，老師特別與墨韻雅筆合作，由老師精心挑選適合學員的書寫鋼筆，其中鋼筆的製作更由老師親自指導修改了八次才確定，並以優惠的價格提供學員選購，讓大家以最適當且方便的文房工具開始屬於自己的書寫。'),
(51, 264, '2023-10-22', '「鋼筆」加購服務', '本次課程，老師特別與墨韻雅筆合作，由老師精心挑選適合學員的書寫鋼筆，其中鋼筆的製作更由老師親自指導修改了八次才確定，並以優惠的價格提供學員選購，讓大家以最適當且方便的文房工具開始屬於自己的書寫。'),
(52, 265, '2023-08-14', '「鋼筆」加購服務', '本次課程，老師特別與墨韻雅筆合作，由老師精心挑選適合學員的書寫鋼筆，其中鋼筆的製作更由老師親自指導修改了八次才確定，並以優惠的價格提供學員選購，讓大家以最適當且方便的文房工具開始屬於自己的書寫。'),
(53, 266, '2023-09-24', '「鋼筆」加購服務', '本次課程，老師特別與墨韻雅筆合作，由老師精心挑選適合學員的書寫鋼筆，其中鋼筆的製作更由老師親自指導修改了八次才確定，並以優惠的價格提供學員選購，讓大家以最適當且方便的文房工具開始屬於自己的書寫。'),
(54, 267, '2024-02-22', '「鋼筆」加購服務', '本次課程，老師特別與墨韻雅筆合作，由老師精心挑選適合學員的書寫鋼筆，其中鋼筆的製作更由老師親自指導修改了八次才確定，並以優惠的價格提供學員選購，讓大家以最適當且方便的文房工具開始屬於自己的書寫。'),
(55, 268, '2023-01-07', '「鋼筆」加購服務', '本次課程，老師特別與墨韻雅筆合作，由老師精心挑選適合學員的書寫鋼筆，其中鋼筆的製作更由老師親自指導修改了八次才確定，並以優惠的價格提供學員選購，讓大家以最適當且方便的文房工具開始屬於自己的書寫。'),
(56, 269, '2024-12-11', '「鋼筆」加購服務', '本次課程，老師特別與墨韻雅筆合作，由老師精心挑選適合學員的書寫鋼筆，其中鋼筆的製作更由老師親自指導修改了八次才確定，並以優惠的價格提供學員選購，讓大家以最適當且方便的文房工具開始屬於自己的書寫。'),
(57, 270, '2023-03-19', '「鋼筆」加購服務', '本次課程，老師特別與墨韻雅筆合作，由老師精心挑選適合學員的書寫鋼筆，其中鋼筆的製作更由老師親自指導修改了八次才確定，並以優惠的價格提供學員選購，讓大家以最適當且方便的文房工具開始屬於自己的書寫。'),
(58, 271, '2024-01-06', '「鋼筆」加購服務', '本次課程，老師特別與墨韻雅筆合作，由老師精心挑選適合學員的書寫鋼筆，其中鋼筆的製作更由老師親自指導修改了八次才確定，並以優惠的價格提供學員選購，讓大家以最適當且方便的文房工具開始屬於自己的書寫。'),
(59, 272, '2024-07-13', '「鋼筆」加購服務', '本次課程，老師特別與墨韻雅筆合作，由老師精心挑選適合學員的書寫鋼筆，其中鋼筆的製作更由老師親自指導修改了八次才確定，並以優惠的價格提供學員選購，讓大家以最適當且方便的文房工具開始屬於自己的書寫。'),
(60, 273, '2024-03-06', '「鋼筆」加購服務', '本次課程，老師特別與墨韻雅筆合作，由老師精心挑選適合學員的書寫鋼筆，其中鋼筆的製作更由老師親自指導修改了八次才確定，並以優惠的價格提供學員選購，讓大家以最適當且方便的文房工具開始屬於自己的書寫。'),
(61, 0, '0000-00-00', '', ''),
(62, 0, '0000-00-00', '', ''),
(63, 0, '0000-00-00', '', ''),
(64, 0, '0000-00-00', '', ''),
(65, 0, '0000-00-00', '', ''),
(66, 0, '0000-00-00', '', ''),
(67, 0, '0000-00-00', '', ''),
(68, 0, '0000-00-00', '', ''),
(69, 0, '0000-00-00', '', '');

-- --------------------------------------------------------

--
-- 資料表結構 `course_product`
--

CREATE TABLE `course_product` (
  `product_id` int(11) NOT NULL,
  `category_id` int(11) NOT NULL,
  `teacher_id` int(11) NOT NULL,
  `total_minute` int(11) NOT NULL,
  `rank` int(11) NOT NULL,
  `student_num` int(11) NOT NULL,
  `article` text NOT NULL
) ENGINE=InnoDB DEFAULT CHARSET=utf8mb4 COLLATE=utf8mb4_general_ci;

--
-- 傾印資料表的資料 `course_product`
--

INSERT INTO `course_product` (`product_id`, `category_id`, `teacher_id`, `total_minute`, `rank`, `student_num`, `article`) VALUES
(214, 1, 4, 12, 5, 24, '<h4>你想寫美字嗎？</h4>\n\n<p>寫一手好字或許是大部分人的嚮往，但礙於種種現實因素，常常就此被遺忘。</p>\n\n<p>&nbsp;</p>\n\n<p>但在看到每每在看到他人的一手美字，你總還是止不了心中的蕩漾。</p>\n\n<p>如果你對此心有戚戚焉......</p>\n\n<blockquote>那麼那麼這堂課就是為那個裹足不前的你而開的</blockquote>\n\n<p>&nbsp;</p>\n\n<p>在基礎篇裡頭，我會將我個人的醜字蛻變經歷中，整理出系統的寫字要領，</p>\n\n<p>&nbsp;</p>\n\n<ol>\n        <li>包含基本筆法和結構的小秘訣，讓學習者更容易入門寫好字。<br />\n        <br />\n        本課程的教學示範刻意採用一般文具店就可以買到的「SKB 秘書 0.7中油性原子筆」，<br />\n        避免因為老師、學生所使用工具上的差異而的學習阻礙。</li>\n</ol>\n\n<p><br />\n<strong>&darr;來看看關於我寫字的故事吧。</strong></p>\n\n<p>&nbsp;</p>\n\n<h4>課程教學內容</h4>\n\n<p>&nbsp;</p>\n\n<p><strong>1.美字關鍵概述</strong>---練好字之前有幾個成功心法要跟大家分享，觀念正確了，寫字會是一個很享受的過程。</p>\n\n<p><strong>2.如何尋找適合的書寫工具</strong>---這部分將為大家展示鉛筆、原子筆、鋼筆等各種常用的書寫工具，實際示範使用的技巧，並將各種工具的優缺點提出來給入門者參考。</p>\n\n<p><strong>3.基本筆畫要領</strong>---不要小看基本筆畫，一筆一畫都可能是美字的要素。</p>\n\n<p><strong>4.美字結構密訣秘訣</strong>---讓字可以在短時間提升美感的方法就要靠改變結構，這個單元中會提供你所需要的小撇步。</p>\n\n<p>5.&nbsp;<strong>課程補充</strong>---左撇子執筆與運筆、文字的排列</p>\n\n<p>&nbsp;</p>\n\n<blockquote>硬筆習字的三大法寶</blockquote>\n\n<p>&nbsp;</p>\n\n<p>除了用原子筆做為主要示範的工具外，也會特別分享關於「筆、紙、墊」等三樣重要工具之使用經驗。</p>\n\n<p>&nbsp;</p>\n'),
(215, 1, 5, 21, 1, 15, '<h4>你想寫美字嗎？</h4>\n\n<p>寫一手好字或許是大部分人的嚮往，但礙於種種現實因素，常常就此被遺忘。</p>\n\n<p>&nbsp;</p>\n\n<p>但在看到每每在看到他人的一手美字，你總還是止不了心中的蕩漾。</p>\n\n<p>如果你對此心有戚戚焉......</p>\n\n<blockquote>那麼那麼這堂課就是為那個裹足不前的你而開的</blockquote>\n\n<p>&nbsp;</p>\n\n<p>在基礎篇裡頭，我會將我個人的醜字蛻變經歷中，整理出系統的寫字要領，</p>\n\n<p>&nbsp;</p>\n\n<ol>\n        <li>包含基本筆法和結構的小秘訣，讓學習者更容易入門寫好字。<br />\n        <br />\n        本課程的教學示範刻意採用一般文具店就可以買到的「SKB 秘書 0.7中油性原子筆」，<br />\n        避免因為老師、學生所使用工具上的差異而的學習阻礙。</li>\n</ol>\n\n<p><br />\n<strong>&darr;來看看關於我寫字的故事吧。</strong></p>\n\n<p>&nbsp;</p>\n\n<h4>課程教學內容</h4>\n\n<p>&nbsp;</p>\n\n<p><strong>1.美字關鍵概述</strong>---練好字之前有幾個成功心法要跟大家分享，觀念正確了，寫字會是一個很享受的過程。</p>\n\n<p><strong>2.如何尋找適合的書寫工具</strong>---這部分將為大家展示鉛筆、原子筆、鋼筆等各種常用的書寫工具，實際示範使用的技巧，並將各種工具的優缺點提出來給入門者參考。</p>\n\n<p><strong>3.基本筆畫要領</strong>---不要小看基本筆畫，一筆一畫都可能是美字的要素。</p>\n\n<p><strong>4.美字結構密訣秘訣</strong>---讓字可以在短時間提升美感的方法就要靠改變結構，這個單元中會提供你所需要的小撇步。</p>\n\n<p>5.&nbsp;<strong>課程補充</strong>---左撇子執筆與運筆、文字的排列</p>\n\n<p>&nbsp;</p>\n\n<blockquote>硬筆習字的三大法寶</blockquote>\n\n<p>&nbsp;</p>\n\n<p>除了用原子筆做為主要示範的工具外，也會特別分享關於「筆、紙、墊」等三樣重要工具之使用經驗。</p>\n\n<p>&nbsp;</p>\n'),
(216, 1, 6, 17, 4, 28, '<h4>你想寫美字嗎？</h4>\n\n<p>寫一手好字或許是大部分人的嚮往，但礙於種種現實因素，常常就此被遺忘。</p>\n\n<p>&nbsp;</p>\n\n<p>但在看到每每在看到他人的一手美字，你總還是止不了心中的蕩漾。</p>\n\n<p>如果你對此心有戚戚焉......</p>\n\n<blockquote>那麼那麼這堂課就是為那個裹足不前的你而開的</blockquote>\n\n<p>&nbsp;</p>\n\n<p>在基礎篇裡頭，我會將我個人的醜字蛻變經歷中，整理出系統的寫字要領，</p>\n\n<p>&nbsp;</p>\n\n<ol>\n        <li>包含基本筆法和結構的小秘訣，讓學習者更容易入門寫好字。<br />\n        <br />\n        本課程的教學示範刻意採用一般文具店就可以買到的「SKB 秘書 0.7中油性原子筆」，<br />\n        避免因為老師、學生所使用工具上的差異而的學習阻礙。</li>\n</ol>\n\n<p><br />\n<strong>&darr;來看看關於我寫字的故事吧。</strong></p>\n\n<p>&nbsp;</p>\n\n<h4>課程教學內容</h4>\n\n<p>&nbsp;</p>\n\n<p><strong>1.美字關鍵概述</strong>---練好字之前有幾個成功心法要跟大家分享，觀念正確了，寫字會是一個很享受的過程。</p>\n\n<p><strong>2.如何尋找適合的書寫工具</strong>---這部分將為大家展示鉛筆、原子筆、鋼筆等各種常用的書寫工具，實際示範使用的技巧，並將各種工具的優缺點提出來給入門者參考。</p>\n\n<p><strong>3.基本筆畫要領</strong>---不要小看基本筆畫，一筆一畫都可能是美字的要素。</p>\n\n<p><strong>4.美字結構密訣秘訣</strong>---讓字可以在短時間提升美感的方法就要靠改變結構，這個單元中會提供你所需要的小撇步。</p>\n\n<p>5.&nbsp;<strong>課程補充</strong>---左撇子執筆與運筆、文字的排列</p>\n\n<p>&nbsp;</p>\n\n<blockquote>硬筆習字的三大法寶</blockquote>\n\n<p>&nbsp;</p>\n\n<p>除了用原子筆做為主要示範的工具外，也會特別分享關於「筆、紙、墊」等三樣重要工具之使用經驗。</p>\n\n<p>&nbsp;</p>\n'),
(217, 1, 7, 16, 3, 14, '<h4>你想寫美字嗎？</h4>\n\n<p>寫一手好字或許是大部分人的嚮往，但礙於種種現實因素，常常就此被遺忘。</p>\n\n<p>&nbsp;</p>\n\n<p>但在看到每每在看到他人的一手美字，你總還是止不了心中的蕩漾。</p>\n\n<p>如果你對此心有戚戚焉......</p>\n\n<blockquote>那麼那麼這堂課就是為那個裹足不前的你而開的</blockquote>\n\n<p>&nbsp;</p>\n\n<p>在基礎篇裡頭，我會將我個人的醜字蛻變經歷中，整理出系統的寫字要領，</p>\n\n<p>&nbsp;</p>\n\n<ol>\n        <li>包含基本筆法和結構的小秘訣，讓學習者更容易入門寫好字。<br />\n        <br />\n        本課程的教學示範刻意採用一般文具店就可以買到的「SKB 秘書 0.7中油性原子筆」，<br />\n        避免因為老師、學生所使用工具上的差異而的學習阻礙。</li>\n</ol>\n\n<p><br />\n<strong>&darr;來看看關於我寫字的故事吧。</strong></p>\n\n<p>&nbsp;</p>\n\n<h4>課程教學內容</h4>\n\n<p>&nbsp;</p>\n\n<p><strong>1.美字關鍵概述</strong>---練好字之前有幾個成功心法要跟大家分享，觀念正確了，寫字會是一個很享受的過程。</p>\n\n<p><strong>2.如何尋找適合的書寫工具</strong>---這部分將為大家展示鉛筆、原子筆、鋼筆等各種常用的書寫工具，實際示範使用的技巧，並將各種工具的優缺點提出來給入門者參考。</p>\n\n<p><strong>3.基本筆畫要領</strong>---不要小看基本筆畫，一筆一畫都可能是美字的要素。</p>\n\n<p><strong>4.美字結構密訣秘訣</strong>---讓字可以在短時間提升美感的方法就要靠改變結構，這個單元中會提供你所需要的小撇步。</p>\n\n<p>5.&nbsp;<strong>課程補充</strong>---左撇子執筆與運筆、文字的排列</p>\n\n<p>&nbsp;</p>\n\n<blockquote>硬筆習字的三大法寶</blockquote>\n\n<p>&nbsp;</p>\n\n<p>除了用原子筆做為主要示範的工具外，也會特別分享關於「筆、紙、墊」等三樣重要工具之使用經驗。</p>\n\n<p>&nbsp;</p>\n'),
(218, 1, 8, 7, 4, 12, '<h4>你想寫美字嗎？</h4>\n\n<p>寫一手好字或許是大部分人的嚮往，但礙於種種現實因素，常常就此被遺忘。</p>\n\n<p>&nbsp;</p>\n\n<p>但在看到每每在看到他人的一手美字，你總還是止不了心中的蕩漾。</p>\n\n<p>如果你對此心有戚戚焉......</p>\n\n<blockquote>那麼那麼這堂課就是為那個裹足不前的你而開的</blockquote>\n\n<p>&nbsp;</p>\n\n<p>在基礎篇裡頭，我會將我個人的醜字蛻變經歷中，整理出系統的寫字要領，</p>\n\n<p>&nbsp;</p>\n\n<ol>\n        <li>包含基本筆法和結構的小秘訣，讓學習者更容易入門寫好字。<br />\n        <br />\n        本課程的教學示範刻意採用一般文具店就可以買到的「SKB 秘書 0.7中油性原子筆」，<br />\n        避免因為老師、學生所使用工具上的差異而的學習阻礙。</li>\n</ol>\n\n<p><br />\n<strong>&darr;來看看關於我寫字的故事吧。</strong></p>\n\n<p>&nbsp;</p>\n\n<h4>課程教學內容</h4>\n\n<p>&nbsp;</p>\n\n<p><strong>1.美字關鍵概述</strong>---練好字之前有幾個成功心法要跟大家分享，觀念正確了，寫字會是一個很享受的過程。</p>\n\n<p><strong>2.如何尋找適合的書寫工具</strong>---這部分將為大家展示鉛筆、原子筆、鋼筆等各種常用的書寫工具，實際示範使用的技巧，並將各種工具的優缺點提出來給入門者參考。</p>\n\n<p><strong>3.基本筆畫要領</strong>---不要小看基本筆畫，一筆一畫都可能是美字的要素。</p>\n\n<p><strong>4.美字結構密訣秘訣</strong>---讓字可以在短時間提升美感的方法就要靠改變結構，這個單元中會提供你所需要的小撇步。</p>\n\n<p>5.&nbsp;<strong>課程補充</strong>---左撇子執筆與運筆、文字的排列</p>\n\n<p>&nbsp;</p>\n\n<blockquote>硬筆習字的三大法寶</blockquote>\n\n<p>&nbsp;</p>\n\n<p>除了用原子筆做為主要示範的工具外，也會特別分享關於「筆、紙、墊」等三樣重要工具之使用經驗。</p>\n\n<p>&nbsp;</p>\n'),
(219, 1, 9, 13, 4, 11, '<h4>你想寫美字嗎？</h4>\n\n<p>寫一手好字或許是大部分人的嚮往，但礙於種種現實因素，常常就此被遺忘。</p>\n\n<p>&nbsp;</p>\n\n<p>但在看到每每在看到他人的一手美字，你總還是止不了心中的蕩漾。</p>\n\n<p>如果你對此心有戚戚焉......</p>\n\n<blockquote>那麼那麼這堂課就是為那個裹足不前的你而開的</blockquote>\n\n<p>&nbsp;</p>\n\n<p>在基礎篇裡頭，我會將我個人的醜字蛻變經歷中，整理出系統的寫字要領，</p>\n\n<p>&nbsp;</p>\n\n<ol>\n        <li>包含基本筆法和結構的小秘訣，讓學習者更容易入門寫好字。<br />\n        <br />\n        本課程的教學示範刻意採用一般文具店就可以買到的「SKB 秘書 0.7中油性原子筆」，<br />\n        避免因為老師、學生所使用工具上的差異而的學習阻礙。</li>\n</ol>\n\n<p><br />\n<strong>&darr;來看看關於我寫字的故事吧。</strong></p>\n\n<p>&nbsp;</p>\n\n<h4>課程教學內容</h4>\n\n<p>&nbsp;</p>\n\n<p><strong>1.美字關鍵概述</strong>---練好字之前有幾個成功心法要跟大家分享，觀念正確了，寫字會是一個很享受的過程。</p>\n\n<p><strong>2.如何尋找適合的書寫工具</strong>---這部分將為大家展示鉛筆、原子筆、鋼筆等各種常用的書寫工具，實際示範使用的技巧，並將各種工具的優缺點提出來給入門者參考。</p>\n\n<p><strong>3.基本筆畫要領</strong>---不要小看基本筆畫，一筆一畫都可能是美字的要素。</p>\n\n<p><strong>4.美字結構密訣秘訣</strong>---讓字可以在短時間提升美感的方法就要靠改變結構，這個單元中會提供你所需要的小撇步。</p>\n\n<p>5.&nbsp;<strong>課程補充</strong>---左撇子執筆與運筆、文字的排列</p>\n\n<p>&nbsp;</p>\n\n<blockquote>硬筆習字的三大法寶</blockquote>\n\n<p>&nbsp;</p>\n\n<p>除了用原子筆做為主要示範的工具外，也會特別分享關於「筆、紙、墊」等三樣重要工具之使用經驗。</p>\n\n<p>&nbsp;</p>\n'),
(220, 1, 10, 25, 3, 17, '<h4>你想寫美字嗎？</h4>\n\n<p>寫一手好字或許是大部分人的嚮往，但礙於種種現實因素，常常就此被遺忘。</p>\n\n<p>&nbsp;</p>\n\n<p>但在看到每每在看到他人的一手美字，你總還是止不了心中的蕩漾。</p>\n\n<p>如果你對此心有戚戚焉......</p>\n\n<blockquote>那麼那麼這堂課就是為那個裹足不前的你而開的</blockquote>\n\n<p>&nbsp;</p>\n\n<p>在基礎篇裡頭，我會將我個人的醜字蛻變經歷中，整理出系統的寫字要領，</p>\n\n<p>&nbsp;</p>\n\n<ol>\n        <li>包含基本筆法和結構的小秘訣，讓學習者更容易入門寫好字。<br />\n        <br />\n        本課程的教學示範刻意採用一般文具店就可以買到的「SKB 秘書 0.7中油性原子筆」，<br />\n        避免因為老師、學生所使用工具上的差異而的學習阻礙。</li>\n</ol>\n\n<p><br />\n<strong>&darr;來看看關於我寫字的故事吧。</strong></p>\n\n<p>&nbsp;</p>\n\n<h4>課程教學內容</h4>\n\n<p>&nbsp;</p>\n\n<p><strong>1.美字關鍵概述</strong>---練好字之前有幾個成功心法要跟大家分享，觀念正確了，寫字會是一個很享受的過程。</p>\n\n<p><strong>2.如何尋找適合的書寫工具</strong>---這部分將為大家展示鉛筆、原子筆、鋼筆等各種常用的書寫工具，實際示範使用的技巧，並將各種工具的優缺點提出來給入門者參考。</p>\n\n<p><strong>3.基本筆畫要領</strong>---不要小看基本筆畫，一筆一畫都可能是美字的要素。</p>\n\n<p><strong>4.美字結構密訣秘訣</strong>---讓字可以在短時間提升美感的方法就要靠改變結構，這個單元中會提供你所需要的小撇步。</p>\n\n<p>5.&nbsp;<strong>課程補充</strong>---左撇子執筆與運筆、文字的排列</p>\n\n<p>&nbsp;</p>\n\n<blockquote>硬筆習字的三大法寶</blockquote>\n\n<p>&nbsp;</p>\n\n<p>除了用原子筆做為主要示範的工具外，也會特別分享關於「筆、紙、墊」等三樣重要工具之使用經驗。</p>\n\n<p>&nbsp;</p>\n'),
(221, 1, 11, 12, 4, 15, '<h4>你想寫美字嗎？</h4>\n\n<p>寫一手好字或許是大部分人的嚮往，但礙於種種現實因素，常常就此被遺忘。</p>\n\n<p>&nbsp;</p>\n\n<p>但在看到每每在看到他人的一手美字，你總還是止不了心中的蕩漾。</p>\n\n<p>如果你對此心有戚戚焉......</p>\n\n<blockquote>那麼那麼這堂課就是為那個裹足不前的你而開的</blockquote>\n\n<p>&nbsp;</p>\n\n<p>在基礎篇裡頭，我會將我個人的醜字蛻變經歷中，整理出系統的寫字要領，</p>\n\n<p>&nbsp;</p>\n\n<ol>\n        <li>包含基本筆法和結構的小秘訣，讓學習者更容易入門寫好字。<br />\n        <br />\n        本課程的教學示範刻意採用一般文具店就可以買到的「SKB 秘書 0.7中油性原子筆」，<br />\n        避免因為老師、學生所使用工具上的差異而的學習阻礙。</li>\n</ol>\n\n<p><br />\n<strong>&darr;來看看關於我寫字的故事吧。</strong></p>\n\n<p>&nbsp;</p>\n\n<h4>課程教學內容</h4>\n\n<p>&nbsp;</p>\n\n<p><strong>1.美字關鍵概述</strong>---練好字之前有幾個成功心法要跟大家分享，觀念正確了，寫字會是一個很享受的過程。</p>\n\n<p><strong>2.如何尋找適合的書寫工具</strong>---這部分將為大家展示鉛筆、原子筆、鋼筆等各種常用的書寫工具，實際示範使用的技巧，並將各種工具的優缺點提出來給入門者參考。</p>\n\n<p><strong>3.基本筆畫要領</strong>---不要小看基本筆畫，一筆一畫都可能是美字的要素。</p>\n\n<p><strong>4.美字結構密訣秘訣</strong>---讓字可以在短時間提升美感的方法就要靠改變結構，這個單元中會提供你所需要的小撇步。</p>\n\n<p>5.&nbsp;<strong>課程補充</strong>---左撇子執筆與運筆、文字的排列</p>\n\n<p>&nbsp;</p>\n\n<blockquote>硬筆習字的三大法寶</blockquote>\n\n<p>&nbsp;</p>\n\n<p>除了用原子筆做為主要示範的工具外，也會特別分享關於「筆、紙、墊」等三樣重要工具之使用經驗。</p>\n\n<p>&nbsp;</p>\n'),
(222, 1, 12, 8, 4, 17, '<h4>你想寫美字嗎？</h4>\n\n<p>寫一手好字或許是大部分人的嚮往，但礙於種種現實因素，常常就此被遺忘。</p>\n\n<p>&nbsp;</p>\n\n<p>但在看到每每在看到他人的一手美字，你總還是止不了心中的蕩漾。</p>\n\n<p>如果你對此心有戚戚焉......</p>\n\n<blockquote>那麼那麼這堂課就是為那個裹足不前的你而開的</blockquote>\n\n<p>&nbsp;</p>\n\n<p>在基礎篇裡頭，我會將我個人的醜字蛻變經歷中，整理出系統的寫字要領，</p>\n\n<p>&nbsp;</p>\n\n<ol>\n        <li>包含基本筆法和結構的小秘訣，讓學習者更容易入門寫好字。<br />\n        <br />\n        本課程的教學示範刻意採用一般文具店就可以買到的「SKB 秘書 0.7中油性原子筆」，<br />\n        避免因為老師、學生所使用工具上的差異而的學習阻礙。</li>\n</ol>\n\n<p><br />\n<strong>&darr;來看看關於我寫字的故事吧。</strong></p>\n\n<p>&nbsp;</p>\n\n<h4>課程教學內容</h4>\n\n<p>&nbsp;</p>\n\n<p><strong>1.美字關鍵概述</strong>---練好字之前有幾個成功心法要跟大家分享，觀念正確了，寫字會是一個很享受的過程。</p>\n\n<p><strong>2.如何尋找適合的書寫工具</strong>---這部分將為大家展示鉛筆、原子筆、鋼筆等各種常用的書寫工具，實際示範使用的技巧，並將各種工具的優缺點提出來給入門者參考。</p>\n\n<p><strong>3.基本筆畫要領</strong>---不要小看基本筆畫，一筆一畫都可能是美字的要素。</p>\n\n<p><strong>4.美字結構密訣秘訣</strong>---讓字可以在短時間提升美感的方法就要靠改變結構，這個單元中會提供你所需要的小撇步。</p>\n\n<p>5.&nbsp;<strong>課程補充</strong>---左撇子執筆與運筆、文字的排列</p>\n\n<p>&nbsp;</p>\n\n<blockquote>硬筆習字的三大法寶</blockquote>\n\n<p>&nbsp;</p>\n\n<p>除了用原子筆做為主要示範的工具外，也會特別分享關於「筆、紙、墊」等三樣重要工具之使用經驗。</p>\n\n<p>&nbsp;</p>\n'),
(223, 1, 13, 6, 2, 15, '<h4>你想寫美字嗎？</h4>\n\n<p>寫一手好字或許是大部分人的嚮往，但礙於種種現實因素，常常就此被遺忘。</p>\n\n<p>&nbsp;</p>\n\n<p>但在看到每每在看到他人的一手美字，你總還是止不了心中的蕩漾。</p>\n\n<p>如果你對此心有戚戚焉......</p>\n\n<blockquote>那麼那麼這堂課就是為那個裹足不前的你而開的</blockquote>\n\n<p>&nbsp;</p>\n\n<p>在基礎篇裡頭，我會將我個人的醜字蛻變經歷中，整理出系統的寫字要領，</p>\n\n<p>&nbsp;</p>\n\n<ol>\n        <li>包含基本筆法和結構的小秘訣，讓學習者更容易入門寫好字。<br />\n        <br />\n        本課程的教學示範刻意採用一般文具店就可以買到的「SKB 秘書 0.7中油性原子筆」，<br />\n        避免因為老師、學生所使用工具上的差異而的學習阻礙。</li>\n</ol>\n\n<p><br />\n<strong>&darr;來看看關於我寫字的故事吧。</strong></p>\n\n<p>&nbsp;</p>\n\n<h4>課程教學內容</h4>\n\n<p>&nbsp;</p>\n\n<p><strong>1.美字關鍵概述</strong>---練好字之前有幾個成功心法要跟大家分享，觀念正確了，寫字會是一個很享受的過程。</p>\n\n<p><strong>2.如何尋找適合的書寫工具</strong>---這部分將為大家展示鉛筆、原子筆、鋼筆等各種常用的書寫工具，實際示範使用的技巧，並將各種工具的優缺點提出來給入門者參考。</p>\n\n<p><strong>3.基本筆畫要領</strong>---不要小看基本筆畫，一筆一畫都可能是美字的要素。</p>\n\n<p><strong>4.美字結構密訣秘訣</strong>---讓字可以在短時間提升美感的方法就要靠改變結構，這個單元中會提供你所需要的小撇步。</p>\n\n<p>5.&nbsp;<strong>課程補充</strong>---左撇子執筆與運筆、文字的排列</p>\n\n<p>&nbsp;</p>\n\n<blockquote>硬筆習字的三大法寶</blockquote>\n\n<p>&nbsp;</p>\n\n<p>除了用原子筆做為主要示範的工具外，也會特別分享關於「筆、紙、墊」等三樣重要工具之使用經驗。</p>\n\n<p>&nbsp;</p>\n'),
(224, 1, 14, 13, 4, 18, '<h4>你想寫美字嗎？</h4>\n\n<p>寫一手好字或許是大部分人的嚮往，但礙於種種現實因素，常常就此被遺忘。</p>\n\n<p>&nbsp;</p>\n\n<p>但在看到每每在看到他人的一手美字，你總還是止不了心中的蕩漾。</p>\n\n<p>如果你對此心有戚戚焉......</p>\n\n<blockquote>那麼那麼這堂課就是為那個裹足不前的你而開的</blockquote>\n\n<p>&nbsp;</p>\n\n<p>在基礎篇裡頭，我會將我個人的醜字蛻變經歷中，整理出系統的寫字要領，</p>\n\n<p>&nbsp;</p>\n\n<ol>\n        <li>包含基本筆法和結構的小秘訣，讓學習者更容易入門寫好字。<br />\n        <br />\n        本課程的教學示範刻意採用一般文具店就可以買到的「SKB 秘書 0.7中油性原子筆」，<br />\n        避免因為老師、學生所使用工具上的差異而的學習阻礙。</li>\n</ol>\n\n<p><br />\n<strong>&darr;來看看關於我寫字的故事吧。</strong></p>\n\n<p>&nbsp;</p>\n\n<h4>課程教學內容</h4>\n\n<p>&nbsp;</p>\n\n<p><strong>1.美字關鍵概述</strong>---練好字之前有幾個成功心法要跟大家分享，觀念正確了，寫字會是一個很享受的過程。</p>\n\n<p><strong>2.如何尋找適合的書寫工具</strong>---這部分將為大家展示鉛筆、原子筆、鋼筆等各種常用的書寫工具，實際示範使用的技巧，並將各種工具的優缺點提出來給入門者參考。</p>\n\n<p><strong>3.基本筆畫要領</strong>---不要小看基本筆畫，一筆一畫都可能是美字的要素。</p>\n\n<p><strong>4.美字結構密訣秘訣</strong>---讓字可以在短時間提升美感的方法就要靠改變結構，這個單元中會提供你所需要的小撇步。</p>\n\n<p>5.&nbsp;<strong>課程補充</strong>---左撇子執筆與運筆、文字的排列</p>\n\n<p>&nbsp;</p>\n\n<blockquote>硬筆習字的三大法寶</blockquote>\n\n<p>&nbsp;</p>\n\n<p>除了用原子筆做為主要示範的工具外，也會特別分享關於「筆、紙、墊」等三樣重要工具之使用經驗。</p>\n\n<p>&nbsp;</p>\n'),
(225, 1, 15, 17, 2, 12, '<h4>你想寫美字嗎？</h4>\n\n<p>寫一手好字或許是大部分人的嚮往，但礙於種種現實因素，常常就此被遺忘。</p>\n\n<p>&nbsp;</p>\n\n<p>但在看到每每在看到他人的一手美字，你總還是止不了心中的蕩漾。</p>\n\n<p>如果你對此心有戚戚焉......</p>\n\n<blockquote>那麼那麼這堂課就是為那個裹足不前的你而開的</blockquote>\n\n<p>&nbsp;</p>\n\n<p>在基礎篇裡頭，我會將我個人的醜字蛻變經歷中，整理出系統的寫字要領，</p>\n\n<p>&nbsp;</p>\n\n<ol>\n        <li>包含基本筆法和結構的小秘訣，讓學習者更容易入門寫好字。<br />\n        <br />\n        本課程的教學示範刻意採用一般文具店就可以買到的「SKB 秘書 0.7中油性原子筆」，<br />\n        避免因為老師、學生所使用工具上的差異而的學習阻礙。</li>\n</ol>\n\n<p><br />\n<strong>&darr;來看看關於我寫字的故事吧。</strong></p>\n\n<p>&nbsp;</p>\n\n<h4>課程教學內容</h4>\n\n<p>&nbsp;</p>\n\n<p><strong>1.美字關鍵概述</strong>---練好字之前有幾個成功心法要跟大家分享，觀念正確了，寫字會是一個很享受的過程。</p>\n\n<p><strong>2.如何尋找適合的書寫工具</strong>---這部分將為大家展示鉛筆、原子筆、鋼筆等各種常用的書寫工具，實際示範使用的技巧，並將各種工具的優缺點提出來給入門者參考。</p>\n\n<p><strong>3.基本筆畫要領</strong>---不要小看基本筆畫，一筆一畫都可能是美字的要素。</p>\n\n<p><strong>4.美字結構密訣秘訣</strong>---讓字可以在短時間提升美感的方法就要靠改變結構，這個單元中會提供你所需要的小撇步。</p>\n\n<p>5.&nbsp;<strong>課程補充</strong>---左撇子執筆與運筆、文字的排列</p>\n\n<p>&nbsp;</p>\n\n<blockquote>硬筆習字的三大法寶</blockquote>\n\n<p>&nbsp;</p>\n\n<p>除了用原子筆做為主要示範的工具外，也會特別分享關於「筆、紙、墊」等三樣重要工具之使用經驗。</p>\n\n<p>&nbsp;</p>\n'),
(226, 1, 16, 8, 2, 29, '<h4>你想寫美字嗎？</h4>\n\n<p>寫一手好字或許是大部分人的嚮往，但礙於種種現實因素，常常就此被遺忘。</p>\n\n<p>&nbsp;</p>\n\n<p>但在看到每每在看到他人的一手美字，你總還是止不了心中的蕩漾。</p>\n\n<p>如果你對此心有戚戚焉......</p>\n\n<blockquote>那麼那麼這堂課就是為那個裹足不前的你而開的</blockquote>\n\n<p>&nbsp;</p>\n\n<p>在基礎篇裡頭，我會將我個人的醜字蛻變經歷中，整理出系統的寫字要領，</p>\n\n<p>&nbsp;</p>\n\n<ol>\n        <li>包含基本筆法和結構的小秘訣，讓學習者更容易入門寫好字。<br />\n        <br />\n        本課程的教學示範刻意採用一般文具店就可以買到的「SKB 秘書 0.7中油性原子筆」，<br />\n        避免因為老師、學生所使用工具上的差異而的學習阻礙。</li>\n</ol>\n\n<p><br />\n<strong>&darr;來看看關於我寫字的故事吧。</strong></p>\n\n<p>&nbsp;</p>\n\n<h4>課程教學內容</h4>\n\n<p>&nbsp;</p>\n\n<p><strong>1.美字關鍵概述</strong>---練好字之前有幾個成功心法要跟大家分享，觀念正確了，寫字會是一個很享受的過程。</p>\n\n<p><strong>2.如何尋找適合的書寫工具</strong>---這部分將為大家展示鉛筆、原子筆、鋼筆等各種常用的書寫工具，實際示範使用的技巧，並將各種工具的優缺點提出來給入門者參考。</p>\n\n<p><strong>3.基本筆畫要領</strong>---不要小看基本筆畫，一筆一畫都可能是美字的要素。</p>\n\n<p><strong>4.美字結構密訣秘訣</strong>---讓字可以在短時間提升美感的方法就要靠改變結構，這個單元中會提供你所需要的小撇步。</p>\n\n<p>5.&nbsp;<strong>課程補充</strong>---左撇子執筆與運筆、文字的排列</p>\n\n<p>&nbsp;</p>\n\n<blockquote>硬筆習字的三大法寶</blockquote>\n\n<p>&nbsp;</p>\n\n<p>除了用原子筆做為主要示範的工具外，也會特別分享關於「筆、紙、墊」等三樣重要工具之使用經驗。</p>\n\n<p>&nbsp;</p>\n'),
(227, 1, 17, 11, 4, 27, '<h4>你想寫美字嗎？</h4>\n\n<p>寫一手好字或許是大部分人的嚮往，但礙於種種現實因素，常常就此被遺忘。</p>\n\n<p>&nbsp;</p>\n\n<p>但在看到每每在看到他人的一手美字，你總還是止不了心中的蕩漾。</p>\n\n<p>如果你對此心有戚戚焉......</p>\n\n<blockquote>那麼那麼這堂課就是為那個裹足不前的你而開的</blockquote>\n\n<p>&nbsp;</p>\n\n<p>在基礎篇裡頭，我會將我個人的醜字蛻變經歷中，整理出系統的寫字要領，</p>\n\n<p>&nbsp;</p>\n\n<ol>\n        <li>包含基本筆法和結構的小秘訣，讓學習者更容易入門寫好字。<br />\n        <br />\n        本課程的教學示範刻意採用一般文具店就可以買到的「SKB 秘書 0.7中油性原子筆」，<br />\n        避免因為老師、學生所使用工具上的差異而的學習阻礙。</li>\n</ol>\n\n<p><br />\n<strong>&darr;來看看關於我寫字的故事吧。</strong></p>\n\n<p>&nbsp;</p>\n\n<h4>課程教學內容</h4>\n\n<p>&nbsp;</p>\n\n<p><strong>1.美字關鍵概述</strong>---練好字之前有幾個成功心法要跟大家分享，觀念正確了，寫字會是一個很享受的過程。</p>\n\n<p><strong>2.如何尋找適合的書寫工具</strong>---這部分將為大家展示鉛筆、原子筆、鋼筆等各種常用的書寫工具，實際示範使用的技巧，並將各種工具的優缺點提出來給入門者參考。</p>\n\n<p><strong>3.基本筆畫要領</strong>---不要小看基本筆畫，一筆一畫都可能是美字的要素。</p>\n\n<p><strong>4.美字結構密訣秘訣</strong>---讓字可以在短時間提升美感的方法就要靠改變結構，這個單元中會提供你所需要的小撇步。</p>\n\n<p>5.&nbsp;<strong>課程補充</strong>---左撇子執筆與運筆、文字的排列</p>\n\n<p>&nbsp;</p>\n\n<blockquote>硬筆習字的三大法寶</blockquote>\n\n<p>&nbsp;</p>\n\n<p>除了用原子筆做為主要示範的工具外，也會特別分享關於「筆、紙、墊」等三樣重要工具之使用經驗。</p>\n\n<p>&nbsp;</p>\n'),
(228, 1, 18, 16, 4, 10, '<h4>你想寫美字嗎？</h4>\n\n<p>寫一手好字或許是大部分人的嚮往，但礙於種種現實因素，常常就此被遺忘。</p>\n\n<p>&nbsp;</p>\n\n<p>但在看到每每在看到他人的一手美字，你總還是止不了心中的蕩漾。</p>\n\n<p>如果你對此心有戚戚焉......</p>\n\n<blockquote>那麼那麼這堂課就是為那個裹足不前的你而開的</blockquote>\n\n<p>&nbsp;</p>\n\n<p>在基礎篇裡頭，我會將我個人的醜字蛻變經歷中，整理出系統的寫字要領，</p>\n\n<p>&nbsp;</p>\n\n<ol>\n        <li>包含基本筆法和結構的小秘訣，讓學習者更容易入門寫好字。<br />\n        <br />\n        本課程的教學示範刻意採用一般文具店就可以買到的「SKB 秘書 0.7中油性原子筆」，<br />\n        避免因為老師、學生所使用工具上的差異而的學習阻礙。</li>\n</ol>\n\n<p><br />\n<strong>&darr;來看看關於我寫字的故事吧。</strong></p>\n\n<p>&nbsp;</p>\n\n<h4>課程教學內容</h4>\n\n<p>&nbsp;</p>\n\n<p><strong>1.美字關鍵概述</strong>---練好字之前有幾個成功心法要跟大家分享，觀念正確了，寫字會是一個很享受的過程。</p>\n\n<p><strong>2.如何尋找適合的書寫工具</strong>---這部分將為大家展示鉛筆、原子筆、鋼筆等各種常用的書寫工具，實際示範使用的技巧，並將各種工具的優缺點提出來給入門者參考。</p>\n\n<p><strong>3.基本筆畫要領</strong>---不要小看基本筆畫，一筆一畫都可能是美字的要素。</p>\n\n<p><strong>4.美字結構密訣秘訣</strong>---讓字可以在短時間提升美感的方法就要靠改變結構，這個單元中會提供你所需要的小撇步。</p>\n\n<p>5.&nbsp;<strong>課程補充</strong>---左撇子執筆與運筆、文字的排列</p>\n\n<p>&nbsp;</p>\n\n<blockquote>硬筆習字的三大法寶</blockquote>\n\n<p>&nbsp;</p>\n\n<p>除了用原子筆做為主要示範的工具外，也會特別分享關於「筆、紙、墊」等三樣重要工具之使用經驗。</p>\n\n<p>&nbsp;</p>\n'),
(229, 2, 19, 17, 3, 14, '<h4>你想寫美字嗎？</h4>\n\n<p>寫一手好字或許是大部分人的嚮往，但礙於種種現實因素，常常就此被遺忘。</p>\n\n<p>&nbsp;</p>\n\n<p>但在看到每每在看到他人的一手美字，你總還是止不了心中的蕩漾。</p>\n\n<p>如果你對此心有戚戚焉......</p>\n\n<blockquote>那麼那麼這堂課就是為那個裹足不前的你而開的</blockquote>\n\n<p>&nbsp;</p>\n\n<p>在基礎篇裡頭，我會將我個人的醜字蛻變經歷中，整理出系統的寫字要領，</p>\n\n<p>&nbsp;</p>\n\n<ol>\n        <li>包含基本筆法和結構的小秘訣，讓學習者更容易入門寫好字。<br />\n        <br />\n        本課程的教學示範刻意採用一般文具店就可以買到的「SKB 秘書 0.7中油性原子筆」，<br />\n        避免因為老師、學生所使用工具上的差異而的學習阻礙。</li>\n</ol>\n\n<p><br />\n<strong>&darr;來看看關於我寫字的故事吧。</strong></p>\n\n<p>&nbsp;</p>\n\n<h4>課程教學內容</h4>\n\n<p>&nbsp;</p>\n\n<p><strong>1.美字關鍵概述</strong>---練好字之前有幾個成功心法要跟大家分享，觀念正確了，寫字會是一個很享受的過程。</p>\n\n<p><strong>2.如何尋找適合的書寫工具</strong>---這部分將為大家展示鉛筆、原子筆、鋼筆等各種常用的書寫工具，實際示範使用的技巧，並將各種工具的優缺點提出來給入門者參考。</p>\n\n<p><strong>3.基本筆畫要領</strong>---不要小看基本筆畫，一筆一畫都可能是美字的要素。</p>\n\n<p><strong>4.美字結構密訣秘訣</strong>---讓字可以在短時間提升美感的方法就要靠改變結構，這個單元中會提供你所需要的小撇步。</p>\n\n<p>5.&nbsp;<strong>課程補充</strong>---左撇子執筆與運筆、文字的排列</p>\n\n<p>&nbsp;</p>\n\n<blockquote>硬筆習字的三大法寶</blockquote>\n\n<p>&nbsp;</p>\n\n<p>除了用原子筆做為主要示範的工具外，也會特別分享關於「筆、紙、墊」等三樣重要工具之使用經驗。</p>\n\n<p>&nbsp;</p>\n'),
(230, 2, 20, 8, 4, 17, '<h4>你想寫美字嗎？</h4>\n\n<p>寫一手好字或許是大部分人的嚮往，但礙於種種現實因素，常常就此被遺忘。</p>\n\n<p>&nbsp;</p>\n\n<p>但在看到每每在看到他人的一手美字，你總還是止不了心中的蕩漾。</p>\n\n<p>如果你對此心有戚戚焉......</p>\n\n<blockquote>那麼那麼這堂課就是為那個裹足不前的你而開的</blockquote>\n\n<p>&nbsp;</p>\n\n<p>在基礎篇裡頭，我會將我個人的醜字蛻變經歷中，整理出系統的寫字要領，</p>\n\n<p>&nbsp;</p>\n\n<ol>\n        <li>包含基本筆法和結構的小秘訣，讓學習者更容易入門寫好字。<br />\n        <br />\n        本課程的教學示範刻意採用一般文具店就可以買到的「SKB 秘書 0.7中油性原子筆」，<br />\n        避免因為老師、學生所使用工具上的差異而的學習阻礙。</li>\n</ol>\n\n<p><br />\n<strong>&darr;來看看關於我寫字的故事吧。</strong></p>\n\n<p>&nbsp;</p>\n\n<h4>課程教學內容</h4>\n\n<p>&nbsp;</p>\n\n<p><strong>1.美字關鍵概述</strong>---練好字之前有幾個成功心法要跟大家分享，觀念正確了，寫字會是一個很享受的過程。</p>\n\n<p><strong>2.如何尋找適合的書寫工具</strong>---這部分將為大家展示鉛筆、原子筆、鋼筆等各種常用的書寫工具，實際示範使用的技巧，並將各種工具的優缺點提出來給入門者參考。</p>\n\n<p><strong>3.基本筆畫要領</strong>---不要小看基本筆畫，一筆一畫都可能是美字的要素。</p>\n\n<p><strong>4.美字結構密訣秘訣</strong>---讓字可以在短時間提升美感的方法就要靠改變結構，這個單元中會提供你所需要的小撇步。</p>\n\n<p>5.&nbsp;<strong>課程補充</strong>---左撇子執筆與運筆、文字的排列</p>\n\n<p>&nbsp;</p>\n\n<blockquote>硬筆習字的三大法寶</blockquote>\n\n<p>&nbsp;</p>\n\n<p>除了用原子筆做為主要示範的工具外，也會特別分享關於「筆、紙、墊」等三樣重要工具之使用經驗。</p>\n\n<p>&nbsp;</p>\n'),
(231, 2, 21, 21, 5, 14, '<h4>你想寫美字嗎？</h4>\n\n<p>寫一手好字或許是大部分人的嚮往，但礙於種種現實因素，常常就此被遺忘。</p>\n\n<p>&nbsp;</p>\n\n<p>但在看到每每在看到他人的一手美字，你總還是止不了心中的蕩漾。</p>\n\n<p>如果你對此心有戚戚焉......</p>\n\n<blockquote>那麼那麼這堂課就是為那個裹足不前的你而開的</blockquote>\n\n<p>&nbsp;</p>\n\n<p>在基礎篇裡頭，我會將我個人的醜字蛻變經歷中，整理出系統的寫字要領，</p>\n\n<p>&nbsp;</p>\n\n<ol>\n        <li>包含基本筆法和結構的小秘訣，讓學習者更容易入門寫好字。<br />\n        <br />\n        本課程的教學示範刻意採用一般文具店就可以買到的「SKB 秘書 0.7中油性原子筆」，<br />\n        避免因為老師、學生所使用工具上的差異而的學習阻礙。</li>\n</ol>\n\n<p><br />\n<strong>&darr;來看看關於我寫字的故事吧。</strong></p>\n\n<p>&nbsp;</p>\n\n<h4>課程教學內容</h4>\n\n<p>&nbsp;</p>\n\n<p><strong>1.美字關鍵概述</strong>---練好字之前有幾個成功心法要跟大家分享，觀念正確了，寫字會是一個很享受的過程。</p>\n\n<p><strong>2.如何尋找適合的書寫工具</strong>---這部分將為大家展示鉛筆、原子筆、鋼筆等各種常用的書寫工具，實際示範使用的技巧，並將各種工具的優缺點提出來給入門者參考。</p>\n\n<p><strong>3.基本筆畫要領</strong>---不要小看基本筆畫，一筆一畫都可能是美字的要素。</p>\n\n<p><strong>4.美字結構密訣秘訣</strong>---讓字可以在短時間提升美感的方法就要靠改變結構，這個單元中會提供你所需要的小撇步。</p>\n\n<p>5.&nbsp;<strong>課程補充</strong>---左撇子執筆與運筆、文字的排列</p>\n\n<p>&nbsp;</p>\n\n<blockquote>硬筆習字的三大法寶</blockquote>\n\n<p>&nbsp;</p>\n\n<p>除了用原子筆做為主要示範的工具外，也會特別分享關於「筆、紙、墊」等三樣重要工具之使用經驗。</p>\n\n<p>&nbsp;</p>\n'),
(232, 2, 22, 23, 5, 29, '<h4>你想寫美字嗎？</h4>\n\n<p>寫一手好字或許是大部分人的嚮往，但礙於種種現實因素，常常就此被遺忘。</p>\n\n<p>&nbsp;</p>\n\n<p>但在看到每每在看到他人的一手美字，你總還是止不了心中的蕩漾。</p>\n\n<p>如果你對此心有戚戚焉......</p>\n\n<blockquote>那麼那麼這堂課就是為那個裹足不前的你而開的</blockquote>\n\n<p>&nbsp;</p>\n\n<p>在基礎篇裡頭，我會將我個人的醜字蛻變經歷中，整理出系統的寫字要領，</p>\n\n<p>&nbsp;</p>\n\n<ol>\n        <li>包含基本筆法和結構的小秘訣，讓學習者更容易入門寫好字。<br />\n        <br />\n        本課程的教學示範刻意採用一般文具店就可以買到的「SKB 秘書 0.7中油性原子筆」，<br />\n        避免因為老師、學生所使用工具上的差異而的學習阻礙。</li>\n</ol>\n\n<p><br />\n<strong>&darr;來看看關於我寫字的故事吧。</strong></p>\n\n<p>&nbsp;</p>\n\n<h4>課程教學內容</h4>\n\n<p>&nbsp;</p>\n\n<p><strong>1.美字關鍵概述</strong>---練好字之前有幾個成功心法要跟大家分享，觀念正確了，寫字會是一個很享受的過程。</p>\n\n<p><strong>2.如何尋找適合的書寫工具</strong>---這部分將為大家展示鉛筆、原子筆、鋼筆等各種常用的書寫工具，實際示範使用的技巧，並將各種工具的優缺點提出來給入門者參考。</p>\n\n<p><strong>3.基本筆畫要領</strong>---不要小看基本筆畫，一筆一畫都可能是美字的要素。</p>\n\n<p><strong>4.美字結構密訣秘訣</strong>---讓字可以在短時間提升美感的方法就要靠改變結構，這個單元中會提供你所需要的小撇步。</p>\n\n<p>5.&nbsp;<strong>課程補充</strong>---左撇子執筆與運筆、文字的排列</p>\n\n<p>&nbsp;</p>\n\n<blockquote>硬筆習字的三大法寶</blockquote>\n\n<p>&nbsp;</p>\n\n<p>除了用原子筆做為主要示範的工具外，也會特別分享關於「筆、紙、墊」等三樣重要工具之使用經驗。</p>\n\n<p>&nbsp;</p>\n'),
(233, 2, 23, 16, 1, 12, '<h4>你想寫美字嗎？</h4>\n\n<p>寫一手好字或許是大部分人的嚮往，但礙於種種現實因素，常常就此被遺忘。</p>\n\n<p>&nbsp;</p>\n\n<p>但在看到每每在看到他人的一手美字，你總還是止不了心中的蕩漾。</p>\n\n<p>如果你對此心有戚戚焉......</p>\n\n<blockquote>那麼那麼這堂課就是為那個裹足不前的你而開的</blockquote>\n\n<p>&nbsp;</p>\n\n<p>在基礎篇裡頭，我會將我個人的醜字蛻變經歷中，整理出系統的寫字要領，</p>\n\n<p>&nbsp;</p>\n\n<ol>\n        <li>包含基本筆法和結構的小秘訣，讓學習者更容易入門寫好字。<br />\n        <br />\n        本課程的教學示範刻意採用一般文具店就可以買到的「SKB 秘書 0.7中油性原子筆」，<br />\n        避免因為老師、學生所使用工具上的差異而的學習阻礙。</li>\n</ol>\n\n<p><br />\n<strong>&darr;來看看關於我寫字的故事吧。</strong></p>\n\n<p>&nbsp;</p>\n\n<h4>課程教學內容</h4>\n\n<p>&nbsp;</p>\n\n<p><strong>1.美字關鍵概述</strong>---練好字之前有幾個成功心法要跟大家分享，觀念正確了，寫字會是一個很享受的過程。</p>\n\n<p><strong>2.如何尋找適合的書寫工具</strong>---這部分將為大家展示鉛筆、原子筆、鋼筆等各種常用的書寫工具，實際示範使用的技巧，並將各種工具的優缺點提出來給入門者參考。</p>\n\n<p><strong>3.基本筆畫要領</strong>---不要小看基本筆畫，一筆一畫都可能是美字的要素。</p>\n\n<p><strong>4.美字結構密訣秘訣</strong>---讓字可以在短時間提升美感的方法就要靠改變結構，這個單元中會提供你所需要的小撇步。</p>\n\n<p>5.&nbsp;<strong>課程補充</strong>---左撇子執筆與運筆、文字的排列</p>\n\n<p>&nbsp;</p>\n\n<blockquote>硬筆習字的三大法寶</blockquote>\n\n<p>&nbsp;</p>\n\n<p>除了用原子筆做為主要示範的工具外，也會特別分享關於「筆、紙、墊」等三樣重要工具之使用經驗。</p>\n\n<p>&nbsp;</p>\n'),
(234, 2, 24, 20, 3, 20, '<h4>你想寫美字嗎？</h4>\n\n<p>寫一手好字或許是大部分人的嚮往，但礙於種種現實因素，常常就此被遺忘。</p>\n\n<p>&nbsp;</p>\n\n<p>但在看到每每在看到他人的一手美字，你總還是止不了心中的蕩漾。</p>\n\n<p>如果你對此心有戚戚焉......</p>\n\n<blockquote>那麼那麼這堂課就是為那個裹足不前的你而開的</blockquote>\n\n<p>&nbsp;</p>\n\n<p>在基礎篇裡頭，我會將我個人的醜字蛻變經歷中，整理出系統的寫字要領，</p>\n\n<p>&nbsp;</p>\n\n<ol>\n        <li>包含基本筆法和結構的小秘訣，讓學習者更容易入門寫好字。<br />\n        <br />\n        本課程的教學示範刻意採用一般文具店就可以買到的「SKB 秘書 0.7中油性原子筆」，<br />\n        避免因為老師、學生所使用工具上的差異而的學習阻礙。</li>\n</ol>\n\n<p><br />\n<strong>&darr;來看看關於我寫字的故事吧。</strong></p>\n\n<p>&nbsp;</p>\n\n<h4>課程教學內容</h4>\n\n<p>&nbsp;</p>\n\n<p><strong>1.美字關鍵概述</strong>---練好字之前有幾個成功心法要跟大家分享，觀念正確了，寫字會是一個很享受的過程。</p>\n\n<p><strong>2.如何尋找適合的書寫工具</strong>---這部分將為大家展示鉛筆、原子筆、鋼筆等各種常用的書寫工具，實際示範使用的技巧，並將各種工具的優缺點提出來給入門者參考。</p>\n\n<p><strong>3.基本筆畫要領</strong>---不要小看基本筆畫，一筆一畫都可能是美字的要素。</p>\n\n<p><strong>4.美字結構密訣秘訣</strong>---讓字可以在短時間提升美感的方法就要靠改變結構，這個單元中會提供你所需要的小撇步。</p>\n\n<p>5.&nbsp;<strong>課程補充</strong>---左撇子執筆與運筆、文字的排列</p>\n\n<p>&nbsp;</p>\n\n<blockquote>硬筆習字的三大法寶</blockquote>\n\n<p>&nbsp;</p>\n\n<p>除了用原子筆做為主要示範的工具外，也會特別分享關於「筆、紙、墊」等三樣重要工具之使用經驗。</p>\n\n<p>&nbsp;</p>\n'),
(235, 2, 25, 18, 2, 26, '<h4>你想寫美字嗎？</h4>\n\n<p>寫一手好字或許是大部分人的嚮往，但礙於種種現實因素，常常就此被遺忘。</p>\n\n<p>&nbsp;</p>\n\n<p>但在看到每每在看到他人的一手美字，你總還是止不了心中的蕩漾。</p>\n\n<p>如果你對此心有戚戚焉......</p>\n\n<blockquote>那麼那麼這堂課就是為那個裹足不前的你而開的</blockquote>\n\n<p>&nbsp;</p>\n\n<p>在基礎篇裡頭，我會將我個人的醜字蛻變經歷中，整理出系統的寫字要領，</p>\n\n<p>&nbsp;</p>\n\n<ol>\n        <li>包含基本筆法和結構的小秘訣，讓學習者更容易入門寫好字。<br />\n        <br />\n        本課程的教學示範刻意採用一般文具店就可以買到的「SKB 秘書 0.7中油性原子筆」，<br />\n        避免因為老師、學生所使用工具上的差異而的學習阻礙。</li>\n</ol>\n\n<p><br />\n<strong>&darr;來看看關於我寫字的故事吧。</strong></p>\n\n<p>&nbsp;</p>\n\n<h4>課程教學內容</h4>\n\n<p>&nbsp;</p>\n\n<p><strong>1.美字關鍵概述</strong>---練好字之前有幾個成功心法要跟大家分享，觀念正確了，寫字會是一個很享受的過程。</p>\n\n<p><strong>2.如何尋找適合的書寫工具</strong>---這部分將為大家展示鉛筆、原子筆、鋼筆等各種常用的書寫工具，實際示範使用的技巧，並將各種工具的優缺點提出來給入門者參考。</p>\n\n<p><strong>3.基本筆畫要領</strong>---不要小看基本筆畫，一筆一畫都可能是美字的要素。</p>\n\n<p><strong>4.美字結構密訣秘訣</strong>---讓字可以在短時間提升美感的方法就要靠改變結構，這個單元中會提供你所需要的小撇步。</p>\n\n<p>5.&nbsp;<strong>課程補充</strong>---左撇子執筆與運筆、文字的排列</p>\n\n<p>&nbsp;</p>\n\n<blockquote>硬筆習字的三大法寶</blockquote>\n\n<p>&nbsp;</p>\n\n<p>除了用原子筆做為主要示範的工具外，也會特別分享關於「筆、紙、墊」等三樣重要工具之使用經驗。</p>\n\n<p>&nbsp;</p>\n'),
(236, 2, 26, 16, 5, 18, '<h4>你想寫美字嗎？</h4>\n\n<p>寫一手好字或許是大部分人的嚮往，但礙於種種現實因素，常常就此被遺忘。</p>\n\n<p>&nbsp;</p>\n\n<p>但在看到每每在看到他人的一手美字，你總還是止不了心中的蕩漾。</p>\n\n<p>如果你對此心有戚戚焉......</p>\n\n<blockquote>那麼那麼這堂課就是為那個裹足不前的你而開的</blockquote>\n\n<p>&nbsp;</p>\n\n<p>在基礎篇裡頭，我會將我個人的醜字蛻變經歷中，整理出系統的寫字要領，</p>\n\n<p>&nbsp;</p>\n\n<ol>\n        <li>包含基本筆法和結構的小秘訣，讓學習者更容易入門寫好字。<br />\n        <br />\n        本課程的教學示範刻意採用一般文具店就可以買到的「SKB 秘書 0.7中油性原子筆」，<br />\n        避免因為老師、學生所使用工具上的差異而的學習阻礙。</li>\n</ol>\n\n<p><br />\n<strong>&darr;來看看關於我寫字的故事吧。</strong></p>\n\n<p>&nbsp;</p>\n\n<h4>課程教學內容</h4>\n\n<p>&nbsp;</p>\n\n<p><strong>1.美字關鍵概述</strong>---練好字之前有幾個成功心法要跟大家分享，觀念正確了，寫字會是一個很享受的過程。</p>\n\n<p><strong>2.如何尋找適合的書寫工具</strong>---這部分將為大家展示鉛筆、原子筆、鋼筆等各種常用的書寫工具，實際示範使用的技巧，並將各種工具的優缺點提出來給入門者參考。</p>\n\n<p><strong>3.基本筆畫要領</strong>---不要小看基本筆畫，一筆一畫都可能是美字的要素。</p>\n\n<p><strong>4.美字結構密訣秘訣</strong>---讓字可以在短時間提升美感的方法就要靠改變結構，這個單元中會提供你所需要的小撇步。</p>\n\n<p>5.&nbsp;<strong>課程補充</strong>---左撇子執筆與運筆、文字的排列</p>\n\n<p>&nbsp;</p>\n\n<blockquote>硬筆習字的三大法寶</blockquote>\n\n<p>&nbsp;</p>\n\n<p>除了用原子筆做為主要示範的工具外，也會特別分享關於「筆、紙、墊」等三樣重要工具之使用經驗。</p>\n\n<p>&nbsp;</p>\n'),
(237, 2, 27, 18, 4, 26, '<h4>你想寫美字嗎？</h4>\n\n<p>寫一手好字或許是大部分人的嚮往，但礙於種種現實因素，常常就此被遺忘。</p>\n\n<p>&nbsp;</p>\n\n<p>但在看到每每在看到他人的一手美字，你總還是止不了心中的蕩漾。</p>\n\n<p>如果你對此心有戚戚焉......</p>\n\n<blockquote>那麼那麼這堂課就是為那個裹足不前的你而開的</blockquote>\n\n<p>&nbsp;</p>\n\n<p>在基礎篇裡頭，我會將我個人的醜字蛻變經歷中，整理出系統的寫字要領，</p>\n\n<p>&nbsp;</p>\n\n<ol>\n        <li>包含基本筆法和結構的小秘訣，讓學習者更容易入門寫好字。<br />\n        <br />\n        本課程的教學示範刻意採用一般文具店就可以買到的「SKB 秘書 0.7中油性原子筆」，<br />\n        避免因為老師、學生所使用工具上的差異而的學習阻礙。</li>\n</ol>\n\n<p><br />\n<strong>&darr;來看看關於我寫字的故事吧。</strong></p>\n\n<p>&nbsp;</p>\n\n<h4>課程教學內容</h4>\n\n<p>&nbsp;</p>\n\n<p><strong>1.美字關鍵概述</strong>---練好字之前有幾個成功心法要跟大家分享，觀念正確了，寫字會是一個很享受的過程。</p>\n\n<p><strong>2.如何尋找適合的書寫工具</strong>---這部分將為大家展示鉛筆、原子筆、鋼筆等各種常用的書寫工具，實際示範使用的技巧，並將各種工具的優缺點提出來給入門者參考。</p>\n\n<p><strong>3.基本筆畫要領</strong>---不要小看基本筆畫，一筆一畫都可能是美字的要素。</p>\n\n<p><strong>4.美字結構密訣秘訣</strong>---讓字可以在短時間提升美感的方法就要靠改變結構，這個單元中會提供你所需要的小撇步。</p>\n\n<p>5.&nbsp;<strong>課程補充</strong>---左撇子執筆與運筆、文字的排列</p>\n\n<p>&nbsp;</p>\n\n<blockquote>硬筆習字的三大法寶</blockquote>\n\n<p>&nbsp;</p>\n\n<p>除了用原子筆做為主要示範的工具外，也會特別分享關於「筆、紙、墊」等三樣重要工具之使用經驗。</p>\n\n<p>&nbsp;</p>\n'),
(238, 2, 28, 12, 1, 28, '<h4>你想寫美字嗎？</h4>\n\n<p>寫一手好字或許是大部分人的嚮往，但礙於種種現實因素，常常就此被遺忘。</p>\n\n<p>&nbsp;</p>\n\n<p>但在看到每每在看到他人的一手美字，你總還是止不了心中的蕩漾。</p>\n\n<p>如果你對此心有戚戚焉......</p>\n\n<blockquote>那麼那麼這堂課就是為那個裹足不前的你而開的</blockquote>\n\n<p>&nbsp;</p>\n\n<p>在基礎篇裡頭，我會將我個人的醜字蛻變經歷中，整理出系統的寫字要領，</p>\n\n<p>&nbsp;</p>\n\n<ol>\n        <li>包含基本筆法和結構的小秘訣，讓學習者更容易入門寫好字。<br />\n        <br />\n        本課程的教學示範刻意採用一般文具店就可以買到的「SKB 秘書 0.7中油性原子筆」，<br />\n        避免因為老師、學生所使用工具上的差異而的學習阻礙。</li>\n</ol>\n\n<p><br />\n<strong>&darr;來看看關於我寫字的故事吧。</strong></p>\n\n<p>&nbsp;</p>\n\n<h4>課程教學內容</h4>\n\n<p>&nbsp;</p>\n\n<p><strong>1.美字關鍵概述</strong>---練好字之前有幾個成功心法要跟大家分享，觀念正確了，寫字會是一個很享受的過程。</p>\n\n<p><strong>2.如何尋找適合的書寫工具</strong>---這部分將為大家展示鉛筆、原子筆、鋼筆等各種常用的書寫工具，實際示範使用的技巧，並將各種工具的優缺點提出來給入門者參考。</p>\n\n<p><strong>3.基本筆畫要領</strong>---不要小看基本筆畫，一筆一畫都可能是美字的要素。</p>\n\n<p><strong>4.美字結構密訣秘訣</strong>---讓字可以在短時間提升美感的方法就要靠改變結構，這個單元中會提供你所需要的小撇步。</p>\n\n<p>5.&nbsp;<strong>課程補充</strong>---左撇子執筆與運筆、文字的排列</p>\n\n<p>&nbsp;</p>\n\n<blockquote>硬筆習字的三大法寶</blockquote>\n\n<p>&nbsp;</p>\n\n<p>除了用原子筆做為主要示範的工具外，也會特別分享關於「筆、紙、墊」等三樣重要工具之使用經驗。</p>\n\n<p>&nbsp;</p>\n'),
(239, 2, 29, 14, 4, 11, '<h4>你想寫美字嗎？</h4>\n\n<p>寫一手好字或許是大部分人的嚮往，但礙於種種現實因素，常常就此被遺忘。</p>\n\n<p>&nbsp;</p>\n\n<p>但在看到每每在看到他人的一手美字，你總還是止不了心中的蕩漾。</p>\n\n<p>如果你對此心有戚戚焉......</p>\n\n<blockquote>那麼那麼這堂課就是為那個裹足不前的你而開的</blockquote>\n\n<p>&nbsp;</p>\n\n<p>在基礎篇裡頭，我會將我個人的醜字蛻變經歷中，整理出系統的寫字要領，</p>\n\n<p>&nbsp;</p>\n\n<ol>\n        <li>包含基本筆法和結構的小秘訣，讓學習者更容易入門寫好字。<br />\n        <br />\n        本課程的教學示範刻意採用一般文具店就可以買到的「SKB 秘書 0.7中油性原子筆」，<br />\n        避免因為老師、學生所使用工具上的差異而的學習阻礙。</li>\n</ol>\n\n<p><br />\n<strong>&darr;來看看關於我寫字的故事吧。</strong></p>\n\n<p>&nbsp;</p>\n\n<h4>課程教學內容</h4>\n\n<p>&nbsp;</p>\n\n<p><strong>1.美字關鍵概述</strong>---練好字之前有幾個成功心法要跟大家分享，觀念正確了，寫字會是一個很享受的過程。</p>\n\n<p><strong>2.如何尋找適合的書寫工具</strong>---這部分將為大家展示鉛筆、原子筆、鋼筆等各種常用的書寫工具，實際示範使用的技巧，並將各種工具的優缺點提出來給入門者參考。</p>\n\n<p><strong>3.基本筆畫要領</strong>---不要小看基本筆畫，一筆一畫都可能是美字的要素。</p>\n\n<p><strong>4.美字結構密訣秘訣</strong>---讓字可以在短時間提升美感的方法就要靠改變結構，這個單元中會提供你所需要的小撇步。</p>\n\n<p>5.&nbsp;<strong>課程補充</strong>---左撇子執筆與運筆、文字的排列</p>\n\n<p>&nbsp;</p>\n\n<blockquote>硬筆習字的三大法寶</blockquote>\n\n<p>&nbsp;</p>\n\n<p>除了用原子筆做為主要示範的工具外，也會特別分享關於「筆、紙、墊」等三樣重要工具之使用經驗。</p>\n\n<p>&nbsp;</p>\n'),
(240, 2, 30, 15, 1, 25, '<h4>你想寫美字嗎？</h4>\n\n<p>寫一手好字或許是大部分人的嚮往，但礙於種種現實因素，常常就此被遺忘。</p>\n\n<p>&nbsp;</p>\n\n<p>但在看到每每在看到他人的一手美字，你總還是止不了心中的蕩漾。</p>\n\n<p>如果你對此心有戚戚焉......</p>\n\n<blockquote>那麼那麼這堂課就是為那個裹足不前的你而開的</blockquote>\n\n<p>&nbsp;</p>\n\n<p>在基礎篇裡頭，我會將我個人的醜字蛻變經歷中，整理出系統的寫字要領，</p>\n\n<p>&nbsp;</p>\n\n<ol>\n        <li>包含基本筆法和結構的小秘訣，讓學習者更容易入門寫好字。<br />\n        <br />\n        本課程的教學示範刻意採用一般文具店就可以買到的「SKB 秘書 0.7中油性原子筆」，<br />\n        避免因為老師、學生所使用工具上的差異而的學習阻礙。</li>\n</ol>\n\n<p><br />\n<strong>&darr;來看看關於我寫字的故事吧。</strong></p>\n\n<p>&nbsp;</p>\n\n<h4>課程教學內容</h4>\n\n<p>&nbsp;</p>\n\n<p><strong>1.美字關鍵概述</strong>---練好字之前有幾個成功心法要跟大家分享，觀念正確了，寫字會是一個很享受的過程。</p>\n\n<p><strong>2.如何尋找適合的書寫工具</strong>---這部分將為大家展示鉛筆、原子筆、鋼筆等各種常用的書寫工具，實際示範使用的技巧，並將各種工具的優缺點提出來給入門者參考。</p>\n\n<p><strong>3.基本筆畫要領</strong>---不要小看基本筆畫，一筆一畫都可能是美字的要素。</p>\n\n<p><strong>4.美字結構密訣秘訣</strong>---讓字可以在短時間提升美感的方法就要靠改變結構，這個單元中會提供你所需要的小撇步。</p>\n\n<p>5.&nbsp;<strong>課程補充</strong>---左撇子執筆與運筆、文字的排列</p>\n\n<p>&nbsp;</p>\n\n<blockquote>硬筆習字的三大法寶</blockquote>\n\n<p>&nbsp;</p>\n\n<p>除了用原子筆做為主要示範的工具外，也會特別分享關於「筆、紙、墊」等三樣重要工具之使用經驗。</p>\n\n<p>&nbsp;</p>\n'),
(241, 2, 31, 11, 3, 11, '<h4>你想寫美字嗎？</h4>\n\n<p>寫一手好字或許是大部分人的嚮往，但礙於種種現實因素，常常就此被遺忘。</p>\n\n<p>&nbsp;</p>\n\n<p>但在看到每每在看到他人的一手美字，你總還是止不了心中的蕩漾。</p>\n\n<p>如果你對此心有戚戚焉......</p>\n\n<blockquote>那麼那麼這堂課就是為那個裹足不前的你而開的</blockquote>\n\n<p>&nbsp;</p>\n\n<p>在基礎篇裡頭，我會將我個人的醜字蛻變經歷中，整理出系統的寫字要領，</p>\n\n<p>&nbsp;</p>\n\n<ol>\n        <li>包含基本筆法和結構的小秘訣，讓學習者更容易入門寫好字。<br />\n        <br />\n        本課程的教學示範刻意採用一般文具店就可以買到的「SKB 秘書 0.7中油性原子筆」，<br />\n        避免因為老師、學生所使用工具上的差異而的學習阻礙。</li>\n</ol>\n\n<p><br />\n<strong>&darr;來看看關於我寫字的故事吧。</strong></p>\n\n<p>&nbsp;</p>\n\n<h4>課程教學內容</h4>\n\n<p>&nbsp;</p>\n\n<p><strong>1.美字關鍵概述</strong>---練好字之前有幾個成功心法要跟大家分享，觀念正確了，寫字會是一個很享受的過程。</p>\n\n<p><strong>2.如何尋找適合的書寫工具</strong>---這部分將為大家展示鉛筆、原子筆、鋼筆等各種常用的書寫工具，實際示範使用的技巧，並將各種工具的優缺點提出來給入門者參考。</p>\n\n<p><strong>3.基本筆畫要領</strong>---不要小看基本筆畫，一筆一畫都可能是美字的要素。</p>\n\n<p><strong>4.美字結構密訣秘訣</strong>---讓字可以在短時間提升美感的方法就要靠改變結構，這個單元中會提供你所需要的小撇步。</p>\n\n<p>5.&nbsp;<strong>課程補充</strong>---左撇子執筆與運筆、文字的排列</p>\n\n<p>&nbsp;</p>\n\n<blockquote>硬筆習字的三大法寶</blockquote>\n\n<p>&nbsp;</p>\n\n<p>除了用原子筆做為主要示範的工具外，也會特別分享關於「筆、紙、墊」等三樣重要工具之使用經驗。</p>\n\n<p>&nbsp;</p>\n'),
(242, 2, 32, 8, 5, 11, '<h4>你想寫美字嗎？</h4>\n\n<p>寫一手好字或許是大部分人的嚮往，但礙於種種現實因素，常常就此被遺忘。</p>\n\n<p>&nbsp;</p>\n\n<p>但在看到每每在看到他人的一手美字，你總還是止不了心中的蕩漾。</p>\n\n<p>如果你對此心有戚戚焉......</p>\n\n<blockquote>那麼那麼這堂課就是為那個裹足不前的你而開的</blockquote>\n\n<p>&nbsp;</p>\n\n<p>在基礎篇裡頭，我會將我個人的醜字蛻變經歷中，整理出系統的寫字要領，</p>\n\n<p>&nbsp;</p>\n\n<ol>\n        <li>包含基本筆法和結構的小秘訣，讓學習者更容易入門寫好字。<br />\n        <br />\n        本課程的教學示範刻意採用一般文具店就可以買到的「SKB 秘書 0.7中油性原子筆」，<br />\n        避免因為老師、學生所使用工具上的差異而的學習阻礙。</li>\n</ol>\n\n<p><br />\n<strong>&darr;來看看關於我寫字的故事吧。</strong></p>\n\n<p>&nbsp;</p>\n\n<h4>課程教學內容</h4>\n\n<p>&nbsp;</p>\n\n<p><strong>1.美字關鍵概述</strong>---練好字之前有幾個成功心法要跟大家分享，觀念正確了，寫字會是一個很享受的過程。</p>\n\n<p><strong>2.如何尋找適合的書寫工具</strong>---這部分將為大家展示鉛筆、原子筆、鋼筆等各種常用的書寫工具，實際示範使用的技巧，並將各種工具的優缺點提出來給入門者參考。</p>\n\n<p><strong>3.基本筆畫要領</strong>---不要小看基本筆畫，一筆一畫都可能是美字的要素。</p>\n\n<p><strong>4.美字結構密訣秘訣</strong>---讓字可以在短時間提升美感的方法就要靠改變結構，這個單元中會提供你所需要的小撇步。</p>\n\n<p>5.&nbsp;<strong>課程補充</strong>---左撇子執筆與運筆、文字的排列</p>\n\n<p>&nbsp;</p>\n\n<blockquote>硬筆習字的三大法寶</blockquote>\n\n<p>&nbsp;</p>\n\n<p>除了用原子筆做為主要示範的工具外，也會特別分享關於「筆、紙、墊」等三樣重要工具之使用經驗。</p>\n\n<p>&nbsp;</p>\n'),
(243, 2, 33, 11, 2, 14, '<h4>你想寫美字嗎？</h4>\n\n<p>寫一手好字或許是大部分人的嚮往，但礙於種種現實因素，常常就此被遺忘。</p>\n\n<p>&nbsp;</p>\n\n<p>但在看到每每在看到他人的一手美字，你總還是止不了心中的蕩漾。</p>\n\n<p>如果你對此心有戚戚焉......</p>\n\n<blockquote>那麼那麼這堂課就是為那個裹足不前的你而開的</blockquote>\n\n<p>&nbsp;</p>\n\n<p>在基礎篇裡頭，我會將我個人的醜字蛻變經歷中，整理出系統的寫字要領，</p>\n\n<p>&nbsp;</p>\n\n<ol>\n        <li>包含基本筆法和結構的小秘訣，讓學習者更容易入門寫好字。<br />\n        <br />\n        本課程的教學示範刻意採用一般文具店就可以買到的「SKB 秘書 0.7中油性原子筆」，<br />\n        避免因為老師、學生所使用工具上的差異而的學習阻礙。</li>\n</ol>\n\n<p><br />\n<strong>&darr;來看看關於我寫字的故事吧。</strong></p>\n\n<p>&nbsp;</p>\n\n<h4>課程教學內容</h4>\n\n<p>&nbsp;</p>\n\n<p><strong>1.美字關鍵概述</strong>---練好字之前有幾個成功心法要跟大家分享，觀念正確了，寫字會是一個很享受的過程。</p>\n\n<p><strong>2.如何尋找適合的書寫工具</strong>---這部分將為大家展示鉛筆、原子筆、鋼筆等各種常用的書寫工具，實際示範使用的技巧，並將各種工具的優缺點提出來給入門者參考。</p>\n\n<p><strong>3.基本筆畫要領</strong>---不要小看基本筆畫，一筆一畫都可能是美字的要素。</p>\n\n<p><strong>4.美字結構密訣秘訣</strong>---讓字可以在短時間提升美感的方法就要靠改變結構，這個單元中會提供你所需要的小撇步。</p>\n\n<p>5.&nbsp;<strong>課程補充</strong>---左撇子執筆與運筆、文字的排列</p>\n\n<p>&nbsp;</p>\n\n<blockquote>硬筆習字的三大法寶</blockquote>\n\n<p>&nbsp;</p>\n\n<p>除了用原子筆做為主要示範的工具外，也會特別分享關於「筆、紙、墊」等三樣重要工具之使用經驗。</p>\n\n<p>&nbsp;</p>\n'),
(244, 1, 1, 23, 5, 13, '<h4>你想寫美字嗎？</h4>\n\n<p>寫一手好字或許是大部分人的嚮往，但礙於種種現實因素，常常就此被遺忘。</p>\n\n<p>&nbsp;</p>\n\n<p>但在看到每每在看到他人的一手美字，你總還是止不了心中的蕩漾。</p>\n\n<p>如果你對此心有戚戚焉......</p>\n\n<blockquote>那麼那麼這堂課就是為那個裹足不前的你而開的</blockquote>\n\n<p>&nbsp;</p>\n\n<p>在基礎篇裡頭，我會將我個人的醜字蛻變經歷中，整理出系統的寫字要領，</p>\n\n<p>&nbsp;</p>\n\n<ol>\n        <li>包含基本筆法和結構的小秘訣，讓學習者更容易入門寫好字。<br />\n        <br />\n        本課程的教學示範刻意採用一般文具店就可以買到的「SKB 秘書 0.7中油性原子筆」，<br />\n        避免因為老師、學生所使用工具上的差異而的學習阻礙。</li>\n</ol>\n\n<p><br />\n<strong>&darr;來看看關於我寫字的故事吧。</strong></p>\n\n<p>&nbsp;</p>\n\n<h4>課程教學內容</h4>\n\n<p>&nbsp;</p>\n\n<p><strong>1.美字關鍵概述</strong>---練好字之前有幾個成功心法要跟大家分享，觀念正確了，寫字會是一個很享受的過程。</p>\n\n<p><strong>2.如何尋找適合的書寫工具</strong>---這部分將為大家展示鉛筆、原子筆、鋼筆等各種常用的書寫工具，實際示範使用的技巧，並將各種工具的優缺點提出來給入門者參考。</p>\n\n<p><strong>3.基本筆畫要領</strong>---不要小看基本筆畫，一筆一畫都可能是美字的要素。</p>\n\n<p><strong>4.美字結構密訣秘訣</strong>---讓字可以在短時間提升美感的方法就要靠改變結構，這個單元中會提供你所需要的小撇步。</p>\n\n<p>5.&nbsp;<strong>課程補充</strong>---左撇子執筆與運筆、文字的排列</p>\n\n<p>&nbsp;</p>\n\n<blockquote>硬筆習字的三大法寶</blockquote>\n\n<p>&nbsp;</p>\n\n<p>除了用原子筆做為主要示範的工具外，也會特別分享關於「筆、紙、墊」等三樣重要工具之使用經驗。</p>\n\n<p>&nbsp;</p>\n'),
(245, 1, 2, 12, 5, 17, '<h4>你想寫美字嗎？</h4>\n\n<p>寫一手好字或許是大部分人的嚮往，但礙於種種現實因素，常常就此被遺忘。</p>\n\n<p>&nbsp;</p>\n\n<p>但在看到每每在看到他人的一手美字，你總還是止不了心中的蕩漾。</p>\n\n<p>如果你對此心有戚戚焉......</p>\n\n<blockquote>那麼那麼這堂課就是為那個裹足不前的你而開的</blockquote>\n\n<p>&nbsp;</p>\n\n<p>在基礎篇裡頭，我會將我個人的醜字蛻變經歷中，整理出系統的寫字要領，</p>\n\n<p>&nbsp;</p>\n\n<ol>\n        <li>包含基本筆法和結構的小秘訣，讓學習者更容易入門寫好字。<br />\n        <br />\n        本課程的教學示範刻意採用一般文具店就可以買到的「SKB 秘書 0.7中油性原子筆」，<br />\n        避免因為老師、學生所使用工具上的差異而的學習阻礙。</li>\n</ol>\n\n<p><br />\n<strong>&darr;來看看關於我寫字的故事吧。</strong></p>\n\n<p>&nbsp;</p>\n\n<h4>課程教學內容</h4>\n\n<p>&nbsp;</p>\n\n<p><strong>1.美字關鍵概述</strong>---練好字之前有幾個成功心法要跟大家分享，觀念正確了，寫字會是一個很享受的過程。</p>\n\n<p><strong>2.如何尋找適合的書寫工具</strong>---這部分將為大家展示鉛筆、原子筆、鋼筆等各種常用的書寫工具，實際示範使用的技巧，並將各種工具的優缺點提出來給入門者參考。</p>\n\n<p><strong>3.基本筆畫要領</strong>---不要小看基本筆畫，一筆一畫都可能是美字的要素。</p>\n\n<p><strong>4.美字結構密訣秘訣</strong>---讓字可以在短時間提升美感的方法就要靠改變結構，這個單元中會提供你所需要的小撇步。</p>\n\n<p>5.&nbsp;<strong>課程補充</strong>---左撇子執筆與運筆、文字的排列</p>\n\n<p>&nbsp;</p>\n\n<blockquote>硬筆習字的三大法寶</blockquote>\n\n<p>&nbsp;</p>\n\n<p>除了用原子筆做為主要示範的工具外，也會特別分享關於「筆、紙、墊」等三樣重要工具之使用經驗。</p>\n\n<p>&nbsp;</p>\n'),
(246, 1, 3, 14, 2, 11, '<h4>你想寫美字嗎？</h4>\n\n<p>寫一手好字或許是大部分人的嚮往，但礙於種種現實因素，常常就此被遺忘。</p>\n\n<p>&nbsp;</p>\n\n<p>但在看到每每在看到他人的一手美字，你總還是止不了心中的蕩漾。</p>\n\n<p>如果你對此心有戚戚焉......</p>\n\n<blockquote>那麼那麼這堂課就是為那個裹足不前的你而開的</blockquote>\n\n<p>&nbsp;</p>\n\n<p>在基礎篇裡頭，我會將我個人的醜字蛻變經歷中，整理出系統的寫字要領，</p>\n\n<p>&nbsp;</p>\n\n<ol>\n        <li>包含基本筆法和結構的小秘訣，讓學習者更容易入門寫好字。<br />\n        <br />\n        本課程的教學示範刻意採用一般文具店就可以買到的「SKB 秘書 0.7中油性原子筆」，<br />\n        避免因為老師、學生所使用工具上的差異而的學習阻礙。</li>\n</ol>\n\n<p><br />\n<strong>&darr;來看看關於我寫字的故事吧。</strong></p>\n\n<p>&nbsp;</p>\n\n<h4>課程教學內容</h4>\n\n<p>&nbsp;</p>\n\n<p><strong>1.美字關鍵概述</strong>---練好字之前有幾個成功心法要跟大家分享，觀念正確了，寫字會是一個很享受的過程。</p>\n\n<p><strong>2.如何尋找適合的書寫工具</strong>---這部分將為大家展示鉛筆、原子筆、鋼筆等各種常用的書寫工具，實際示範使用的技巧，並將各種工具的優缺點提出來給入門者參考。</p>\n\n<p><strong>3.基本筆畫要領</strong>---不要小看基本筆畫，一筆一畫都可能是美字的要素。</p>\n\n<p><strong>4.美字結構密訣秘訣</strong>---讓字可以在短時間提升美感的方法就要靠改變結構，這個單元中會提供你所需要的小撇步。</p>\n\n<p>5.&nbsp;<strong>課程補充</strong>---左撇子執筆與運筆、文字的排列</p>\n\n<p>&nbsp;</p>\n\n<blockquote>硬筆習字的三大法寶</blockquote>\n\n<p>&nbsp;</p>\n\n<p>除了用原子筆做為主要示範的工具外，也會特別分享關於「筆、紙、墊」等三樣重要工具之使用經驗。</p>\n\n<p>&nbsp;</p>\n'),
(247, 1, 4, 7, 3, 21, '<h4>你想寫美字嗎？</h4>\n\n<p>寫一手好字或許是大部分人的嚮往，但礙於種種現實因素，常常就此被遺忘。</p>\n\n<p>&nbsp;</p>\n\n<p>但在看到每每在看到他人的一手美字，你總還是止不了心中的蕩漾。</p>\n\n<p>如果你對此心有戚戚焉......</p>\n\n<blockquote>那麼那麼這堂課就是為那個裹足不前的你而開的</blockquote>\n\n<p>&nbsp;</p>\n\n<p>在基礎篇裡頭，我會將我個人的醜字蛻變經歷中，整理出系統的寫字要領，</p>\n\n<p>&nbsp;</p>\n\n<ol>\n        <li>包含基本筆法和結構的小秘訣，讓學習者更容易入門寫好字。<br />\n        <br />\n        本課程的教學示範刻意採用一般文具店就可以買到的「SKB 秘書 0.7中油性原子筆」，<br />\n        避免因為老師、學生所使用工具上的差異而的學習阻礙。</li>\n</ol>\n\n<p><br />\n<strong>&darr;來看看關於我寫字的故事吧。</strong></p>\n\n<p>&nbsp;</p>\n\n<h4>課程教學內容</h4>\n\n<p>&nbsp;</p>\n\n<p><strong>1.美字關鍵概述</strong>---練好字之前有幾個成功心法要跟大家分享，觀念正確了，寫字會是一個很享受的過程。</p>\n\n<p><strong>2.如何尋找適合的書寫工具</strong>---這部分將為大家展示鉛筆、原子筆、鋼筆等各種常用的書寫工具，實際示範使用的技巧，並將各種工具的優缺點提出來給入門者參考。</p>\n\n<p><strong>3.基本筆畫要領</strong>---不要小看基本筆畫，一筆一畫都可能是美字的要素。</p>\n\n<p><strong>4.美字結構密訣秘訣</strong>---讓字可以在短時間提升美感的方法就要靠改變結構，這個單元中會提供你所需要的小撇步。</p>\n\n<p>5.&nbsp;<strong>課程補充</strong>---左撇子執筆與運筆、文字的排列</p>\n\n<p>&nbsp;</p>\n\n<blockquote>硬筆習字的三大法寶</blockquote>\n\n<p>&nbsp;</p>\n\n<p>除了用原子筆做為主要示範的工具外，也會特別分享關於「筆、紙、墊」等三樣重要工具之使用經驗。</p>\n\n<p>&nbsp;</p>\n'),
(248, 1, 5, 11, 2, 29, '<h4>你想寫美字嗎？</h4>\n\n<p>寫一手好字或許是大部分人的嚮往，但礙於種種現實因素，常常就此被遺忘。</p>\n\n<p>&nbsp;</p>\n\n<p>但在看到每每在看到他人的一手美字，你總還是止不了心中的蕩漾。</p>\n\n<p>如果你對此心有戚戚焉......</p>\n\n<blockquote>那麼那麼這堂課就是為那個裹足不前的你而開的</blockquote>\n\n<p>&nbsp;</p>\n\n<p>在基礎篇裡頭，我會將我個人的醜字蛻變經歷中，整理出系統的寫字要領，</p>\n\n<p>&nbsp;</p>\n\n<ol>\n        <li>包含基本筆法和結構的小秘訣，讓學習者更容易入門寫好字。<br />\n        <br />\n        本課程的教學示範刻意採用一般文具店就可以買到的「SKB 秘書 0.7中油性原子筆」，<br />\n        避免因為老師、學生所使用工具上的差異而的學習阻礙。</li>\n</ol>\n\n<p><br />\n<strong>&darr;來看看關於我寫字的故事吧。</strong></p>\n\n<p>&nbsp;</p>\n\n<h4>課程教學內容</h4>\n\n<p>&nbsp;</p>\n\n<p><strong>1.美字關鍵概述</strong>---練好字之前有幾個成功心法要跟大家分享，觀念正確了，寫字會是一個很享受的過程。</p>\n\n<p><strong>2.如何尋找適合的書寫工具</strong>---這部分將為大家展示鉛筆、原子筆、鋼筆等各種常用的書寫工具，實際示範使用的技巧，並將各種工具的優缺點提出來給入門者參考。</p>\n\n<p><strong>3.基本筆畫要領</strong>---不要小看基本筆畫，一筆一畫都可能是美字的要素。</p>\n\n<p><strong>4.美字結構密訣秘訣</strong>---讓字可以在短時間提升美感的方法就要靠改變結構，這個單元中會提供你所需要的小撇步。</p>\n\n<p>5.&nbsp;<strong>課程補充</strong>---左撇子執筆與運筆、文字的排列</p>\n\n<p>&nbsp;</p>\n\n<blockquote>硬筆習字的三大法寶</blockquote>\n\n<p>&nbsp;</p>\n\n<p>除了用原子筆做為主要示範的工具外，也會特別分享關於「筆、紙、墊」等三樣重要工具之使用經驗。</p>\n\n<p>&nbsp;</p>\n'),
(249, 1, 6, 13, 5, 26, '<h4>你想寫美字嗎？</h4>\n\n<p>寫一手好字或許是大部分人的嚮往，但礙於種種現實因素，常常就此被遺忘。</p>\n\n<p>&nbsp;</p>\n\n<p>但在看到每每在看到他人的一手美字，你總還是止不了心中的蕩漾。</p>\n\n<p>如果你對此心有戚戚焉......</p>\n\n<blockquote>那麼那麼這堂課就是為那個裹足不前的你而開的</blockquote>\n\n<p>&nbsp;</p>\n\n<p>在基礎篇裡頭，我會將我個人的醜字蛻變經歷中，整理出系統的寫字要領，</p>\n\n<p>&nbsp;</p>\n\n<ol>\n        <li>包含基本筆法和結構的小秘訣，讓學習者更容易入門寫好字。<br />\n        <br />\n        本課程的教學示範刻意採用一般文具店就可以買到的「SKB 秘書 0.7中油性原子筆」，<br />\n        避免因為老師、學生所使用工具上的差異而的學習阻礙。</li>\n</ol>\n\n<p><br />\n<strong>&darr;來看看關於我寫字的故事吧。</strong></p>\n\n<p>&nbsp;</p>\n\n<h4>課程教學內容</h4>\n\n<p>&nbsp;</p>\n\n<p><strong>1.美字關鍵概述</strong>---練好字之前有幾個成功心法要跟大家分享，觀念正確了，寫字會是一個很享受的過程。</p>\n\n<p><strong>2.如何尋找適合的書寫工具</strong>---這部分將為大家展示鉛筆、原子筆、鋼筆等各種常用的書寫工具，實際示範使用的技巧，並將各種工具的優缺點提出來給入門者參考。</p>\n\n<p><strong>3.基本筆畫要領</strong>---不要小看基本筆畫，一筆一畫都可能是美字的要素。</p>\n\n<p><strong>4.美字結構密訣秘訣</strong>---讓字可以在短時間提升美感的方法就要靠改變結構，這個單元中會提供你所需要的小撇步。</p>\n\n<p>5.&nbsp;<strong>課程補充</strong>---左撇子執筆與運筆、文字的排列</p>\n\n<p>&nbsp;</p>\n\n<blockquote>硬筆習字的三大法寶</blockquote>\n\n<p>&nbsp;</p>\n\n<p>除了用原子筆做為主要示範的工具外，也會特別分享關於「筆、紙、墊」等三樣重要工具之使用經驗。</p>\n\n<p>&nbsp;</p>\n'),
(250, 1, 7, 12, 1, 29, '<h4>你想寫美字嗎？</h4>\n\n<p>寫一手好字或許是大部分人的嚮往，但礙於種種現實因素，常常就此被遺忘。</p>\n\n<p>&nbsp;</p>\n\n<p>但在看到每每在看到他人的一手美字，你總還是止不了心中的蕩漾。</p>\n\n<p>如果你對此心有戚戚焉......</p>\n\n<blockquote>那麼那麼這堂課就是為那個裹足不前的你而開的</blockquote>\n\n<p>&nbsp;</p>\n\n<p>在基礎篇裡頭，我會將我個人的醜字蛻變經歷中，整理出系統的寫字要領，</p>\n\n<p>&nbsp;</p>\n\n<ol>\n        <li>包含基本筆法和結構的小秘訣，讓學習者更容易入門寫好字。<br />\n        <br />\n        本課程的教學示範刻意採用一般文具店就可以買到的「SKB 秘書 0.7中油性原子筆」，<br />\n        避免因為老師、學生所使用工具上的差異而的學習阻礙。</li>\n</ol>\n\n<p><br />\n<strong>&darr;來看看關於我寫字的故事吧。</strong></p>\n\n<p>&nbsp;</p>\n\n<h4>課程教學內容</h4>\n\n<p>&nbsp;</p>\n\n<p><strong>1.美字關鍵概述</strong>---練好字之前有幾個成功心法要跟大家分享，觀念正確了，寫字會是一個很享受的過程。</p>\n\n<p><strong>2.如何尋找適合的書寫工具</strong>---這部分將為大家展示鉛筆、原子筆、鋼筆等各種常用的書寫工具，實際示範使用的技巧，並將各種工具的優缺點提出來給入門者參考。</p>\n\n<p><strong>3.基本筆畫要領</strong>---不要小看基本筆畫，一筆一畫都可能是美字的要素。</p>\n\n<p><strong>4.美字結構密訣秘訣</strong>---讓字可以在短時間提升美感的方法就要靠改變結構，這個單元中會提供你所需要的小撇步。</p>\n\n<p>5.&nbsp;<strong>課程補充</strong>---左撇子執筆與運筆、文字的排列</p>\n\n<p>&nbsp;</p>\n\n<blockquote>硬筆習字的三大法寶</blockquote>\n\n<p>&nbsp;</p>\n\n<p>除了用原子筆做為主要示範的工具外，也會特別分享關於「筆、紙、墊」等三樣重要工具之使用經驗。</p>\n\n<p>&nbsp;</p>\n'),
(251, 1, 8, 5, 4, 10, '<h4>你想寫美字嗎？</h4>\n\n<p>寫一手好字或許是大部分人的嚮往，但礙於種種現實因素，常常就此被遺忘。</p>\n\n<p>&nbsp;</p>\n\n<p>但在看到每每在看到他人的一手美字，你總還是止不了心中的蕩漾。</p>\n\n<p>如果你對此心有戚戚焉......</p>\n\n<blockquote>那麼那麼這堂課就是為那個裹足不前的你而開的</blockquote>\n\n<p>&nbsp;</p>\n\n<p>在基礎篇裡頭，我會將我個人的醜字蛻變經歷中，整理出系統的寫字要領，</p>\n\n<p>&nbsp;</p>\n\n<ol>\n        <li>包含基本筆法和結構的小秘訣，讓學習者更容易入門寫好字。<br />\n        <br />\n        本課程的教學示範刻意採用一般文具店就可以買到的「SKB 秘書 0.7中油性原子筆」，<br />\n        避免因為老師、學生所使用工具上的差異而的學習阻礙。</li>\n</ol>\n\n<p><br />\n<strong>&darr;來看看關於我寫字的故事吧。</strong></p>\n\n<p>&nbsp;</p>\n\n<h4>課程教學內容</h4>\n\n<p>&nbsp;</p>\n\n<p><strong>1.美字關鍵概述</strong>---練好字之前有幾個成功心法要跟大家分享，觀念正確了，寫字會是一個很享受的過程。</p>\n\n<p><strong>2.如何尋找適合的書寫工具</strong>---這部分將為大家展示鉛筆、原子筆、鋼筆等各種常用的書寫工具，實際示範使用的技巧，並將各種工具的優缺點提出來給入門者參考。</p>\n\n<p><strong>3.基本筆畫要領</strong>---不要小看基本筆畫，一筆一畫都可能是美字的要素。</p>\n\n<p><strong>4.美字結構密訣秘訣</strong>---讓字可以在短時間提升美感的方法就要靠改變結構，這個單元中會提供你所需要的小撇步。</p>\n\n<p>5.&nbsp;<strong>課程補充</strong>---左撇子執筆與運筆、文字的排列</p>\n\n<p>&nbsp;</p>\n\n<blockquote>硬筆習字的三大法寶</blockquote>\n\n<p>&nbsp;</p>\n\n<p>除了用原子筆做為主要示範的工具外，也會特別分享關於「筆、紙、墊」等三樣重要工具之使用經驗。</p>\n\n<p>&nbsp;</p>\n'),
(252, 1, 9, 19, 2, 10, '<h4>你想寫美字嗎？</h4>\n\n<p>寫一手好字或許是大部分人的嚮往，但礙於種種現實因素，常常就此被遺忘。</p>\n\n<p>&nbsp;</p>\n\n<p>但在看到每每在看到他人的一手美字，你總還是止不了心中的蕩漾。</p>\n\n<p>如果你對此心有戚戚焉......</p>\n\n<blockquote>那麼那麼這堂課就是為那個裹足不前的你而開的</blockquote>\n\n<p>&nbsp;</p>\n\n<p>在基礎篇裡頭，我會將我個人的醜字蛻變經歷中，整理出系統的寫字要領，</p>\n\n<p>&nbsp;</p>\n\n<ol>\n        <li>包含基本筆法和結構的小秘訣，讓學習者更容易入門寫好字。<br />\n        <br />\n        本課程的教學示範刻意採用一般文具店就可以買到的「SKB 秘書 0.7中油性原子筆」，<br />\n        避免因為老師、學生所使用工具上的差異而的學習阻礙。</li>\n</ol>\n\n<p><br />\n<strong>&darr;來看看關於我寫字的故事吧。</strong></p>\n\n<p>&nbsp;</p>\n\n<h4>課程教學內容</h4>\n\n<p>&nbsp;</p>\n\n<p><strong>1.美字關鍵概述</strong>---練好字之前有幾個成功心法要跟大家分享，觀念正確了，寫字會是一個很享受的過程。</p>\n\n<p><strong>2.如何尋找適合的書寫工具</strong>---這部分將為大家展示鉛筆、原子筆、鋼筆等各種常用的書寫工具，實際示範使用的技巧，並將各種工具的優缺點提出來給入門者參考。</p>\n\n<p><strong>3.基本筆畫要領</strong>---不要小看基本筆畫，一筆一畫都可能是美字的要素。</p>\n\n<p><strong>4.美字結構密訣秘訣</strong>---讓字可以在短時間提升美感的方法就要靠改變結構，這個單元中會提供你所需要的小撇步。</p>\n\n<p>5.&nbsp;<strong>課程補充</strong>---左撇子執筆與運筆、文字的排列</p>\n\n<p>&nbsp;</p>\n\n<blockquote>硬筆習字的三大法寶</blockquote>\n\n<p>&nbsp;</p>\n\n<p>除了用原子筆做為主要示範的工具外，也會特別分享關於「筆、紙、墊」等三樣重要工具之使用經驗。</p>\n\n<p>&nbsp;</p>\n'),
(253, 1, 10, 17, 3, 18, '<h4>你想寫美字嗎？</h4>\n\n<p>寫一手好字或許是大部分人的嚮往，但礙於種種現實因素，常常就此被遺忘。</p>\n\n<p>&nbsp;</p>\n\n<p>但在看到每每在看到他人的一手美字，你總還是止不了心中的蕩漾。</p>\n\n<p>如果你對此心有戚戚焉......</p>\n\n<blockquote>那麼那麼這堂課就是為那個裹足不前的你而開的</blockquote>\n\n<p>&nbsp;</p>\n\n<p>在基礎篇裡頭，我會將我個人的醜字蛻變經歷中，整理出系統的寫字要領，</p>\n\n<p>&nbsp;</p>\n\n<ol>\n        <li>包含基本筆法和結構的小秘訣，讓學習者更容易入門寫好字。<br />\n        <br />\n        本課程的教學示範刻意採用一般文具店就可以買到的「SKB 秘書 0.7中油性原子筆」，<br />\n        避免因為老師、學生所使用工具上的差異而的學習阻礙。</li>\n</ol>\n\n<p><br />\n<strong>&darr;來看看關於我寫字的故事吧。</strong></p>\n\n<p>&nbsp;</p>\n\n<h4>課程教學內容</h4>\n\n<p>&nbsp;</p>\n\n<p><strong>1.美字關鍵概述</strong>---練好字之前有幾個成功心法要跟大家分享，觀念正確了，寫字會是一個很享受的過程。</p>\n\n<p><strong>2.如何尋找適合的書寫工具</strong>---這部分將為大家展示鉛筆、原子筆、鋼筆等各種常用的書寫工具，實際示範使用的技巧，並將各種工具的優缺點提出來給入門者參考。</p>\n\n<p><strong>3.基本筆畫要領</strong>---不要小看基本筆畫，一筆一畫都可能是美字的要素。</p>\n\n<p><strong>4.美字結構密訣秘訣</strong>---讓字可以在短時間提升美感的方法就要靠改變結構，這個單元中會提供你所需要的小撇步。</p>\n\n<p>5.&nbsp;<strong>課程補充</strong>---左撇子執筆與運筆、文字的排列</p>\n\n<p>&nbsp;</p>\n\n<blockquote>硬筆習字的三大法寶</blockquote>\n\n<p>&nbsp;</p>\n\n<p>除了用原子筆做為主要示範的工具外，也會特別分享關於「筆、紙、墊」等三樣重要工具之使用經驗。</p>\n\n<p>&nbsp;</p>\n'),
(254, 1, 11, 22, 3, 19, '<h4>你想寫美字嗎？</h4>\n\n<p>寫一手好字或許是大部分人的嚮往，但礙於種種現實因素，常常就此被遺忘。</p>\n\n<p>&nbsp;</p>\n\n<p>但在看到每每在看到他人的一手美字，你總還是止不了心中的蕩漾。</p>\n\n<p>如果你對此心有戚戚焉......</p>\n\n<blockquote>那麼那麼這堂課就是為那個裹足不前的你而開的</blockquote>\n\n<p>&nbsp;</p>\n\n<p>在基礎篇裡頭，我會將我個人的醜字蛻變經歷中，整理出系統的寫字要領，</p>\n\n<p>&nbsp;</p>\n\n<ol>\n        <li>包含基本筆法和結構的小秘訣，讓學習者更容易入門寫好字。<br />\n        <br />\n        本課程的教學示範刻意採用一般文具店就可以買到的「SKB 秘書 0.7中油性原子筆」，<br />\n        避免因為老師、學生所使用工具上的差異而的學習阻礙。</li>\n</ol>\n\n<p><br />\n<strong>&darr;來看看關於我寫字的故事吧。</strong></p>\n\n<p>&nbsp;</p>\n\n<h4>課程教學內容</h4>\n\n<p>&nbsp;</p>\n\n<p><strong>1.美字關鍵概述</strong>---練好字之前有幾個成功心法要跟大家分享，觀念正確了，寫字會是一個很享受的過程。</p>\n\n<p><strong>2.如何尋找適合的書寫工具</strong>---這部分將為大家展示鉛筆、原子筆、鋼筆等各種常用的書寫工具，實際示範使用的技巧，並將各種工具的優缺點提出來給入門者參考。</p>\n\n<p><strong>3.基本筆畫要領</strong>---不要小看基本筆畫，一筆一畫都可能是美字的要素。</p>\n\n<p><strong>4.美字結構密訣秘訣</strong>---讓字可以在短時間提升美感的方法就要靠改變結構，這個單元中會提供你所需要的小撇步。</p>\n\n<p>5.&nbsp;<strong>課程補充</strong>---左撇子執筆與運筆、文字的排列</p>\n\n<p>&nbsp;</p>\n\n<blockquote>硬筆習字的三大法寶</blockquote>\n\n<p>&nbsp;</p>\n\n<p>除了用原子筆做為主要示範的工具外，也會特別分享關於「筆、紙、墊」等三樣重要工具之使用經驗。</p>\n\n<p>&nbsp;</p>\n'),
(255, 1, 12, 16, 3, 26, '<h4>你想寫美字嗎？</h4>\n\n<p>寫一手好字或許是大部分人的嚮往，但礙於種種現實因素，常常就此被遺忘。</p>\n\n<p>&nbsp;</p>\n\n<p>但在看到每每在看到他人的一手美字，你總還是止不了心中的蕩漾。</p>\n\n<p>如果你對此心有戚戚焉......</p>\n\n<blockquote>那麼那麼這堂課就是為那個裹足不前的你而開的</blockquote>\n\n<p>&nbsp;</p>\n\n<p>在基礎篇裡頭，我會將我個人的醜字蛻變經歷中，整理出系統的寫字要領，</p>\n\n<p>&nbsp;</p>\n\n<ol>\n        <li>包含基本筆法和結構的小秘訣，讓學習者更容易入門寫好字。<br />\n        <br />\n        本課程的教學示範刻意採用一般文具店就可以買到的「SKB 秘書 0.7中油性原子筆」，<br />\n        避免因為老師、學生所使用工具上的差異而的學習阻礙。</li>\n</ol>\n\n<p><br />\n<strong>&darr;來看看關於我寫字的故事吧。</strong></p>\n\n<p>&nbsp;</p>\n\n<h4>課程教學內容</h4>\n\n<p>&nbsp;</p>\n\n<p><strong>1.美字關鍵概述</strong>---練好字之前有幾個成功心法要跟大家分享，觀念正確了，寫字會是一個很享受的過程。</p>\n\n<p><strong>2.如何尋找適合的書寫工具</strong>---這部分將為大家展示鉛筆、原子筆、鋼筆等各種常用的書寫工具，實際示範使用的技巧，並將各種工具的優缺點提出來給入門者參考。</p>\n\n<p><strong>3.基本筆畫要領</strong>---不要小看基本筆畫，一筆一畫都可能是美字的要素。</p>\n\n<p><strong>4.美字結構密訣秘訣</strong>---讓字可以在短時間提升美感的方法就要靠改變結構，這個單元中會提供你所需要的小撇步。</p>\n\n<p>5.&nbsp;<strong>課程補充</strong>---左撇子執筆與運筆、文字的排列</p>\n\n<p>&nbsp;</p>\n\n<blockquote>硬筆習字的三大法寶</blockquote>\n\n<p>&nbsp;</p>\n\n<p>除了用原子筆做為主要示範的工具外，也會特別分享關於「筆、紙、墊」等三樣重要工具之使用經驗。</p>\n\n<p>&nbsp;</p>\n'),
(256, 1, 13, 7, 1, 21, '<h4>你想寫美字嗎？</h4>\n\n<p>寫一手好字或許是大部分人的嚮往，但礙於種種現實因素，常常就此被遺忘。</p>\n\n<p>&nbsp;</p>\n\n<p>但在看到每每在看到他人的一手美字，你總還是止不了心中的蕩漾。</p>\n\n<p>如果你對此心有戚戚焉......</p>\n\n<blockquote>那麼那麼這堂課就是為那個裹足不前的你而開的</blockquote>\n\n<p>&nbsp;</p>\n\n<p>在基礎篇裡頭，我會將我個人的醜字蛻變經歷中，整理出系統的寫字要領，</p>\n\n<p>&nbsp;</p>\n\n<ol>\n        <li>包含基本筆法和結構的小秘訣，讓學習者更容易入門寫好字。<br />\n        <br />\n        本課程的教學示範刻意採用一般文具店就可以買到的「SKB 秘書 0.7中油性原子筆」，<br />\n        避免因為老師、學生所使用工具上的差異而的學習阻礙。</li>\n</ol>\n\n<p><br />\n<strong>&darr;來看看關於我寫字的故事吧。</strong></p>\n\n<p>&nbsp;</p>\n\n<h4>課程教學內容</h4>\n\n<p>&nbsp;</p>\n\n<p><strong>1.美字關鍵概述</strong>---練好字之前有幾個成功心法要跟大家分享，觀念正確了，寫字會是一個很享受的過程。</p>\n\n<p><strong>2.如何尋找適合的書寫工具</strong>---這部分將為大家展示鉛筆、原子筆、鋼筆等各種常用的書寫工具，實際示範使用的技巧，並將各種工具的優缺點提出來給入門者參考。</p>\n\n<p><strong>3.基本筆畫要領</strong>---不要小看基本筆畫，一筆一畫都可能是美字的要素。</p>\n\n<p><strong>4.美字結構密訣秘訣</strong>---讓字可以在短時間提升美感的方法就要靠改變結構，這個單元中會提供你所需要的小撇步。</p>\n\n<p>5.&nbsp;<strong>課程補充</strong>---左撇子執筆與運筆、文字的排列</p>\n\n<p>&nbsp;</p>\n\n<blockquote>硬筆習字的三大法寶</blockquote>\n\n<p>&nbsp;</p>\n\n<p>除了用原子筆做為主要示範的工具外，也會特別分享關於「筆、紙、墊」等三樣重要工具之使用經驗。</p>\n\n<p>&nbsp;</p>\n'),
(257, 1, 14, 13, 2, 27, '<h4>你想寫美字嗎？</h4>\n\n<p>寫一手好字或許是大部分人的嚮往，但礙於種種現實因素，常常就此被遺忘。</p>\n\n<p>&nbsp;</p>\n\n<p>但在看到每每在看到他人的一手美字，你總還是止不了心中的蕩漾。</p>\n\n<p>如果你對此心有戚戚焉......</p>\n\n<blockquote>那麼那麼這堂課就是為那個裹足不前的你而開的</blockquote>\n\n<p>&nbsp;</p>\n\n<p>在基礎篇裡頭，我會將我個人的醜字蛻變經歷中，整理出系統的寫字要領，</p>\n\n<p>&nbsp;</p>\n\n<ol>\n        <li>包含基本筆法和結構的小秘訣，讓學習者更容易入門寫好字。<br />\n        <br />\n        本課程的教學示範刻意採用一般文具店就可以買到的「SKB 秘書 0.7中油性原子筆」，<br />\n        避免因為老師、學生所使用工具上的差異而的學習阻礙。</li>\n</ol>\n\n<p><br />\n<strong>&darr;來看看關於我寫字的故事吧。</strong></p>\n\n<p>&nbsp;</p>\n\n<h4>課程教學內容</h4>\n\n<p>&nbsp;</p>\n\n<p><strong>1.美字關鍵概述</strong>---練好字之前有幾個成功心法要跟大家分享，觀念正確了，寫字會是一個很享受的過程。</p>\n\n<p><strong>2.如何尋找適合的書寫工具</strong>---這部分將為大家展示鉛筆、原子筆、鋼筆等各種常用的書寫工具，實際示範使用的技巧，並將各種工具的優缺點提出來給入門者參考。</p>\n\n<p><strong>3.基本筆畫要領</strong>---不要小看基本筆畫，一筆一畫都可能是美字的要素。</p>\n\n<p><strong>4.美字結構密訣秘訣</strong>---讓字可以在短時間提升美感的方法就要靠改變結構，這個單元中會提供你所需要的小撇步。</p>\n\n<p>5.&nbsp;<strong>課程補充</strong>---左撇子執筆與運筆、文字的排列</p>\n\n<p>&nbsp;</p>\n\n<blockquote>硬筆習字的三大法寶</blockquote>\n\n<p>&nbsp;</p>\n\n<p>除了用原子筆做為主要示範的工具外，也會特別分享關於「筆、紙、墊」等三樣重要工具之使用經驗。</p>\n\n<p>&nbsp;</p>\n');
INSERT INTO `course_product` (`product_id`, `category_id`, `teacher_id`, `total_minute`, `rank`, `student_num`, `article`) VALUES
(258, 1, 15, 12, 2, 30, '<h4>你想寫美字嗎？</h4>\n\n<p>寫一手好字或許是大部分人的嚮往，但礙於種種現實因素，常常就此被遺忘。</p>\n\n<p>&nbsp;</p>\n\n<p>但在看到每每在看到他人的一手美字，你總還是止不了心中的蕩漾。</p>\n\n<p>如果你對此心有戚戚焉......</p>\n\n<blockquote>那麼那麼這堂課就是為那個裹足不前的你而開的</blockquote>\n\n<p>&nbsp;</p>\n\n<p>在基礎篇裡頭，我會將我個人的醜字蛻變經歷中，整理出系統的寫字要領，</p>\n\n<p>&nbsp;</p>\n\n<ol>\n        <li>包含基本筆法和結構的小秘訣，讓學習者更容易入門寫好字。<br />\n        <br />\n        本課程的教學示範刻意採用一般文具店就可以買到的「SKB 秘書 0.7中油性原子筆」，<br />\n        避免因為老師、學生所使用工具上的差異而的學習阻礙。</li>\n</ol>\n\n<p><br />\n<strong>&darr;來看看關於我寫字的故事吧。</strong></p>\n\n<p>&nbsp;</p>\n\n<h4>課程教學內容</h4>\n\n<p>&nbsp;</p>\n\n<p><strong>1.美字關鍵概述</strong>---練好字之前有幾個成功心法要跟大家分享，觀念正確了，寫字會是一個很享受的過程。</p>\n\n<p><strong>2.如何尋找適合的書寫工具</strong>---這部分將為大家展示鉛筆、原子筆、鋼筆等各種常用的書寫工具，實際示範使用的技巧，並將各種工具的優缺點提出來給入門者參考。</p>\n\n<p><strong>3.基本筆畫要領</strong>---不要小看基本筆畫，一筆一畫都可能是美字的要素。</p>\n\n<p><strong>4.美字結構密訣秘訣</strong>---讓字可以在短時間提升美感的方法就要靠改變結構，這個單元中會提供你所需要的小撇步。</p>\n\n<p>5.&nbsp;<strong>課程補充</strong>---左撇子執筆與運筆、文字的排列</p>\n\n<p>&nbsp;</p>\n\n<blockquote>硬筆習字的三大法寶</blockquote>\n\n<p>&nbsp;</p>\n\n<p>除了用原子筆做為主要示範的工具外，也會特別分享關於「筆、紙、墊」等三樣重要工具之使用經驗。</p>\n\n<p>&nbsp;</p>\n'),
(259, 2, 1, 14, 3, 21, '<h4>你想寫美字嗎？</h4>\n\n<p>寫一手好字或許是大部分人的嚮往，但礙於種種現實因素，常常就此被遺忘。</p>\n\n<p>&nbsp;</p>\n\n<p>但在看到每每在看到他人的一手美字，你總還是止不了心中的蕩漾。</p>\n\n<p>如果你對此心有戚戚焉......</p>\n\n<blockquote>那麼那麼這堂課就是為那個裹足不前的你而開的</blockquote>\n\n<p>&nbsp;</p>\n\n<p>在基礎篇裡頭，我會將我個人的醜字蛻變經歷中，整理出系統的寫字要領，</p>\n\n<p>&nbsp;</p>\n\n<ol>\n        <li>包含基本筆法和結構的小秘訣，讓學習者更容易入門寫好字。<br />\n        <br />\n        本課程的教學示範刻意採用一般文具店就可以買到的「SKB 秘書 0.7中油性原子筆」，<br />\n        避免因為老師、學生所使用工具上的差異而的學習阻礙。</li>\n</ol>\n\n<p><br />\n<strong>&darr;來看看關於我寫字的故事吧。</strong></p>\n\n<p>&nbsp;</p>\n\n<h4>課程教學內容</h4>\n\n<p>&nbsp;</p>\n\n<p><strong>1.美字關鍵概述</strong>---練好字之前有幾個成功心法要跟大家分享，觀念正確了，寫字會是一個很享受的過程。</p>\n\n<p><strong>2.如何尋找適合的書寫工具</strong>---這部分將為大家展示鉛筆、原子筆、鋼筆等各種常用的書寫工具，實際示範使用的技巧，並將各種工具的優缺點提出來給入門者參考。</p>\n\n<p><strong>3.基本筆畫要領</strong>---不要小看基本筆畫，一筆一畫都可能是美字的要素。</p>\n\n<p><strong>4.美字結構密訣秘訣</strong>---讓字可以在短時間提升美感的方法就要靠改變結構，這個單元中會提供你所需要的小撇步。</p>\n\n<p>5.&nbsp;<strong>課程補充</strong>---左撇子執筆與運筆、文字的排列</p>\n\n<p>&nbsp;</p>\n\n<blockquote>硬筆習字的三大法寶</blockquote>\n\n<p>&nbsp;</p>\n\n<p>除了用原子筆做為主要示範的工具外，也會特別分享關於「筆、紙、墊」等三樣重要工具之使用經驗。</p>\n\n<p>&nbsp;</p>\n'),
(260, 2, 2, 25, 4, 12, '<h4>你想寫美字嗎？</h4>\n\n<p>寫一手好字或許是大部分人的嚮往，但礙於種種現實因素，常常就此被遺忘。</p>\n\n<p>&nbsp;</p>\n\n<p>但在看到每每在看到他人的一手美字，你總還是止不了心中的蕩漾。</p>\n\n<p>如果你對此心有戚戚焉......</p>\n\n<blockquote>那麼那麼這堂課就是為那個裹足不前的你而開的</blockquote>\n\n<p>&nbsp;</p>\n\n<p>在基礎篇裡頭，我會將我個人的醜字蛻變經歷中，整理出系統的寫字要領，</p>\n\n<p>&nbsp;</p>\n\n<ol>\n        <li>包含基本筆法和結構的小秘訣，讓學習者更容易入門寫好字。<br />\n        <br />\n        本課程的教學示範刻意採用一般文具店就可以買到的「SKB 秘書 0.7中油性原子筆」，<br />\n        避免因為老師、學生所使用工具上的差異而的學習阻礙。</li>\n</ol>\n\n<p><br />\n<strong>&darr;來看看關於我寫字的故事吧。</strong></p>\n\n<p>&nbsp;</p>\n\n<h4>課程教學內容</h4>\n\n<p>&nbsp;</p>\n\n<p><strong>1.美字關鍵概述</strong>---練好字之前有幾個成功心法要跟大家分享，觀念正確了，寫字會是一個很享受的過程。</p>\n\n<p><strong>2.如何尋找適合的書寫工具</strong>---這部分將為大家展示鉛筆、原子筆、鋼筆等各種常用的書寫工具，實際示範使用的技巧，並將各種工具的優缺點提出來給入門者參考。</p>\n\n<p><strong>3.基本筆畫要領</strong>---不要小看基本筆畫，一筆一畫都可能是美字的要素。</p>\n\n<p><strong>4.美字結構密訣秘訣</strong>---讓字可以在短時間提升美感的方法就要靠改變結構，這個單元中會提供你所需要的小撇步。</p>\n\n<p>5.&nbsp;<strong>課程補充</strong>---左撇子執筆與運筆、文字的排列</p>\n\n<p>&nbsp;</p>\n\n<blockquote>硬筆習字的三大法寶</blockquote>\n\n<p>&nbsp;</p>\n\n<p>除了用原子筆做為主要示範的工具外，也會特別分享關於「筆、紙、墊」等三樣重要工具之使用經驗。</p>\n\n<p>&nbsp;</p>\n'),
(261, 2, 3, 14, 2, 16, '<h4>你想寫美字嗎？</h4>\n\n<p>寫一手好字或許是大部分人的嚮往，但礙於種種現實因素，常常就此被遺忘。</p>\n\n<p>&nbsp;</p>\n\n<p>但在看到每每在看到他人的一手美字，你總還是止不了心中的蕩漾。</p>\n\n<p>如果你對此心有戚戚焉......</p>\n\n<blockquote>那麼那麼這堂課就是為那個裹足不前的你而開的</blockquote>\n\n<p>&nbsp;</p>\n\n<p>在基礎篇裡頭，我會將我個人的醜字蛻變經歷中，整理出系統的寫字要領，</p>\n\n<p>&nbsp;</p>\n\n<ol>\n        <li>包含基本筆法和結構的小秘訣，讓學習者更容易入門寫好字。<br />\n        <br />\n        本課程的教學示範刻意採用一般文具店就可以買到的「SKB 秘書 0.7中油性原子筆」，<br />\n        避免因為老師、學生所使用工具上的差異而的學習阻礙。</li>\n</ol>\n\n<p><br />\n<strong>&darr;來看看關於我寫字的故事吧。</strong></p>\n\n<p>&nbsp;</p>\n\n<h4>課程教學內容</h4>\n\n<p>&nbsp;</p>\n\n<p><strong>1.美字關鍵概述</strong>---練好字之前有幾個成功心法要跟大家分享，觀念正確了，寫字會是一個很享受的過程。</p>\n\n<p><strong>2.如何尋找適合的書寫工具</strong>---這部分將為大家展示鉛筆、原子筆、鋼筆等各種常用的書寫工具，實際示範使用的技巧，並將各種工具的優缺點提出來給入門者參考。</p>\n\n<p><strong>3.基本筆畫要領</strong>---不要小看基本筆畫，一筆一畫都可能是美字的要素。</p>\n\n<p><strong>4.美字結構密訣秘訣</strong>---讓字可以在短時間提升美感的方法就要靠改變結構，這個單元中會提供你所需要的小撇步。</p>\n\n<p>5.&nbsp;<strong>課程補充</strong>---左撇子執筆與運筆、文字的排列</p>\n\n<p>&nbsp;</p>\n\n<blockquote>硬筆習字的三大法寶</blockquote>\n\n<p>&nbsp;</p>\n\n<p>除了用原子筆做為主要示範的工具外，也會特別分享關於「筆、紙、墊」等三樣重要工具之使用經驗。</p>\n\n<p>&nbsp;</p>\n'),
(262, 2, 4, 14, 2, 24, '<h4>你想寫美字嗎？</h4>\n\n<p>寫一手好字或許是大部分人的嚮往，但礙於種種現實因素，常常就此被遺忘。</p>\n\n<p>&nbsp;</p>\n\n<p>但在看到每每在看到他人的一手美字，你總還是止不了心中的蕩漾。</p>\n\n<p>如果你對此心有戚戚焉......</p>\n\n<blockquote>那麼那麼這堂課就是為那個裹足不前的你而開的</blockquote>\n\n<p>&nbsp;</p>\n\n<p>在基礎篇裡頭，我會將我個人的醜字蛻變經歷中，整理出系統的寫字要領，</p>\n\n<p>&nbsp;</p>\n\n<ol>\n        <li>包含基本筆法和結構的小秘訣，讓學習者更容易入門寫好字。<br />\n        <br />\n        本課程的教學示範刻意採用一般文具店就可以買到的「SKB 秘書 0.7中油性原子筆」，<br />\n        避免因為老師、學生所使用工具上的差異而的學習阻礙。</li>\n</ol>\n\n<p><br />\n<strong>&darr;來看看關於我寫字的故事吧。</strong></p>\n\n<p>&nbsp;</p>\n\n<h4>課程教學內容</h4>\n\n<p>&nbsp;</p>\n\n<p><strong>1.美字關鍵概述</strong>---練好字之前有幾個成功心法要跟大家分享，觀念正確了，寫字會是一個很享受的過程。</p>\n\n<p><strong>2.如何尋找適合的書寫工具</strong>---這部分將為大家展示鉛筆、原子筆、鋼筆等各種常用的書寫工具，實際示範使用的技巧，並將各種工具的優缺點提出來給入門者參考。</p>\n\n<p><strong>3.基本筆畫要領</strong>---不要小看基本筆畫，一筆一畫都可能是美字的要素。</p>\n\n<p><strong>4.美字結構密訣秘訣</strong>---讓字可以在短時間提升美感的方法就要靠改變結構，這個單元中會提供你所需要的小撇步。</p>\n\n<p>5.&nbsp;<strong>課程補充</strong>---左撇子執筆與運筆、文字的排列</p>\n\n<p>&nbsp;</p>\n\n<blockquote>硬筆習字的三大法寶</blockquote>\n\n<p>&nbsp;</p>\n\n<p>除了用原子筆做為主要示範的工具外，也會特別分享關於「筆、紙、墊」等三樣重要工具之使用經驗。</p>\n\n<p>&nbsp;</p>\n'),
(263, 2, 5, 13, 1, 10, '<h4>你想寫美字嗎？</h4>\n\n<p>寫一手好字或許是大部分人的嚮往，但礙於種種現實因素，常常就此被遺忘。</p>\n\n<p>&nbsp;</p>\n\n<p>但在看到每每在看到他人的一手美字，你總還是止不了心中的蕩漾。</p>\n\n<p>如果你對此心有戚戚焉......</p>\n\n<blockquote>那麼那麼這堂課就是為那個裹足不前的你而開的</blockquote>\n\n<p>&nbsp;</p>\n\n<p>在基礎篇裡頭，我會將我個人的醜字蛻變經歷中，整理出系統的寫字要領，</p>\n\n<p>&nbsp;</p>\n\n<ol>\n        <li>包含基本筆法和結構的小秘訣，讓學習者更容易入門寫好字。<br />\n        <br />\n        本課程的教學示範刻意採用一般文具店就可以買到的「SKB 秘書 0.7中油性原子筆」，<br />\n        避免因為老師、學生所使用工具上的差異而的學習阻礙。</li>\n</ol>\n\n<p><br />\n<strong>&darr;來看看關於我寫字的故事吧。</strong></p>\n\n<p>&nbsp;</p>\n\n<h4>課程教學內容</h4>\n\n<p>&nbsp;</p>\n\n<p><strong>1.美字關鍵概述</strong>---練好字之前有幾個成功心法要跟大家分享，觀念正確了，寫字會是一個很享受的過程。</p>\n\n<p><strong>2.如何尋找適合的書寫工具</strong>---這部分將為大家展示鉛筆、原子筆、鋼筆等各種常用的書寫工具，實際示範使用的技巧，並將各種工具的優缺點提出來給入門者參考。</p>\n\n<p><strong>3.基本筆畫要領</strong>---不要小看基本筆畫，一筆一畫都可能是美字的要素。</p>\n\n<p><strong>4.美字結構密訣秘訣</strong>---讓字可以在短時間提升美感的方法就要靠改變結構，這個單元中會提供你所需要的小撇步。</p>\n\n<p>5.&nbsp;<strong>課程補充</strong>---左撇子執筆與運筆、文字的排列</p>\n\n<p>&nbsp;</p>\n\n<blockquote>硬筆習字的三大法寶</blockquote>\n\n<p>&nbsp;</p>\n\n<p>除了用原子筆做為主要示範的工具外，也會特別分享關於「筆、紙、墊」等三樣重要工具之使用經驗。</p>\n\n<p>&nbsp;</p>\n'),
(264, 2, 6, 16, 2, 24, '<h4>你想寫美字嗎？</h4>\n\n<p>寫一手好字或許是大部分人的嚮往，但礙於種種現實因素，常常就此被遺忘。</p>\n\n<p>&nbsp;</p>\n\n<p>但在看到每每在看到他人的一手美字，你總還是止不了心中的蕩漾。</p>\n\n<p>如果你對此心有戚戚焉......</p>\n\n<blockquote>那麼那麼這堂課就是為那個裹足不前的你而開的</blockquote>\n\n<p>&nbsp;</p>\n\n<p>在基礎篇裡頭，我會將我個人的醜字蛻變經歷中，整理出系統的寫字要領，</p>\n\n<p>&nbsp;</p>\n\n<ol>\n        <li>包含基本筆法和結構的小秘訣，讓學習者更容易入門寫好字。<br />\n        <br />\n        本課程的教學示範刻意採用一般文具店就可以買到的「SKB 秘書 0.7中油性原子筆」，<br />\n        避免因為老師、學生所使用工具上的差異而的學習阻礙。</li>\n</ol>\n\n<p><br />\n<strong>&darr;來看看關於我寫字的故事吧。</strong></p>\n\n<p>&nbsp;</p>\n\n<h4>課程教學內容</h4>\n\n<p>&nbsp;</p>\n\n<p><strong>1.美字關鍵概述</strong>---練好字之前有幾個成功心法要跟大家分享，觀念正確了，寫字會是一個很享受的過程。</p>\n\n<p><strong>2.如何尋找適合的書寫工具</strong>---這部分將為大家展示鉛筆、原子筆、鋼筆等各種常用的書寫工具，實際示範使用的技巧，並將各種工具的優缺點提出來給入門者參考。</p>\n\n<p><strong>3.基本筆畫要領</strong>---不要小看基本筆畫，一筆一畫都可能是美字的要素。</p>\n\n<p><strong>4.美字結構密訣秘訣</strong>---讓字可以在短時間提升美感的方法就要靠改變結構，這個單元中會提供你所需要的小撇步。</p>\n\n<p>5.&nbsp;<strong>課程補充</strong>---左撇子執筆與運筆、文字的排列</p>\n\n<p>&nbsp;</p>\n\n<blockquote>硬筆習字的三大法寶</blockquote>\n\n<p>&nbsp;</p>\n\n<p>除了用原子筆做為主要示範的工具外，也會特別分享關於「筆、紙、墊」等三樣重要工具之使用經驗。</p>\n\n<p>&nbsp;</p>\n'),
(265, 2, 7, 21, 5, 27, '<h4>你想寫美字嗎？</h4>\n\n<p>寫一手好字或許是大部分人的嚮往，但礙於種種現實因素，常常就此被遺忘。</p>\n\n<p>&nbsp;</p>\n\n<p>但在看到每每在看到他人的一手美字，你總還是止不了心中的蕩漾。</p>\n\n<p>如果你對此心有戚戚焉......</p>\n\n<blockquote>那麼那麼這堂課就是為那個裹足不前的你而開的</blockquote>\n\n<p>&nbsp;</p>\n\n<p>在基礎篇裡頭，我會將我個人的醜字蛻變經歷中，整理出系統的寫字要領，</p>\n\n<p>&nbsp;</p>\n\n<ol>\n        <li>包含基本筆法和結構的小秘訣，讓學習者更容易入門寫好字。<br />\n        <br />\n        本課程的教學示範刻意採用一般文具店就可以買到的「SKB 秘書 0.7中油性原子筆」，<br />\n        避免因為老師、學生所使用工具上的差異而的學習阻礙。</li>\n</ol>\n\n<p><br />\n<strong>&darr;來看看關於我寫字的故事吧。</strong></p>\n\n<p>&nbsp;</p>\n\n<h4>課程教學內容</h4>\n\n<p>&nbsp;</p>\n\n<p><strong>1.美字關鍵概述</strong>---練好字之前有幾個成功心法要跟大家分享，觀念正確了，寫字會是一個很享受的過程。</p>\n\n<p><strong>2.如何尋找適合的書寫工具</strong>---這部分將為大家展示鉛筆、原子筆、鋼筆等各種常用的書寫工具，實際示範使用的技巧，並將各種工具的優缺點提出來給入門者參考。</p>\n\n<p><strong>3.基本筆畫要領</strong>---不要小看基本筆畫，一筆一畫都可能是美字的要素。</p>\n\n<p><strong>4.美字結構密訣秘訣</strong>---讓字可以在短時間提升美感的方法就要靠改變結構，這個單元中會提供你所需要的小撇步。</p>\n\n<p>5.&nbsp;<strong>課程補充</strong>---左撇子執筆與運筆、文字的排列</p>\n\n<p>&nbsp;</p>\n\n<blockquote>硬筆習字的三大法寶</blockquote>\n\n<p>&nbsp;</p>\n\n<p>除了用原子筆做為主要示範的工具外，也會特別分享關於「筆、紙、墊」等三樣重要工具之使用經驗。</p>\n\n<p>&nbsp;</p>\n'),
(266, 2, 8, 10, 2, 25, '<h4>你想寫美字嗎？</h4>\n\n<p>寫一手好字或許是大部分人的嚮往，但礙於種種現實因素，常常就此被遺忘。</p>\n\n<p>&nbsp;</p>\n\n<p>但在看到每每在看到他人的一手美字，你總還是止不了心中的蕩漾。</p>\n\n<p>如果你對此心有戚戚焉......</p>\n\n<blockquote>那麼那麼這堂課就是為那個裹足不前的你而開的</blockquote>\n\n<p>&nbsp;</p>\n\n<p>在基礎篇裡頭，我會將我個人的醜字蛻變經歷中，整理出系統的寫字要領，</p>\n\n<p>&nbsp;</p>\n\n<ol>\n        <li>包含基本筆法和結構的小秘訣，讓學習者更容易入門寫好字。<br />\n        <br />\n        本課程的教學示範刻意採用一般文具店就可以買到的「SKB 秘書 0.7中油性原子筆」，<br />\n        避免因為老師、學生所使用工具上的差異而的學習阻礙。</li>\n</ol>\n\n<p><br />\n<strong>&darr;來看看關於我寫字的故事吧。</strong></p>\n\n<p>&nbsp;</p>\n\n<h4>課程教學內容</h4>\n\n<p>&nbsp;</p>\n\n<p><strong>1.美字關鍵概述</strong>---練好字之前有幾個成功心法要跟大家分享，觀念正確了，寫字會是一個很享受的過程。</p>\n\n<p><strong>2.如何尋找適合的書寫工具</strong>---這部分將為大家展示鉛筆、原子筆、鋼筆等各種常用的書寫工具，實際示範使用的技巧，並將各種工具的優缺點提出來給入門者參考。</p>\n\n<p><strong>3.基本筆畫要領</strong>---不要小看基本筆畫，一筆一畫都可能是美字的要素。</p>\n\n<p><strong>4.美字結構密訣秘訣</strong>---讓字可以在短時間提升美感的方法就要靠改變結構，這個單元中會提供你所需要的小撇步。</p>\n\n<p>5.&nbsp;<strong>課程補充</strong>---左撇子執筆與運筆、文字的排列</p>\n\n<p>&nbsp;</p>\n\n<blockquote>硬筆習字的三大法寶</blockquote>\n\n<p>&nbsp;</p>\n\n<p>除了用原子筆做為主要示範的工具外，也會特別分享關於「筆、紙、墊」等三樣重要工具之使用經驗。</p>\n\n<p>&nbsp;</p>\n'),
(267, 2, 9, 16, 5, 14, '<h4>你想寫美字嗎？</h4>\n\n<p>寫一手好字或許是大部分人的嚮往，但礙於種種現實因素，常常就此被遺忘。</p>\n\n<p>&nbsp;</p>\n\n<p>但在看到每每在看到他人的一手美字，你總還是止不了心中的蕩漾。</p>\n\n<p>如果你對此心有戚戚焉......</p>\n\n<blockquote>那麼那麼這堂課就是為那個裹足不前的你而開的</blockquote>\n\n<p>&nbsp;</p>\n\n<p>在基礎篇裡頭，我會將我個人的醜字蛻變經歷中，整理出系統的寫字要領，</p>\n\n<p>&nbsp;</p>\n\n<ol>\n        <li>包含基本筆法和結構的小秘訣，讓學習者更容易入門寫好字。<br />\n        <br />\n        本課程的教學示範刻意採用一般文具店就可以買到的「SKB 秘書 0.7中油性原子筆」，<br />\n        避免因為老師、學生所使用工具上的差異而的學習阻礙。</li>\n</ol>\n\n<p><br />\n<strong>&darr;來看看關於我寫字的故事吧。</strong></p>\n\n<p>&nbsp;</p>\n\n<h4>課程教學內容</h4>\n\n<p>&nbsp;</p>\n\n<p><strong>1.美字關鍵概述</strong>---練好字之前有幾個成功心法要跟大家分享，觀念正確了，寫字會是一個很享受的過程。</p>\n\n<p><strong>2.如何尋找適合的書寫工具</strong>---這部分將為大家展示鉛筆、原子筆、鋼筆等各種常用的書寫工具，實際示範使用的技巧，並將各種工具的優缺點提出來給入門者參考。</p>\n\n<p><strong>3.基本筆畫要領</strong>---不要小看基本筆畫，一筆一畫都可能是美字的要素。</p>\n\n<p><strong>4.美字結構密訣秘訣</strong>---讓字可以在短時間提升美感的方法就要靠改變結構，這個單元中會提供你所需要的小撇步。</p>\n\n<p>5.&nbsp;<strong>課程補充</strong>---左撇子執筆與運筆、文字的排列</p>\n\n<p>&nbsp;</p>\n\n<blockquote>硬筆習字的三大法寶</blockquote>\n\n<p>&nbsp;</p>\n\n<p>除了用原子筆做為主要示範的工具外，也會特別分享關於「筆、紙、墊」等三樣重要工具之使用經驗。</p>\n\n<p>&nbsp;</p>\n'),
(268, 2, 10, 14, 3, 24, '<h4>你想寫美字嗎？</h4>\n\n<p>寫一手好字或許是大部分人的嚮往，但礙於種種現實因素，常常就此被遺忘。</p>\n\n<p>&nbsp;</p>\n\n<p>但在看到每每在看到他人的一手美字，你總還是止不了心中的蕩漾。</p>\n\n<p>如果你對此心有戚戚焉......</p>\n\n<blockquote>那麼那麼這堂課就是為那個裹足不前的你而開的</blockquote>\n\n<p>&nbsp;</p>\n\n<p>在基礎篇裡頭，我會將我個人的醜字蛻變經歷中，整理出系統的寫字要領，</p>\n\n<p>&nbsp;</p>\n\n<ol>\n        <li>包含基本筆法和結構的小秘訣，讓學習者更容易入門寫好字。<br />\n        <br />\n        本課程的教學示範刻意採用一般文具店就可以買到的「SKB 秘書 0.7中油性原子筆」，<br />\n        避免因為老師、學生所使用工具上的差異而的學習阻礙。</li>\n</ol>\n\n<p><br />\n<strong>&darr;來看看關於我寫字的故事吧。</strong></p>\n\n<p>&nbsp;</p>\n\n<h4>課程教學內容</h4>\n\n<p>&nbsp;</p>\n\n<p><strong>1.美字關鍵概述</strong>---練好字之前有幾個成功心法要跟大家分享，觀念正確了，寫字會是一個很享受的過程。</p>\n\n<p><strong>2.如何尋找適合的書寫工具</strong>---這部分將為大家展示鉛筆、原子筆、鋼筆等各種常用的書寫工具，實際示範使用的技巧，並將各種工具的優缺點提出來給入門者參考。</p>\n\n<p><strong>3.基本筆畫要領</strong>---不要小看基本筆畫，一筆一畫都可能是美字的要素。</p>\n\n<p><strong>4.美字結構密訣秘訣</strong>---讓字可以在短時間提升美感的方法就要靠改變結構，這個單元中會提供你所需要的小撇步。</p>\n\n<p>5.&nbsp;<strong>課程補充</strong>---左撇子執筆與運筆、文字的排列</p>\n\n<p>&nbsp;</p>\n\n<blockquote>硬筆習字的三大法寶</blockquote>\n\n<p>&nbsp;</p>\n\n<p>除了用原子筆做為主要示範的工具外，也會特別分享關於「筆、紙、墊」等三樣重要工具之使用經驗。</p>\n\n<p>&nbsp;</p>\n'),
(269, 2, 11, 12, 4, 10, '<h4>你想寫美字嗎？</h4>\n\n<p>寫一手好字或許是大部分人的嚮往，但礙於種種現實因素，常常就此被遺忘。</p>\n\n<p>&nbsp;</p>\n\n<p>但在看到每每在看到他人的一手美字，你總還是止不了心中的蕩漾。</p>\n\n<p>如果你對此心有戚戚焉......</p>\n\n<blockquote>那麼那麼這堂課就是為那個裹足不前的你而開的</blockquote>\n\n<p>&nbsp;</p>\n\n<p>在基礎篇裡頭，我會將我個人的醜字蛻變經歷中，整理出系統的寫字要領，</p>\n\n<p>&nbsp;</p>\n\n<ol>\n        <li>包含基本筆法和結構的小秘訣，讓學習者更容易入門寫好字。<br />\n        <br />\n        本課程的教學示範刻意採用一般文具店就可以買到的「SKB 秘書 0.7中油性原子筆」，<br />\n        避免因為老師、學生所使用工具上的差異而的學習阻礙。</li>\n</ol>\n\n<p><br />\n<strong>&darr;來看看關於我寫字的故事吧。</strong></p>\n\n<p>&nbsp;</p>\n\n<h4>課程教學內容</h4>\n\n<p>&nbsp;</p>\n\n<p><strong>1.美字關鍵概述</strong>---練好字之前有幾個成功心法要跟大家分享，觀念正確了，寫字會是一個很享受的過程。</p>\n\n<p><strong>2.如何尋找適合的書寫工具</strong>---這部分將為大家展示鉛筆、原子筆、鋼筆等各種常用的書寫工具，實際示範使用的技巧，並將各種工具的優缺點提出來給入門者參考。</p>\n\n<p><strong>3.基本筆畫要領</strong>---不要小看基本筆畫，一筆一畫都可能是美字的要素。</p>\n\n<p><strong>4.美字結構密訣秘訣</strong>---讓字可以在短時間提升美感的方法就要靠改變結構，這個單元中會提供你所需要的小撇步。</p>\n\n<p>5.&nbsp;<strong>課程補充</strong>---左撇子執筆與運筆、文字的排列</p>\n\n<p>&nbsp;</p>\n\n<blockquote>硬筆習字的三大法寶</blockquote>\n\n<p>&nbsp;</p>\n\n<p>除了用原子筆做為主要示範的工具外，也會特別分享關於「筆、紙、墊」等三樣重要工具之使用經驗。</p>\n\n<p>&nbsp;</p>\n'),
(270, 2, 12, 11, 3, 27, '<h4>你想寫美字嗎？</h4>\n\n<p>寫一手好字或許是大部分人的嚮往，但礙於種種現實因素，常常就此被遺忘。</p>\n\n<p>&nbsp;</p>\n\n<p>但在看到每每在看到他人的一手美字，你總還是止不了心中的蕩漾。</p>\n\n<p>如果你對此心有戚戚焉......</p>\n\n<blockquote>那麼那麼這堂課就是為那個裹足不前的你而開的</blockquote>\n\n<p>&nbsp;</p>\n\n<p>在基礎篇裡頭，我會將我個人的醜字蛻變經歷中，整理出系統的寫字要領，</p>\n\n<p>&nbsp;</p>\n\n<ol>\n        <li>包含基本筆法和結構的小秘訣，讓學習者更容易入門寫好字。<br />\n        <br />\n        本課程的教學示範刻意採用一般文具店就可以買到的「SKB 秘書 0.7中油性原子筆」，<br />\n        避免因為老師、學生所使用工具上的差異而的學習阻礙。</li>\n</ol>\n\n<p><br />\n<strong>&darr;來看看關於我寫字的故事吧。</strong></p>\n\n<p>&nbsp;</p>\n\n<h4>課程教學內容</h4>\n\n<p>&nbsp;</p>\n\n<p><strong>1.美字關鍵概述</strong>---練好字之前有幾個成功心法要跟大家分享，觀念正確了，寫字會是一個很享受的過程。</p>\n\n<p><strong>2.如何尋找適合的書寫工具</strong>---這部分將為大家展示鉛筆、原子筆、鋼筆等各種常用的書寫工具，實際示範使用的技巧，並將各種工具的優缺點提出來給入門者參考。</p>\n\n<p><strong>3.基本筆畫要領</strong>---不要小看基本筆畫，一筆一畫都可能是美字的要素。</p>\n\n<p><strong>4.美字結構密訣秘訣</strong>---讓字可以在短時間提升美感的方法就要靠改變結構，這個單元中會提供你所需要的小撇步。</p>\n\n<p>5.&nbsp;<strong>課程補充</strong>---左撇子執筆與運筆、文字的排列</p>\n\n<p>&nbsp;</p>\n\n<blockquote>硬筆習字的三大法寶</blockquote>\n\n<p>&nbsp;</p>\n\n<p>除了用原子筆做為主要示範的工具外，也會特別分享關於「筆、紙、墊」等三樣重要工具之使用經驗。</p>\n\n<p>&nbsp;</p>\n'),
(271, 2, 13, 16, 4, 22, '<h4>你想寫美字嗎？</h4>\n\n<p>寫一手好字或許是大部分人的嚮往，但礙於種種現實因素，常常就此被遺忘。</p>\n\n<p>&nbsp;</p>\n\n<p>但在看到每每在看到他人的一手美字，你總還是止不了心中的蕩漾。</p>\n\n<p>如果你對此心有戚戚焉......</p>\n\n<blockquote>那麼那麼這堂課就是為那個裹足不前的你而開的</blockquote>\n\n<p>&nbsp;</p>\n\n<p>在基礎篇裡頭，我會將我個人的醜字蛻變經歷中，整理出系統的寫字要領，</p>\n\n<p>&nbsp;</p>\n\n<ol>\n        <li>包含基本筆法和結構的小秘訣，讓學習者更容易入門寫好字。<br />\n        <br />\n        本課程的教學示範刻意採用一般文具店就可以買到的「SKB 秘書 0.7中油性原子筆」，<br />\n        避免因為老師、學生所使用工具上的差異而的學習阻礙。</li>\n</ol>\n\n<p><br />\n<strong>&darr;來看看關於我寫字的故事吧。</strong></p>\n\n<p>&nbsp;</p>\n\n<h4>課程教學內容</h4>\n\n<p>&nbsp;</p>\n\n<p><strong>1.美字關鍵概述</strong>---練好字之前有幾個成功心法要跟大家分享，觀念正確了，寫字會是一個很享受的過程。</p>\n\n<p><strong>2.如何尋找適合的書寫工具</strong>---這部分將為大家展示鉛筆、原子筆、鋼筆等各種常用的書寫工具，實際示範使用的技巧，並將各種工具的優缺點提出來給入門者參考。</p>\n\n<p><strong>3.基本筆畫要領</strong>---不要小看基本筆畫，一筆一畫都可能是美字的要素。</p>\n\n<p><strong>4.美字結構密訣秘訣</strong>---讓字可以在短時間提升美感的方法就要靠改變結構，這個單元中會提供你所需要的小撇步。</p>\n\n<p>5.&nbsp;<strong>課程補充</strong>---左撇子執筆與運筆、文字的排列</p>\n\n<p>&nbsp;</p>\n\n<blockquote>硬筆習字的三大法寶</blockquote>\n\n<p>&nbsp;</p>\n\n<p>除了用原子筆做為主要示範的工具外，也會特別分享關於「筆、紙、墊」等三樣重要工具之使用經驗。</p>\n\n<p>&nbsp;</p>\n'),
(272, 2, 14, 9, 5, 10, '<h4>你想寫美字嗎？</h4>\n\n<p>寫一手好字或許是大部分人的嚮往，但礙於種種現實因素，常常就此被遺忘。</p>\n\n<p>&nbsp;</p>\n\n<p>但在看到每每在看到他人的一手美字，你總還是止不了心中的蕩漾。</p>\n\n<p>如果你對此心有戚戚焉......</p>\n\n<blockquote>那麼那麼這堂課就是為那個裹足不前的你而開的</blockquote>\n\n<p>&nbsp;</p>\n\n<p>在基礎篇裡頭，我會將我個人的醜字蛻變經歷中，整理出系統的寫字要領，</p>\n\n<p>&nbsp;</p>\n\n<ol>\n        <li>包含基本筆法和結構的小秘訣，讓學習者更容易入門寫好字。<br />\n        <br />\n        本課程的教學示範刻意採用一般文具店就可以買到的「SKB 秘書 0.7中油性原子筆」，<br />\n        避免因為老師、學生所使用工具上的差異而的學習阻礙。</li>\n</ol>\n\n<p><br />\n<strong>&darr;來看看關於我寫字的故事吧。</strong></p>\n\n<p>&nbsp;</p>\n\n<h4>課程教學內容</h4>\n\n<p>&nbsp;</p>\n\n<p><strong>1.美字關鍵概述</strong>---練好字之前有幾個成功心法要跟大家分享，觀念正確了，寫字會是一個很享受的過程。</p>\n\n<p><strong>2.如何尋找適合的書寫工具</strong>---這部分將為大家展示鉛筆、原子筆、鋼筆等各種常用的書寫工具，實際示範使用的技巧，並將各種工具的優缺點提出來給入門者參考。</p>\n\n<p><strong>3.基本筆畫要領</strong>---不要小看基本筆畫，一筆一畫都可能是美字的要素。</p>\n\n<p><strong>4.美字結構密訣秘訣</strong>---讓字可以在短時間提升美感的方法就要靠改變結構，這個單元中會提供你所需要的小撇步。</p>\n\n<p>5.&nbsp;<strong>課程補充</strong>---左撇子執筆與運筆、文字的排列</p>\n\n<p>&nbsp;</p>\n\n<blockquote>硬筆習字的三大法寶</blockquote>\n\n<p>&nbsp;</p>\n\n<p>除了用原子筆做為主要示範的工具外，也會特別分享關於「筆、紙、墊」等三樣重要工具之使用經驗。</p>\n\n<p>&nbsp;</p>\n'),
(273, 2, 15, 24, 2, 12, '<h4>你想寫美字嗎？</h4>\n\n<p>寫一手好字或許是大部分人的嚮往，但礙於種種現實因素，常常就此被遺忘。</p>\n\n<p>&nbsp;</p>\n\n<p>但在看到每每在看到他人的一手美字，你總還是止不了心中的蕩漾。</p>\n\n<p>如果你對此心有戚戚焉......</p>\n\n<blockquote>那麼那麼這堂課就是為那個裹足不前的你而開的</blockquote>\n\n<p>&nbsp;</p>\n\n<p>在基礎篇裡頭，我會將我個人的醜字蛻變經歷中，整理出系統的寫字要領，</p>\n\n<p>&nbsp;</p>\n\n<ol>\n        <li>包含基本筆法和結構的小秘訣，讓學習者更容易入門寫好字。<br />\n        <br />\n        本課程的教學示範刻意採用一般文具店就可以買到的「SKB 秘書 0.7中油性原子筆」，<br />\n        避免因為老師、學生所使用工具上的差異而的學習阻礙。</li>\n</ol>\n\n<p><br />\n<strong>&darr;來看看關於我寫字的故事吧。</strong></p>\n\n<p>&nbsp;</p>\n\n<h4>課程教學內容</h4>\n\n<p>&nbsp;</p>\n\n<p><strong>1.美字關鍵概述</strong>---練好字之前有幾個成功心法要跟大家分享，觀念正確了，寫字會是一個很享受的過程。</p>\n\n<p><strong>2.如何尋找適合的書寫工具</strong>---這部分將為大家展示鉛筆、原子筆、鋼筆等各種常用的書寫工具，實際示範使用的技巧，並將各種工具的優缺點提出來給入門者參考。</p>\n\n<p><strong>3.基本筆畫要領</strong>---不要小看基本筆畫，一筆一畫都可能是美字的要素。</p>\n\n<p><strong>4.美字結構密訣秘訣</strong>---讓字可以在短時間提升美感的方法就要靠改變結構，這個單元中會提供你所需要的小撇步。</p>\n\n<p>5.&nbsp;<strong>課程補充</strong>---左撇子執筆與運筆、文字的排列</p>\n\n<p>&nbsp;</p>\n\n<blockquote>硬筆習字的三大法寶</blockquote>\n\n<p>&nbsp;</p>\n\n<p>除了用原子筆做為主要示範的工具外，也會特別分享關於「筆、紙、墊」等三樣重要工具之使用經驗。</p>\n\n<p>&nbsp;</p>\n');

-- --------------------------------------------------------

--
-- 資料表結構 `course_sub_units`
--

CREATE TABLE `course_sub_units` (
  `id` int(11) NOT NULL,
  `unit_id` int(11) NOT NULL,
  `title` text NOT NULL,
  `video_path` text NOT NULL,
  `video_len` text NOT NULL
) ENGINE=InnoDB DEFAULT CHARSET=utf8mb4 COLLATE=utf8mb4_general_ci;

--
-- 傾印資料表的資料 `course_sub_units`
--

INSERT INTO `course_sub_units` (`id`, `unit_id`, `title`, `video_path`, `video_len`) VALUES
(1, 1, '創意書法實踐與評論', 'v_1.mp4', '01:35'),
(2, 1, '書法作品展示', 'v_2.mp4', '02:26'),
(3, 2, '書法藝術風格導讀', 'v_3.mp4', '01:58'),
(4, 2, '日常書寫實用技巧', 'v_4.mp4', '01:51'),
(5, 3, '書法達人分享', 'v_5.mp4', '01:24'),
(6, 3, '字型結構解析', 'v_6.mp4', '02:55'),
(7, 4, '個人風格探索', 'v_7.mp4', '02:24'),
(8, 4, '基礎筆劃練習', 'v_8.mp4', '02:24'),
(9, 4, '書法風格塑造', 'v_9.mp4', '01:05'),
(10, 5, '簡介和歷史概覽', 'v_10.mp4', '01:02'),
(11, 5, '書法技巧提升', 'v_11.mp4', '01:15'),
(12, 5, '書法藝術風格導讀', 'v_12.mp4', '01:37'),
(13, 6, '歷史與演變', 'v_13.mp4', '02:15'),
(14, 6, '風格塑造', 'v_14.mp4', '01:16'),
(15, 6, '創作展示', 'v_15.mp4', '02:45'),
(16, 7, '創意書法實踐與評論', 'v_16.mp4', '02:19'),
(17, 7, '歷史與起源', 'v_17.mp4', '01:47'),
(18, 7, '日常書寫實用技巧', 'v_18.mp4', '01:50'),
(19, 8, '書法技巧提升', 'v_19.mp4', '02:41'),
(20, 8, '歷史與演變', 'v_20.mp4', '01:46'),
(21, 8, '進階字型探索', 'v_21.mp4', '01:58'),
(22, 9, '日常書寫實用技巧', 'v_22.mp4', '01:39'),
(23, 9, '書法達人分享', 'v_23.mp4', '01:45'),
(24, 9, '歷史與概述', 'v_24.mp4', '01:51'),
(25, 10, '個人風格探索', 'v_25.mp4', '01:51'),
(26, 10, '基礎筆劃練習', 'v_26.mp4', '01:38'),
(27, 10, '創作展示', 'v_27.mp4', '02:48'),
(28, 11, '書法藝術風格導讀', 'v_28.mp4', '01:44'),
(29, 11, '基礎筆劃練習', 'v_29.mp4', '02:33'),
(30, 12, '鋼筆選擇與保養', 'v_30.mp4', '01:04'),
(31, 12, '字型構成與練習', 'v_31.mp4', '02:03'),
(32, 13, '進階字型探索', 'v_32.mp4', '02:31'),
(33, 13, '創意書法實踐與評論', 'v_33.mp4', '01:26'),
(34, 14, '書法藝術風格介紹', 'v_34.mp4', '02:49'),
(35, 14, '連寫技巧訓練', 'v_35.mp4', '02:23'),
(36, 15, '歷史與演變', 'v_36.mp4', '01:11'),
(37, 15, '進階字型探索', 'v_37.mp4', '01:56'),
(38, 16, '簡介和歷史概覽', 'v_38.mp4', '02:22'),
(39, 16, '連寫技巧訓練', 'v_39.mp4', '01:55'),
(40, 17, '連寫技巧訓練', 'v_40.mp4', '02:05'),
(41, 17, '風格塑造', 'v_41.mp4', '01:48'),
(42, 17, '書法作品展示', 'v_42.mp4', '02:29'),
(43, 18, '進階字型探索', 'v_43.mp4', '02:30'),
(44, 18, '書法藝術風格介紹', 'v_44.mp4', '02:34'),
(45, 18, '創作實例分享', 'v_45.mp4', '01:51'),
(46, 19, '書法風格塑造', 'v_46.mp4', '02:37'),
(47, 19, '連綴字與字體設計', 'v_47.mp4', '01:24'),
(48, 19, '鋼筆書法介紹', 'v_48.mp4', '02:01'),
(49, 20, '書法藝術風格導讀', 'v_49.mp4', '01:10'),
(50, 20, '書法技巧提升', 'v_50.mp4', '02:16'),
(51, 20, '書法作品展示', 'v_51.mp4', '02:04'),
(52, 21, '書寫準備與基本筆劃', 'v_52.mp4', '02:04'),
(53, 21, '風格塑造', 'v_53.mp4', '02:53'),
(54, 21, '連寫技巧訓練', 'v_54.mp4', '01:30'),
(55, 22, '創意書法實踐與評論', 'v_55.mp4', '02:44'),
(56, 22, '書寫姿勢與筆握', 'v_56.mp4', '02:57'),
(57, 22, '創意書法作品分享', 'v_57.mp4', '02:12'),
(58, 23, '連寫技巧訓練', 'v_58.mp4', '02:59'),
(59, 23, '創意書法作品分享', 'v_59.mp4', '02:55'),
(60, 24, '書法藝術風格介紹', 'v_60.mp4', '01:34'),
(61, 24, '鋼筆選擇與保養', 'v_61.mp4', '01:26'),
(62, 25, '歷史與起源', 'v_62.mp4', '02:22'),
(63, 25, '個人風格探索', 'v_63.mp4', '01:34'),
(64, 26, '歷史與演變', 'v_64.mp4', '01:45'),
(65, 26, '連寫技巧訓練', 'v_65.mp4', '02:14'),
(66, 27, '創作展示', 'v_66.mp4', '02:49'),
(67, 27, '書法達人分享', 'v_67.mp4', '01:16'),
(68, 28, '創意書法作品分享', 'v_68.mp4', '02:56'),
(69, 28, '書法達人分享', 'v_69.mp4', '01:02'),
(70, 29, '創作展示', 'v_70.mp4', '01:30'),
(71, 29, '書法技巧提升', 'v_71.mp4', '01:10'),
(72, 30, '字型結構解析', 'v_72.mp4', '02:02'),
(73, 30, '書法應用場景分析', 'v_73.mp4', '01:50'),
(74, 31, '書法藝術風格介紹', 'v_74.mp4', '02:43'),
(75, 31, '歷史與起源', 'v_75.mp4', '02:46'),
(76, 32, '連綴字與字體設計', 'v_76.mp4', '02:11'),
(77, 32, '字型構成與練習', 'v_77.mp4', '02:03'),
(78, 33, '風格塑造', 'v_78.mp4', '02:24'),
(79, 33, '書法應用場景分析', 'v_79.mp4', '02:00'),
(80, 33, '書寫準備與基本筆劃', 'v_80.mp4', '02:34'),
(81, 34, '簡介和歷史概覽', 'v_81.mp4', '01:55'),
(82, 34, '書法藝術風格介紹', 'v_82.mp4', '02:23'),
(83, 34, '字型構成與練習', 'v_83.mp4', '01:13'),
(84, 35, '歷史與概述', 'v_84.mp4', '02:02'),
(85, 35, '進階字型探索', 'v_85.mp4', '01:25'),
(86, 35, '歷史與起源', 'v_86.mp4', '01:39'),
(87, 36, '創意書法實踐與評論', 'v_87.mp4', '01:42'),
(88, 36, '連綴字與字體設計', 'v_88.mp4', '01:13'),
(89, 37, '書法達人分享', 'v_89.mp4', '02:52'),
(90, 37, '書法技巧提升', 'v_90.mp4', '02:43'),
(91, 38, '創意書法實踐與評論', 'v_91.mp4', '01:14'),
(92, 38, '進階字型探索', 'v_92.mp4', '01:25'),
(93, 39, '連綴字與字體設計', 'v_93.mp4', '02:00'),
(94, 39, '鋼筆選擇與保養', 'v_94.mp4', '01:47'),
(95, 40, '連寫技巧訓練', 'v_95.mp4', '02:44'),
(96, 40, '書法藝術風格導讀', 'v_96.mp4', '02:36'),
(97, 41, '創意書法實踐與評論', 'v_97.mp4', '02:07'),
(98, 41, '進階字型探索', 'v_98.mp4', '01:19'),
(99, 41, '簡介和歷史概覽', 'v_99.mp4', '02:20'),
(100, 42, '書法達人分享', 'v_100.mp4', '01:35'),
(101, 42, '個人風格探索', 'v_101.mp4', '01:47'),
(102, 42, '連綴字與字體設計', 'v_102.mp4', '02:31'),
(103, 43, '創作展示', 'v_103.mp4', '01:51'),
(104, 43, '創意書法作品分享', 'v_104.mp4', '01:09'),
(105, 43, '書法作品展示', 'v_105.mp4', '02:00'),
(106, 44, '鋼筆選擇與保養', 'v_106.mp4', '02:08'),
(107, 44, '個人風格探索', 'v_107.mp4', '01:01'),
(108, 44, '書法達人分享', 'v_108.mp4', '02:52'),
(109, 45, '連寫技巧訓練', 'v_109.mp4', '01:38'),
(110, 45, '連綴字與字體設計', 'v_110.mp4', '01:31'),
(111, 45, '歷史與概述', 'v_111.mp4', '02:39'),
(112, 46, '簡介和歷史概覽', 'v_112.mp4', '01:36'),
(113, 46, '書法風格塑造', 'v_113.mp4', '02:38'),
(114, 46, '書寫準備與基本筆劃', 'v_114.mp4', '01:14'),
(115, 47, '書法達人分享', 'v_115.mp4', '02:24'),
(116, 47, '字型結構解析', 'v_116.mp4', '02:11'),
(117, 48, '連寫技巧訓練', 'v_117.mp4', '01:43'),
(118, 48, '進階字型探索', 'v_118.mp4', '02:33'),
(119, 49, '書法達人分享', 'v_119.mp4', '01:42'),
(120, 49, '字型構成與練習', 'v_120.mp4', '02:29'),
(121, 49, '字型結構解析', 'v_121.mp4', '01:10'),
(122, 50, '連寫技巧訓練', 'v_122.mp4', '02:05'),
(123, 50, '鋼筆選擇與保養', 'v_123.mp4', '01:00'),
(124, 50, '進階字型探索', 'v_124.mp4', '02:14'),
(125, 51, '創意書法作品分享', 'v_125.mp4', '01:47'),
(126, 51, '歷史與起源', 'v_126.mp4', '01:16'),
(127, 51, '書寫姿勢與筆握', 'v_127.mp4', '01:42'),
(128, 52, '書法應用場景分析', 'v_128.mp4', '02:00'),
(129, 52, '書法技巧提升', 'v_129.mp4', '01:55'),
(130, 52, '個人風格探索', 'v_130.mp4', '02:21'),
(131, 53, '鋼筆書法介紹', 'v_131.mp4', '01:00'),
(132, 53, '書寫姿勢與筆握', 'v_132.mp4', '01:45'),
(133, 53, '歷史與概述', 'v_133.mp4', '02:10'),
(134, 54, '書法應用場景分析', 'v_134.mp4', '02:09'),
(135, 54, '創作展示', 'v_135.mp4', '01:12'),
(136, 54, '書法達人分享', 'v_136.mp4', '02:24'),
(137, 55, '創作實例分享', 'v_137.mp4', '02:52'),
(138, 55, '字型構成與練習', 'v_138.mp4', '02:42'),
(139, 55, '鋼筆選擇與保養', 'v_139.mp4', '01:09'),
(140, 56, '日常書寫實用技巧', 'v_140.mp4', '01:41'),
(141, 56, '字型結構解析', 'v_141.mp4', '02:17'),
(142, 56, '創意書法實踐與評論', 'v_142.mp4', '01:58'),
(143, 57, '創意書法作品分享', 'v_143.mp4', '02:46'),
(144, 57, '字型構成與練習', 'v_144.mp4', '01:36'),
(145, 57, '基礎筆劃練習', 'v_145.mp4', '01:55'),
(146, 58, '歷史與概述', 'v_146.mp4', '01:10'),
(147, 58, '鋼筆書法介紹', 'v_147.mp4', '01:04'),
(148, 58, '書寫姿勢與筆握', 'v_148.mp4', '02:23'),
(149, 59, '書法藝術風格介紹', 'v_149.mp4', '01:03'),
(150, 59, '連寫技巧訓練', 'v_150.mp4', '02:50'),
(151, 59, '書法達人分享', 'v_151.mp4', '01:59'),
(152, 60, '創作展示', 'v_152.mp4', '01:17'),
(153, 60, '創意書法作品分享', 'v_153.mp4', '01:51'),
(154, 60, '鋼筆選擇與保養', 'v_154.mp4', '01:15'),
(155, 61, '字型構成與練習', 'v_155.mp4', '02:10'),
(156, 61, '書寫準備與基本筆劃', 'v_156.mp4', '02:04'),
(157, 61, '字型結構解析', 'v_157.mp4', '01:36'),
(158, 62, '歷史與起源', 'v_158.mp4', '01:00'),
(159, 62, '基礎筆劃練習', 'v_159.mp4', '01:04'),
(160, 62, '創意書法實踐與評論', 'v_160.mp4', '02:21'),
(161, 63, '書法應用場景分析', 'v_161.mp4', '02:25'),
(162, 63, '連寫技巧訓練', 'v_162.mp4', '01:48'),
(163, 63, '書法達人分享', 'v_163.mp4', '01:15'),
(164, 64, '書法達人分享', 'v_164.mp4', '02:46'),
(165, 64, '創作實例分享', 'v_165.mp4', '02:07'),
(166, 65, '創作展示', 'v_166.mp4', '01:59'),
(167, 65, '歷史與概述', 'v_167.mp4', '01:55'),
(168, 66, '日常書寫實用技巧', 'v_168.mp4', '01:30'),
(169, 66, '字型結構解析', 'v_169.mp4', '02:52'),
(170, 67, '書法應用場景分析', 'v_170.mp4', '02:44'),
(171, 67, '歷史與演變', 'v_171.mp4', '02:09'),
(172, 68, '歷史與起源', 'v_172.mp4', '01:14'),
(173, 68, '書法作品展示', 'v_173.mp4', '02:02'),
(174, 68, '書法風格塑造', 'v_174.mp4', '02:31'),
(175, 69, '歷史與概述', 'v_175.mp4', '01:18'),
(176, 69, '基礎筆劃練習', 'v_176.mp4', '01:00'),
(177, 69, '日常書寫實用技巧', 'v_177.mp4', '02:23'),
(178, 70, '風格塑造', 'v_178.mp4', '01:50'),
(179, 70, '字型構成與練習', 'v_179.mp4', '01:42'),
(180, 70, '創作實例分享', 'v_180.mp4', '02:25'),
(181, 71, '基礎筆劃練習', 'v_181.mp4', '02:08'),
(182, 71, '歷史與起源', 'v_182.mp4', '01:21'),
(183, 71, '日常書寫實用技巧', 'v_183.mp4', '02:40'),
(184, 72, '書寫準備與基本筆劃', 'v_184.mp4', '01:53'),
(185, 72, '書法達人分享', 'v_185.mp4', '02:54'),
(186, 72, '創意書法實踐與評論', 'v_186.mp4', '02:30'),
(187, 73, '鋼筆書法介紹', 'v_187.mp4', '01:25'),
(188, 73, '書法藝術風格介紹', 'v_188.mp4', '02:24'),
(189, 73, '連寫技巧訓練', 'v_189.mp4', '01:23'),
(190, 74, '字型構成與練習', 'v_190.mp4', '01:27'),
(191, 74, '書法風格塑造', 'v_191.mp4', '02:00'),
(192, 74, '書法應用場景分析', 'v_192.mp4', '02:05'),
(193, 75, '書法藝術風格介紹', 'v_193.mp4', '02:01'),
(194, 75, '基礎筆劃練習', 'v_194.mp4', '02:24'),
(195, 75, '創意書法實踐與評論', 'v_195.mp4', '02:14'),
(196, 76, '創意書法實踐與評論', 'v_196.mp4', '01:35'),
(197, 76, '鋼筆選擇與保養', 'v_197.mp4', '01:58'),
(198, 77, '書法藝術風格導讀', 'v_198.mp4', '02:37'),
(199, 77, '書法技巧提升', 'v_199.mp4', '01:31'),
(200, 78, '歷史與概述', 'v_200.mp4', '02:25'),
(201, 78, '連寫技巧訓練', 'v_201.mp4', '01:11'),
(202, 79, '創作展示', 'v_202.mp4', '01:11'),
(203, 79, '歷史與起源', 'v_203.mp4', '02:22'),
(204, 80, '創意書法實踐與評論', 'v_204.mp4', '02:44'),
(205, 80, '進階字型探索', 'v_205.mp4', '01:24'),
(206, 81, '鋼筆選擇與保養', 'v_206.mp4', '01:09'),
(207, 81, '書寫姿勢與筆握', 'v_207.mp4', '01:59'),
(208, 82, '字型結構解析', 'v_208.mp4', '01:34'),
(209, 82, '歷史與演變', 'v_209.mp4', '02:24'),
(210, 83, '風格塑造', 'v_210.mp4', '01:53'),
(211, 83, '字型構成與練習', 'v_211.mp4', '02:01'),
(212, 84, '鋼筆書法介紹', 'v_212.mp4', '01:56'),
(213, 84, '書寫姿勢與筆握', 'v_213.mp4', '01:32'),
(214, 85, '日常書寫實用技巧', 'v_214.mp4', '02:12'),
(215, 85, '書法技巧提升', 'v_215.mp4', '01:14'),
(216, 86, '書法風格塑造', 'v_216.mp4', '01:46'),
(217, 86, '創意書法作品分享', 'v_217.mp4', '02:39'),
(218, 87, '歷史與起源', 'v_218.mp4', '01:05'),
(219, 87, '書寫準備與基本筆劃', 'v_219.mp4', '01:13'),
(220, 88, '基礎筆劃練習', 'v_220.mp4', '01:05'),
(221, 88, '歷史與概述', 'v_221.mp4', '01:26'),
(222, 89, '字型構成與練習', 'v_222.mp4', '02:47'),
(223, 89, '書法藝術風格導讀', 'v_223.mp4', '01:14'),
(224, 90, '歷史與起源', 'v_224.mp4', '01:06'),
(225, 90, '書法藝術風格介紹', 'v_225.mp4', '02:52'),
(226, 90, '進階字型探索', 'v_226.mp4', '01:02'),
(227, 91, '書寫姿勢與筆握', 'v_227.mp4', '01:27'),
(228, 91, '歷史與概述', 'v_228.mp4', '02:44'),
(229, 91, '日常書寫實用技巧', 'v_229.mp4', '02:13'),
(230, 92, '書法風格塑造', 'v_230.mp4', '01:33'),
(231, 92, '創意書法作品分享', 'v_231.mp4', '01:51'),
(232, 92, '創作實例分享', 'v_232.mp4', '01:05'),
(233, 93, '歷史與概述', 'v_233.mp4', '02:26'),
(234, 93, '進階字型探索', 'v_234.mp4', '02:11'),
(235, 93, '歷史與起源', 'v_235.mp4', '02:34'),
(236, 94, '連寫技巧訓練', 'v_236.mp4', '01:48'),
(237, 94, '歷史與演變', 'v_237.mp4', '02:16'),
(238, 94, '書寫姿勢與筆握', 'v_238.mp4', '02:27'),
(239, 95, '書法藝術風格介紹', 'v_239.mp4', '01:05'),
(240, 95, '簡介和歷史概覽', 'v_240.mp4', '02:23'),
(241, 95, '日常書寫實用技巧', 'v_241.mp4', '01:53'),
(242, 96, '字型結構解析', 'v_242.mp4', '01:26'),
(243, 96, '進階字型探索', 'v_243.mp4', '02:31'),
(244, 97, '風格塑造', 'v_244.mp4', '01:42'),
(245, 97, '創意書法實踐與評論', 'v_245.mp4', '02:48'),
(246, 98, '創作實例分享', 'v_246.mp4', '01:23'),
(247, 98, '書寫準備與基本筆劃', 'v_247.mp4', '02:11'),
(248, 99, '書法技巧提升', 'v_248.mp4', '02:34'),
(249, 99, '書法藝術風格導讀', 'v_249.mp4', '01:58'),
(250, 100, '創作實例分享', 'v_250.mp4', '01:34'),
(251, 100, '書法作品展示', 'v_251.mp4', '02:53'),
(252, 101, '創意書法實踐與評論', 'v_252.mp4', '02:36'),
(253, 101, '書法藝術風格介紹', 'v_253.mp4', '02:37'),
(254, 102, '創作展示', 'v_254.mp4', '01:17'),
(255, 102, '字型結構解析', 'v_255.mp4', '01:22'),
(256, 103, '鋼筆選擇與保養', 'v_256.mp4', '02:58'),
(257, 103, '日常書寫實用技巧', 'v_257.mp4', '01:50'),
(258, 104, '個人風格探索', 'v_258.mp4', '02:18'),
(259, 104, '書法藝術風格介紹', 'v_259.mp4', '01:10'),
(260, 104, '書法達人分享', 'v_260.mp4', '02:48'),
(261, 105, '簡介和歷史概覽', 'v_261.mp4', '02:49'),
(262, 105, '創意書法作品分享', 'v_262.mp4', '01:48'),
(263, 105, '歷史與概述', 'v_263.mp4', '01:02'),
(264, 106, '創作展示', 'v_264.mp4', '01:00'),
(265, 106, '創作實例分享', 'v_265.mp4', '01:31'),
(266, 107, '連綴字與字體設計', 'v_266.mp4', '02:57'),
(267, 107, '創意書法實踐與評論', 'v_267.mp4', '02:41'),
(268, 108, '書寫姿勢與筆握', 'v_268.mp4', '02:34'),
(269, 108, '書法作品展示', 'v_269.mp4', '02:53'),
(270, 109, '基礎筆劃練習', 'v_270.mp4', '02:01'),
(271, 109, '創作展示', 'v_271.mp4', '02:50'),
(272, 110, '書法風格塑造', 'v_272.mp4', '01:09'),
(273, 110, '書寫準備與基本筆劃', 'v_273.mp4', '02:52'),
(274, 111, '創作實例分享', 'v_274.mp4', '01:18'),
(275, 111, '字型構成與練習', 'v_275.mp4', '02:09'),
(276, 112, '歷史與概述', 'v_276.mp4', '01:38'),
(277, 112, '創作展示', 'v_277.mp4', '01:14'),
(278, 113, '書法風格塑造', 'v_278.mp4', '01:35'),
(279, 113, '書寫姿勢與筆握', 'v_279.mp4', '01:03'),
(280, 114, '書寫姿勢與筆握', 'v_280.mp4', '02:16'),
(281, 114, '歷史與概述', 'v_281.mp4', '02:40'),
(282, 114, '書法藝術風格導讀', 'v_282.mp4', '02:51'),
(283, 115, '創作展示', 'v_283.mp4', '02:42'),
(284, 115, '書寫準備與基本筆劃', 'v_284.mp4', '02:03'),
(285, 115, '字型構成與練習', 'v_285.mp4', '01:14'),
(286, 116, '進階字型探索', 'v_286.mp4', '01:23'),
(287, 116, '歷史與演變', 'v_287.mp4', '02:07'),
(288, 116, '歷史與起源', 'v_288.mp4', '02:32'),
(289, 117, '個人風格探索', 'v_289.mp4', '02:20'),
(290, 117, '創作展示', 'v_290.mp4', '02:42'),
(291, 118, '書寫姿勢與筆握', 'v_291.mp4', '01:59'),
(292, 118, '書法應用場景分析', 'v_292.mp4', '02:11'),
(293, 119, '日常書寫實用技巧', 'v_293.mp4', '02:29'),
(294, 119, '歷史與演變', 'v_294.mp4', '01:17'),
(295, 120, '鋼筆書法介紹', 'v_295.mp4', '01:37'),
(296, 120, '書法作品展示', 'v_296.mp4', '02:53'),
(297, 121, '歷史與演變', 'v_297.mp4', '02:53'),
(298, 121, '日常書寫實用技巧', 'v_298.mp4', '02:08'),
(299, 121, '創作實例分享', 'v_299.mp4', '01:30'),
(300, 122, '書法應用場景分析', 'v_300.mp4', '02:49'),
(301, 122, '鋼筆選擇與保養', 'v_301.mp4', '01:16'),
(302, 122, '創意書法實踐與評論', 'v_302.mp4', '01:19'),
(303, 123, '進階字型探索', 'v_303.mp4', '01:46'),
(304, 123, '創作展示', 'v_304.mp4', '01:35'),
(305, 123, '書寫姿勢與筆握', 'v_305.mp4', '01:08'),
(306, 124, '鋼筆書法介紹', 'v_306.mp4', '02:08'),
(307, 124, '連寫技巧訓練', 'v_307.mp4', '02:42'),
(308, 124, '簡介和歷史概覽', 'v_308.mp4', '01:34'),
(309, 125, '書法達人分享', 'v_309.mp4', '01:41'),
(310, 125, '歷史與演變', 'v_310.mp4', '02:26'),
(311, 125, '風格塑造', 'v_311.mp4', '01:43'),
(312, 126, '個人風格探索', 'v_312.mp4', '01:24'),
(313, 126, '基礎筆劃練習', 'v_313.mp4', '02:21'),
(314, 126, '連綴字與字體設計', 'v_314.mp4', '02:09'),
(315, 127, '書法作品展示', 'v_315.mp4', '01:27'),
(316, 127, '書寫姿勢與筆握', 'v_316.mp4', '02:25'),
(317, 127, '創作展示', 'v_317.mp4', '01:10'),
(318, 128, '創作展示', 'v_318.mp4', '01:32'),
(319, 128, '書法達人分享', 'v_319.mp4', '02:30'),
(320, 129, '歷史與演變', 'v_320.mp4', '01:54'),
(321, 129, '字型結構解析', 'v_321.mp4', '01:37'),
(322, 130, '書法作品展示', 'v_322.mp4', '02:33'),
(323, 130, '創作展示', 'v_323.mp4', '02:56'),
(324, 131, '字型結構解析', 'v_324.mp4', '01:51'),
(325, 131, '歷史與演變', 'v_325.mp4', '01:56'),
(326, 132, '鋼筆書法介紹', 'v_326.mp4', '02:09'),
(327, 132, '基礎筆劃練習', 'v_327.mp4', '02:08'),
(328, 133, '書法技巧提升', 'v_328.mp4', '01:09'),
(329, 133, '書法作品展示', 'v_329.mp4', '02:34'),
(330, 133, '日常書寫實用技巧', 'v_330.mp4', '02:21'),
(331, 134, '字型構成與練習', 'v_331.mp4', '02:31'),
(332, 134, '進階字型探索', 'v_332.mp4', '01:04'),
(333, 134, '創作展示', 'v_333.mp4', '02:35'),
(334, 135, '連寫技巧訓練', 'v_334.mp4', '02:05'),
(335, 135, '書法技巧提升', 'v_335.mp4', '02:40'),
(336, 136, '歷史與演變', 'v_336.mp4', '02:54'),
(337, 136, '書法達人分享', 'v_337.mp4', '02:40'),
(338, 137, '基礎筆劃練習', 'v_338.mp4', '02:26'),
(339, 137, '創作展示', 'v_339.mp4', '02:13'),
(340, 138, '書法風格塑造', 'v_340.mp4', '02:19'),
(341, 138, '創作展示', 'v_341.mp4', '02:57'),
(342, 138, '歷史與起源', 'v_342.mp4', '01:42'),
(343, 139, '歷史與概述', 'v_343.mp4', '01:48'),
(344, 139, '鋼筆書法介紹', 'v_344.mp4', '02:08'),
(345, 139, '鋼筆選擇與保養', 'v_345.mp4', '01:34'),
(346, 140, '書寫準備與基本筆劃', 'v_346.mp4', '02:13'),
(347, 140, '進階字型探索', 'v_347.mp4', '02:40'),
(348, 140, '書法應用場景分析', 'v_348.mp4', '02:20'),
(349, 141, '書寫姿勢與筆握', 'v_349.mp4', '01:35'),
(350, 141, '日常書寫實用技巧', 'v_350.mp4', '01:55'),
(351, 141, '創意書法實踐與評論', 'v_351.mp4', '02:07'),
(352, 142, '書法風格塑造', 'v_352.mp4', '02:57'),
(353, 142, '創作展示', 'v_353.mp4', '01:53'),
(354, 142, '連寫技巧訓練', 'v_354.mp4', '02:58'),
(355, 143, '書法技巧提升', 'v_355.mp4', '02:26'),
(356, 143, '書法藝術風格介紹', 'v_356.mp4', '02:42'),
(357, 143, '書法藝術風格導讀', 'v_357.mp4', '02:01'),
(358, 144, '簡介和歷史概覽', 'v_358.mp4', '02:49'),
(359, 144, '日常書寫實用技巧', 'v_359.mp4', '02:15'),
(360, 145, '書法應用場景分析', 'v_360.mp4', '02:41'),
(361, 145, '創意書法實踐與評論', 'v_361.mp4', '02:34'),
(362, 146, '歷史與起源', 'v_362.mp4', '01:54'),
(363, 146, '鋼筆書法介紹', 'v_363.mp4', '02:22'),
(364, 147, '日常書寫實用技巧', 'v_364.mp4', '01:14'),
(365, 147, '進階字型探索', 'v_365.mp4', '01:43'),
(366, 148, '書法技巧提升', 'v_366.mp4', '01:44'),
(367, 148, '風格塑造', 'v_367.mp4', '01:29'),
(368, 149, '書法藝術風格導讀', 'v_368.mp4', '01:14'),
(369, 149, '創意書法實踐與評論', 'v_369.mp4', '02:27'),
(370, 150, '鋼筆書法介紹', 'v_370.mp4', '01:57'),
(371, 150, '書法作品展示', 'v_371.mp4', '02:04'),
(372, 151, '創意書法實踐與評論', 'v_372.mp4', '02:01'),
(373, 151, '連寫技巧訓練', 'v_373.mp4', '01:43'),
(374, 151, '連綴字與字體設計', 'v_374.mp4', '01:52'),
(375, 152, '歷史與起源', 'v_375.mp4', '02:43'),
(376, 152, '風格塑造', 'v_376.mp4', '02:40'),
(377, 152, '書法作品展示', 'v_377.mp4', '01:17'),
(378, 153, '歷史與演變', 'v_378.mp4', '01:32'),
(379, 153, '書寫姿勢與筆握', 'v_379.mp4', '01:19'),
(380, 153, '進階字型探索', 'v_380.mp4', '01:08'),
(381, 154, '簡介和歷史概覽', 'v_381.mp4', '01:38'),
(382, 154, '連寫技巧訓練', 'v_382.mp4', '02:02'),
(383, 154, '鋼筆書法介紹', 'v_383.mp4', '02:49'),
(384, 155, '字型結構解析', 'v_384.mp4', '02:34'),
(385, 155, '書法風格塑造', 'v_385.mp4', '02:54'),
(386, 155, '書法技巧提升', 'v_386.mp4', '02:42'),
(387, 156, '歷史與起源', 'v_387.mp4', '01:23'),
(388, 156, '書寫準備與基本筆劃', 'v_388.mp4', '02:32'),
(389, 156, '歷史與演變', 'v_389.mp4', '02:36'),
(390, 157, '鋼筆書法介紹', 'v_390.mp4', '02:59'),
(391, 157, '創意書法實踐與評論', 'v_391.mp4', '02:47'),
(392, 158, '書法達人分享', 'v_392.mp4', '01:54'),
(393, 158, '連綴字與字體設計', 'v_393.mp4', '02:51'),
(394, 159, '創意書法實踐與評論', 'v_394.mp4', '01:48'),
(395, 159, '鋼筆書法介紹', 'v_395.mp4', '02:12'),
(396, 160, '創意書法作品分享', 'v_396.mp4', '02:44'),
(397, 160, '創作展示', 'v_397.mp4', '02:40'),
(398, 161, '書法作品展示', 'v_398.mp4', '02:03'),
(399, 161, '書法藝術風格導讀', 'v_399.mp4', '01:27'),
(400, 162, '個人風格探索', 'v_400.mp4', '01:17'),
(401, 162, '簡介和歷史概覽', 'v_401.mp4', '01:56'),
(402, 163, '簡介和歷史概覽', 'v_402.mp4', '02:46'),
(403, 163, '創意書法實踐與評論', 'v_403.mp4', '02:35'),
(404, 164, '創作展示', 'v_404.mp4', '01:10'),
(405, 164, '書法作品展示', 'v_405.mp4', '01:22'),
(406, 165, '鋼筆選擇與保養', 'v_406.mp4', '02:06'),
(407, 165, '書法應用場景分析', 'v_407.mp4', '01:08'),
(408, 166, '連寫技巧訓練', 'v_408.mp4', '01:07'),
(409, 166, '歷史與概述', 'v_409.mp4', '02:44'),
(410, 167, '歷史與演變', 'v_410.mp4', '02:04'),
(411, 167, '歷史與起源', 'v_411.mp4', '02:22'),
(412, 168, '鋼筆選擇與保養', 'v_412.mp4', '02:07'),
(413, 168, '連綴字與字體設計', 'v_413.mp4', '01:58'),
(414, 169, '字型結構解析', 'v_414.mp4', '02:27'),
(415, 169, '簡介和歷史概覽', 'v_415.mp4', '01:26'),
(416, 170, '字型構成與練習', 'v_416.mp4', '02:27'),
(417, 170, '歷史與演變', 'v_417.mp4', '01:05'),
(418, 170, '歷史與起源', 'v_418.mp4', '01:59'),
(419, 171, '簡介和歷史概覽', 'v_419.mp4', '02:56'),
(420, 171, '個人風格探索', 'v_420.mp4', '02:03'),
(421, 171, '書法應用場景分析', 'v_421.mp4', '01:14'),
(422, 172, '連綴字與字體設計', 'v_422.mp4', '02:59'),
(423, 172, '書法藝術風格導讀', 'v_423.mp4', '01:55'),
(424, 173, '書法風格塑造', 'v_424.mp4', '02:49'),
(425, 173, '書法技巧提升', 'v_425.mp4', '01:03'),
(426, 174, '進階字型探索', 'v_426.mp4', '02:57'),
(427, 174, '書法藝術風格介紹', 'v_427.mp4', '01:34'),
(428, 175, '書法應用場景分析', 'v_428.mp4', '01:15'),
(429, 175, '個人風格探索', 'v_429.mp4', '02:01'),
(430, 176, '書法作品展示', 'v_430.mp4', '02:14'),
(431, 176, '字型構成與練習', 'v_431.mp4', '02:31'),
(432, 177, '歷史與演變', 'v_432.mp4', '02:24'),
(433, 177, '書法應用場景分析', 'v_433.mp4', '02:31'),
(434, 178, '進階字型探索', 'v_434.mp4', '01:23'),
(435, 178, '書寫準備與基本筆劃', 'v_435.mp4', '01:14'),
(436, 178, '日常書寫實用技巧', 'v_436.mp4', '02:45'),
(437, 179, '書寫姿勢與筆握', 'v_437.mp4', '01:43'),
(438, 179, '創作展示', 'v_438.mp4', '02:06'),
(439, 179, '歷史與概述', 'v_439.mp4', '02:53'),
(440, 180, '鋼筆選擇與保養', 'v_440.mp4', '02:32'),
(441, 180, '創意書法作品分享', 'v_441.mp4', '01:42'),
(442, 180, '基礎筆劃練習', 'v_442.mp4', '01:32'),
(443, 181, '歷史與起源', 'v_443.mp4', '02:27'),
(444, 181, '字型構成與練習', 'v_444.mp4', '01:50'),
(445, 181, '書法藝術風格導讀', 'v_445.mp4', '02:27');

-- --------------------------------------------------------

--
-- 資料表結構 `course_teacher`
--

CREATE TABLE `course_teacher` (
  `id` int(11) NOT NULL,
  `name` text NOT NULL,
  `introduction` text NOT NULL,
  `image` text NOT NULL,
  `fb` text NOT NULL,
  `ig` text NOT NULL,
  `valid` int(11) NOT NULL
) ENGINE=InnoDB DEFAULT CHARSET=utf8mb4 COLLATE=utf8mb4_general_ci;

--
-- 傾印資料表的資料 `course_teacher`
--

INSERT INTO `course_teacher` (`id`, `name`, `introduction`, `image`, `fb`, `ig`, `valid`) VALUES
(1, '張雅琳', '書法大師，教學20年，擅長教導優雅鋼筆字。', 'teacher_4.jpg', 'undefined', 'undefined', 1),
(2, '陳俊宇', '藝術家，鋼筆書法教學，啟發創意風格。', 'teacher_5.jpg', 'undefined', 'undefined', 1),
(3, '蔡佳慧', '書法專家，鋼筆字教學，深受學生喜愛。', 'teacher_6.jpg', 'undefined', 'undefined', 1),
(4, '林志成', '鋼筆書法老師，教學風趣有趣。', 'teacher_7.jpg', 'undefined', 'undefined', 1),
(5, '王婉婷', '資深書法家，精通鋼筆技法，獨特風格。', 'teacher_8.jpg', 'undefined', 'undefined', 1),
(6, '吳浩然', '教學經驗豐富，專攻鋼筆書法之美。', 'teacher_9.jpg', 'undefined', 'undefined', 1),
(7, '林欣怡', '藝術家兼鋼筆老師，深受學生推崇。', 'teacher_10.jpg', 'undefined', 'undefined', 1),
(8, '黃偉文', '書法大家，專攻鋼筆字寫作技術。', 'teacher_11.jpg', 'undefined', 'undefined', 1),
(9, '許嘉玲', '藝術教育家，教學深入淺出，激發學生創意。', 'teacher_12.jpg', 'undefined', 'undefined', 1),
(10, '李宗翰', '鋼筆書法專業老師，激發學生藝術天分。', 'teacher_13.jpg', 'undefined', 'undefined', 1),
(11, '溫欣怡', '鋼筆書法導師，專業教學，注重基礎訓練。', 'teacher_14.jpg', 'undefined', 'undefined', 1),
(12, '林凱文', '藝術家，鋼筆書法教學，注重實踐應用。', 'teacher_15.jpg', 'undefined', 'undefined', 1),
(13, '鄭雅婷', '書法教育家，引導學生體驗鋼筆之美。', 'teacher_16.jpg', 'undefined', 'undefined', 1),
(14, '賴建宏', '專業書法老師，擅長培養學生獨特風格。', 'teacher_17.jpg', 'undefined', 'undefined', 1),
(15, '林怡君', '書法家兼鋼筆老師，融合東西方書法之美。', 'teacher_18.jpg', 'undefined', 'undefined', 1),
(16, '陳宇軒', '擅長將鋼筆融入印象派風格，以豐富的色彩和筆觸展現繪畫之美。', 'teacher_19.jpg', 'undefined', 'undefined', 1),
(17, '張婉如', '專攻楷書風格，以中國傳統書法為基礎，指導學生建立優雅書寫基礎。', 'teacher_20.jpg', 'undefined', 'undefined', 1),
(18, '王俊杰', '致力於創意書寫藝術，鼓勵學生將文字與繪畫結合，創造獨特之作品。', 'teacher_21.jpg', 'undefined', 'undefined', 1),
(19, '林雅琳', '深耕靜物畫領域，以寧靜的風格教授學生捕捉事物細節之美。', 'teacher_22.jpg', 'undefined', 'undefined', 1),
(20, '黃翰宇', '不僅是知名藝人，也是繪畫愛好者，專精於色彩運用，教學充滿活力。', 'teacher_23.jpg', 'undefined', 'undefined', 1),
(21, '蔡佳怡', '經驗豐富的漫畫家，以幽默風趣的教學風格深受學生喜愛。', 'teacher_24.jpg', 'undefined', 'undefined', 1),
(22, '李宗翰', '曾在畫廊展覽多次，以獨特視角指導學生捕捉動態場景的美。', 'teacher_25.jpg', 'undefined', 'undefined', 1),
(23, '鄭雨萱', '專攻抽象藝術，致力於啟發學生挑戰傳統，探索個人風格。', 'teacher_26.jpg', 'undefined', 'undefined', 1),
(24, '溫志明', '擁有卓越的素描技巧，教導學生細緻線條的表現。', 'teacher_27.jpg', 'undefined', 'undefined', 1),
(25, '賴美玲', '注重學生個性化指導，專注於人物繪畫，擁有多年教學經驗。', 'teacher_28.jpg', 'undefined', 'undefined', 1),
(26, '吳仁愛', '以獨特的卡通風格啟發學生創意，培養卓越繪畫技巧。', 'teacher_29.jpg', 'undefined', 'undefined', 1),
(27, '林偉文', '曾於美術館任職，擁有卓越的素描技巧，教導學生細緻線條的表現。', 'teacher_30.jpg', 'undefined', 'undefined', 1),
(28, '許怡君', '極富耐心的老師，教學風格溫馨，致力於引導學生發現色彩之美。', 'teacher_31.jpg', 'undefined', 'undefined', 1),
(29, '楊宏達', '插畫家兼鋼筆藝術家，以獨特的卡通風格啟發學生創意，培養卓越繪畫技巧。', 'teacher_32.jpg', 'undefined', 'undefined', 1),
(30, '賴欣怡', '曾於藝術學院任教，擅長鋼筆水彩風景畫，將大自然之美融入繪畫。', 'teacher_33.jpg', 'undefined', 'undefined', 1);

-- --------------------------------------------------------

--
-- 資料表結構 `course_units`
--

CREATE TABLE `course_units` (
  `id` int(11) NOT NULL,
  `course_id` int(11) NOT NULL,
  `title` text NOT NULL
) ENGINE=InnoDB DEFAULT CHARSET=utf8mb4 COLLATE=utf8mb4_general_ci;

--
-- 傾印資料表的資料 `course_units`
--

INSERT INTO `course_units` (`id`, `course_id`, `title`) VALUES
(1, 214, '書法進階'),
(2, 214, '創意書法實踐'),
(3, 214, '創意書法實踐'),
(4, 215, '字型結構與書法藝術'),
(5, 215, '風格創作與展示'),
(6, 215, '應用場景探索'),
(7, 215, '個人風格'),
(8, 216, '基礎技巧導覽'),
(9, 216, '風格與表現'),
(10, 216, '創意書法與個性表現'),
(11, 217, '進階技法研究'),
(12, 217, '創意書法實踐'),
(13, 217, '創意書法與個性表現'),
(14, 217, '鋼筆書法基礎'),
(15, 218, '進階技法研究'),
(16, 218, '風格與表現'),
(17, 219, '鋼筆書法進階'),
(18, 219, '應用場景探索'),
(19, 220, '字型結構與書法藝術'),
(20, 220, '基礎技巧導覽'),
(21, 220, '個人風格'),
(22, 220, '創意書法實踐'),
(23, 221, '風格創作與展示'),
(24, 221, '書法基礎入門'),
(25, 221, '風格與表現'),
(26, 222, '書法美學與應用'),
(27, 222, '鋼筆書法基礎'),
(28, 223, '創意書法與個性表現'),
(29, 223, '創意書法實踐'),
(30, 224, '個人風格發展'),
(31, 224, '個人風格'),
(32, 224, '書法基礎入門'),
(33, 225, '基礎技巧與準備工作'),
(34, 225, '應用場景探索'),
(35, 225, '書法美學與應用'),
(36, 226, '探索書法藝術'),
(37, 226, '基礎技巧與準備工作'),
(38, 227, '基礎技巧導覽'),
(39, 227, '探索書法藝術'),
(40, 227, '個人風格'),
(41, 228, '鋼筆書法進階'),
(42, 228, '書法技巧提升'),
(43, 228, '鋼筆書法技巧提升'),
(44, 229, '風格創作與展示'),
(45, 229, '鋼筆書法進階'),
(46, 229, '書法進階'),
(47, 230, '字型結構與書法藝術'),
(48, 230, '創意書法實踐'),
(49, 231, '鋼筆書法技巧'),
(50, 231, '入門基礎'),
(51, 231, '鋼筆書法技巧提升'),
(52, 231, '應用場景探索'),
(53, 232, '入門基礎'),
(54, 232, '書法技巧提升'),
(55, 232, '應用場景探索'),
(56, 232, '書法美學與應用'),
(57, 233, '創意書法實踐'),
(58, 233, '基礎技巧導覽'),
(59, 233, '鋼筆書法基礎'),
(60, 234, '書法基礎入門'),
(61, 234, '個人風格發展'),
(62, 234, '創意書法實踐'),
(63, 234, '創意書法與個性表現'),
(64, 235, '基礎技巧與準備工作'),
(65, 235, '個人風格'),
(66, 235, '書法基礎入門'),
(67, 235, '書法技巧提升'),
(68, 236, '鋼筆書法技巧'),
(69, 236, '個人風格發展'),
(70, 236, '書法基礎入門'),
(71, 237, '基礎技巧導覽'),
(72, 237, '創意書法實踐'),
(73, 237, '日常書寫應用'),
(74, 238, '鋼筆書法進階'),
(75, 238, '基礎技巧導覽'),
(76, 239, '書法技巧提升'),
(77, 239, '創意書法與個性表現'),
(78, 239, '書法進階'),
(79, 239, '鋼筆書法基礎'),
(80, 240, '創意書法與個性表現'),
(81, 240, '應用場景探索'),
(82, 240, '基礎技巧與準備工作'),
(83, 240, '書法基礎入門'),
(84, 241, '字型結構與書法藝術'),
(85, 241, '日常書寫應用'),
(86, 241, '書法基礎入門'),
(87, 242, '基礎技巧與準備工作'),
(88, 242, '入門基礎'),
(89, 242, '鋼筆書法基礎'),
(90, 243, '鋼筆書法技巧'),
(91, 243, '基礎技巧與準備工作'),
(92, 244, '創意書法實踐'),
(93, 244, '書法技巧提升'),
(94, 244, '探索書法藝術'),
(95, 244, '鋼筆書法技巧'),
(96, 245, '鋼筆書法技巧'),
(97, 245, '書法基礎入門'),
(98, 245, '書法進階'),
(99, 246, '創意書法實踐'),
(100, 246, '鋼筆書法進階'),
(101, 246, '鋼筆書法技巧'),
(102, 247, '創意書法實踐'),
(103, 247, '鋼筆書法基礎'),
(104, 248, '個人風格發展'),
(105, 248, '創意書法實踐'),
(106, 249, '風格與表現'),
(107, 249, '書法基礎入門'),
(108, 249, '鋼筆書法基礎'),
(109, 250, '進階技法研究'),
(110, 250, '基礎技巧與準備工作'),
(111, 250, '探索書法藝術'),
(112, 251, '書法美學與應用'),
(113, 251, '書法進階'),
(114, 252, '書法美學與應用'),
(115, 252, '鋼筆書法進階'),
(116, 252, '日常書寫應用'),
(117, 253, '鋼筆書法基礎'),
(118, 253, '日常書寫應用'),
(119, 253, '風格與表現'),
(120, 253, '個人風格'),
(121, 254, '鋼筆書法進階'),
(122, 254, '創意書法與個性表現'),
(123, 254, '書法技巧提升'),
(124, 254, '創意書法實踐'),
(125, 255, '創意書法與個性表現'),
(126, 255, '鋼筆書法基礎'),
(127, 255, '創意書法實踐'),
(128, 256, '鋼筆書法技巧提升'),
(129, 256, '書法技巧提升'),
(130, 257, '基礎技巧導覽'),
(131, 257, '入門基礎'),
(132, 257, '風格與表現'),
(133, 258, '鋼筆書法技巧提升'),
(134, 258, '基礎技巧導覽'),
(135, 259, '個人風格'),
(136, 259, '鋼筆書法技巧提升'),
(137, 259, '鋼筆書法技巧'),
(138, 260, '探索書法藝術'),
(139, 260, '書法技巧提升'),
(140, 260, '書法基礎入門'),
(141, 260, '創意書法實踐'),
(142, 261, '日常書寫應用'),
(143, 261, '應用場景探索'),
(144, 262, '日常書寫應用'),
(145, 262, '鋼筆書法進階'),
(146, 262, '入門基礎'),
(147, 263, '鋼筆書法基礎'),
(148, 263, '字型結構與書法藝術'),
(149, 263, '探索書法藝術'),
(150, 263, '日常書寫應用'),
(151, 264, '探索書法藝術'),
(152, 264, '創意書法實踐'),
(153, 264, '個人風格'),
(154, 265, '個人風格'),
(155, 265, '創意書法實踐'),
(156, 265, '進階技法研究'),
(157, 266, '個人風格'),
(158, 266, '風格與表現'),
(159, 267, '日常書寫應用'),
(160, 267, '書法美學與應用'),
(161, 267, '字型結構與書法藝術'),
(162, 267, '個人風格發展'),
(163, 268, '鋼筆書法基礎'),
(164, 268, '書法技巧提升'),
(165, 268, '字型結構與書法藝術'),
(166, 268, '鋼筆書法進階'),
(167, 269, '書法基礎入門'),
(168, 269, '鋼筆書法技巧提升'),
(169, 269, '入門基礎'),
(170, 270, '入門基礎'),
(171, 270, '書法美學與應用'),
(172, 271, '基礎技巧導覽'),
(173, 271, '入門基礎'),
(174, 271, '字型結構與書法藝術'),
(175, 271, '書法基礎入門'),
(176, 272, '基礎技巧導覽'),
(177, 272, '入門基礎'),
(178, 273, '進階技法研究'),
(179, 273, '個人風格'),
(180, 273, '日常書寫應用'),
(181, 273, '基礎技巧導覽');

-- --------------------------------------------------------

--
-- 資料表結構 `favorite`
--

CREATE TABLE `favorite` (
  `id` int(11) NOT NULL,
  `user_id` int(11) NOT NULL,
  `product_id` int(11) NOT NULL,
  `created_at` datetime NOT NULL
) ENGINE=InnoDB DEFAULT CHARSET=utf8mb4 COLLATE=utf8mb4_general_ci;

--
-- 傾印資料表的資料 `favorite`
--

INSERT INTO `favorite` (`id`, `user_id`, `product_id`, `created_at`) VALUES
(11, 6, 212, '2024-03-22 13:34:44'),
(17, 6, 168, '2024-03-22 14:43:18'),
(18, 6, 101, '2024-03-22 14:43:52'),
(23, 35, 2, '2024-03-26 22:32:58'),
(25, 35, 122, '2024-03-26 22:32:59');

-- --------------------------------------------------------

--
-- 資料表結構 `general_product`
--

CREATE TABLE `general_product` (
  `product_id` int(11) NOT NULL,
  `brand_id` int(11) NOT NULL,
  `nib_id` int(11) NOT NULL,
  `material_id` int(11) NOT NULL,
  `color_id` int(11) NOT NULL,
  `stock` int(11) NOT NULL,
  `series` varchar(30) NOT NULL
) ENGINE=InnoDB DEFAULT CHARSET=utf8mb4 COLLATE=utf8mb4_general_ci;

--
-- 傾印資料表的資料 `general_product`
--

INSERT INTO `general_product` (`product_id`, `brand_id`, `nib_id`, `material_id`, `color_id`, `stock`, `series`) VALUES
(1, 4, 3, 1, 3, 99, 'Capless'),
(2, 4, 3, 4, 12, 99, 'Custom'),
(3, 4, 2, 4, 1, 99, 'Custom'),
(4, 4, 2, 4, 4, 99, 'Custom'),
(5, 4, 3, 2, 4, 99, 'Custom'),
(6, 4, 2, 2, 12, 99, 'Custom'),
(7, 4, 2, 2, 1, 99, 'Custom'),
(8, 4, 3, 7, 1, 99, 'Capless'),
(9, 4, 2, 7, 4, 99, 'Capless'),
(10, 4, 3, 2, 5, 99, 'Custom'),
(11, 4, 1, 1, 4, 99, 'Elabo'),
(12, 4, 2, 2, 1, 99, 'Justus'),
(13, 4, 2, 2, 4, 99, 'Custom'),
(14, 4, 3, 1, 10, 99, 'Lady White'),
(15, 4, 3, 1, 6, 99, 'Elabo'),
(16, 4, 3, 1, 11, 99, 'MR'),
(17, 4, 3, 1, 7, 99, 'MR'),
(18, 4, 3, 1, 3, 99, 'MR'),
(19, 4, 3, 1, 3, 99, 'MR'),
(20, 4, 3, 2, 4, 99, '探險家'),
(21, 4, 3, 2, 3, 99, '探險家'),
(22, 4, 2, 2, 1, 99, 'CUSTOM'),
(23, 4, 2, 2, 3, 99, 'Custom'),
(24, 4, 3, 2, 5, 99, '探險家'),
(25, 4, 3, 2, 8, 99, '探險家'),
(26, 4, 3, 2, 5, 99, '探險家'),
(27, 4, 3, 2, 9, 99, '探險家'),
(28, 4, 3, 5, 1, 99, 'Custom'),
(29, 4, 2, 1, 3, 99, 'Capless'),
(30, 4, 3, 2, 11, 99, 'Custom'),
(31, 4, 3, 2, 4, 99, 'Custom'),
(32, 4, 3, 2, 5, 99, 'Custom'),
(33, 4, 2, 2, 11, 99, 'Custom'),
(34, 4, 2, 2, 12, 99, 'Elite E95s'),
(35, 4, 2, 2, 4, 99, 'Elite E95s'),
(36, 3, 3, 2, 1, 88, '萬寶龍大師傑作（大班）'),
(37, 3, 2, 2, 1, 88, '萬寶龍大師傑作（大班）'),
(38, 3, 3, 2, 1, 88, '萬寶龍大師傑作（大班）'),
(39, 3, 2, 2, 1, 88, '萬寶龍大師傑作（大班）'),
(40, 3, 3, 2, 5, 88, '萬寶龍大師傑作（大班）'),
(41, 3, 2, 2, 5, 88, '萬寶龍大師傑作（大班）'),
(42, 3, 3, 2, 5, 88, '萬寶龍大師傑作（大班）'),
(43, 3, 2, 2, 5, 88, '萬寶龍大師傑作（大班）'),
(44, 3, 3, 2, 11, 88, '萬寶龍大師傑作（大班）'),
(45, 3, 2, 2, 11, 88, '萬寶龍大師傑作（大班）'),
(46, 3, 3, 2, 1, 88, 'STARWALKER '),
(47, 3, 2, 2, 1, 88, 'STARWALKER '),
(48, 3, 3, 2, 1, 88, 'STARWALKER '),
(49, 3, 2, 2, 1, 88, 'STARWALKER '),
(50, 3, 3, 2, 5, 88, 'STARWALKER '),
(51, 3, 2, 2, 5, 88, 'STARWALKER '),
(52, 3, 3, 2, 1, 88, 'STARWALKER '),
(53, 3, 2, 2, 1, 88, 'STARWALKER '),
(54, 3, 3, 2, 1, 88, 'STARWALKER '),
(55, 3, 2, 2, 1, 88, 'STARWALKER '),
(56, 3, 3, 2, 12, 88, '萬寶龍大師傑作（大班）'),
(57, 3, 2, 2, 12, 88, '萬寶龍大師傑作（大班）'),
(58, 3, 3, 2, 1, 88, '萬寶龍大師傑作（大班）'),
(59, 3, 2, 2, 1, 88, '萬寶龍大師傑作（大班）'),
(60, 3, 3, 2, 4, 88, '萬寶龍著名人物系列'),
(61, 3, 2, 2, 4, 88, '萬寶龍著名人物系列'),
(62, 3, 3, 2, 1, 88, '萬寶龍著名人物系列'),
(63, 3, 2, 2, 1, 88, '萬寶龍著名人物系列'),
(64, 3, 3, 2, 5, 88, '萬寶龍著名人物系列'),
(65, 3, 2, 2, 5, 88, '萬寶龍著名人物系列'),
(66, 3, 3, 2, 12, 88, '萬寶龍著名人物系列'),
(67, 3, 2, 2, 12, 88, '萬寶龍著名人物系列'),
(68, 3, 3, 2, 1, 88, '萬寶龍著名人物系列'),
(69, 3, 2, 2, 1, 88, '萬寶龍著名人物系列'),
(70, 3, 3, 2, 7, 88, '萬寶龍繆斯'),
(71, 2, 1, 2, 9, 77, 'Souveran M600'),
(72, 2, 2, 2, 9, 77, 'Souveran M600'),
(73, 2, 3, 2, 9, 77, 'Souveran M600'),
(74, 2, 1, 2, 4, 77, 'Souveran M600'),
(75, 2, 2, 2, 4, 77, 'Souveran M600'),
(76, 2, 3, 2, 4, 77, 'Souveran M600'),
(77, 2, 1, 8, 1, 77, 'Souveran M400'),
(78, 2, 3, 8, 1, 77, 'Souveran M400'),
(79, 2, 1, 8, 16, 77, 'Souveran M400'),
(80, 2, 3, 8, 16, 77, 'Souveran M400'),
(81, 2, 2, 8, 1, 77, 'Souveran 805'),
(82, 2, 3, 8, 1, 77, 'Souveran 805'),
(83, 2, 1, 8, 1, 77, 'Souveran M605'),
(84, 2, 2, 8, 1, 77, 'Souveran M605'),
(85, 2, 3, 8, 1, 77, 'Souveran M605'),
(86, 2, 2, 6, 3, 77, 'M450'),
(87, 2, 3, 6, 3, 77, 'M450'),
(88, 2, 2, 6, 3, 77, 'Pura P40'),
(89, 2, 3, 6, 3, 77, 'Pura P40'),
(90, 2, 2, 6, 3, 77, 'Tradition M205'),
(91, 2, 3, 6, 3, 77, 'Tradition M205'),
(92, 2, 2, 2, 9, 77, 'Tradition M200'),
(93, 2, 3, 2, 9, 77, 'Tradition M200'),
(94, 2, 2, 2, 9, 77, 'Souveran M200'),
(95, 2, 3, 2, 9, 77, 'Souveran M200'),
(96, 2, 2, 2, 5, 77, 'Tradition M205'),
(97, 2, 3, 2, 5, 77, 'Tradition M205'),
(98, 2, 2, 1, 12, 77, 'Souveran M600'),
(99, 2, 3, 1, 1, 77, 'Souveran M600'),
(100, 2, 2, 3, 5, 77, 'Pelikano dragon'),
(101, 2, 3, 3, 5, 77, 'Pelikano dragon'),
(102, 2, 2, 5, 5, 77, 'Pelikano  Ice Blue'),
(103, 2, 3, 5, 5, 77, 'Pelikano  Ice Blue'),
(104, 2, 2, 8, 12, 77, 'Premium M1000'),
(105, 2, 3, 8, 1, 77, 'Premium M1000'),
(106, 5, 3, 1, 3, 66, '雅律'),
(107, 5, 3, 1, 5, 66, '雅律'),
(108, 5, 3, 1, 1, 66, '雅律'),
(109, 5, 3, 5, 1, 66, '巴黎魅影系列'),
(110, 5, 3, 5, 4, 66, '巴黎魅影系列'),
(111, 5, 3, 1, 1, 66, '雋雅21系列'),
(112, 5, 3, 1, 5, 66, '雋雅21系列'),
(113, 5, 3, 1, 4, 66, '雋雅21系列'),
(114, 5, 3, 1, 1, 66, '雋雅系列'),
(115, 5, 3, 1, 8, 66, '雋雅系列'),
(116, 5, 3, 1, 5, 66, '雋雅系列'),
(117, 5, 3, 1, 8, 66, '雋雅系列'),
(118, 5, 3, 1, 11, 66, '雋雅系列'),
(119, 6, 3, 6, 1, 66, '精英系列'),
(120, 6, 3, 6, 12, 66, '精英系列'),
(121, 6, 3, 6, 5, 66, '精英系列'),
(122, 6, 3, 6, 1, 66, '精英系列'),
(123, 6, 3, 10, 11, 66, '新威雅XL系列'),
(124, 6, 3, 10, 1, 66, '新威雅XL系列'),
(125, 6, 3, 2, 5, 66, '雅致系列'),
(126, 6, 3, 2, 9, 66, '雅致系列'),
(127, 6, 3, 2, 4, 66, '雅致系列'),
(128, 6, 3, 2, 1, 66, '雅致系列'),
(129, 6, 3, 10, 1, 66, '新IM魅影黑系列'),
(130, 6, 3, 10, 1, 66, '新IM魅影黑系列'),
(131, 6, 3, 10, 1, 66, '新IM魅影黑系列'),
(132, 5, 3, 5, 1, 66, '權威系列'),
(133, 5, 3, 5, 1, 66, '權威系列'),
(134, 5, 3, 5, 10, 66, '權威系列 特別版'),
(135, 5, 3, 5, 3, 66, '權威系列 特別版'),
(136, 5, 3, 5, 10, 66, '權威系列 特別版'),
(137, 5, 3, 5, 1, 66, '權威系列 特別版'),
(138, 6, 3, 10, 11, 66, '新喬特 Originals原創系列'),
(139, 6, 3, 10, 1, 66, '新喬特 Originals原創系列'),
(140, 6, 3, 10, 5, 66, '新喬特 Originals原創系列'),
(141, 6, 3, 10, 21, 66, '新喬特 Originals原創系列'),
(142, 7, 4, 3, 4, 55, 'ECO-T'),
(143, 7, 3, 3, 4, 55, 'ECO-T'),
(144, 7, 2, 3, 4, 55, 'ECO-T'),
(145, 7, 4, 3, 5, 55, 'ECO'),
(146, 7, 3, 3, 5, 55, 'ECO'),
(147, 7, 2, 3, 5, 55, 'ECO'),
(148, 7, 4, 3, 1, 55, 'DIAMOND'),
(149, 7, 3, 3, 1, 55, 'DIAMOND'),
(150, 7, 2, 3, 1, 55, 'DIAMOND'),
(151, 8, 3, 3, 21, 55, 'SAFARI狩獵者'),
(152, 8, 3, 3, 7, 55, 'SAFARI狩獵者'),
(153, 8, 3, 3, 5, 55, 'SAFARI狩獵者'),
(154, 8, 3, 9, 3, 55, ' AION'),
(155, 8, 3, 2, 4, 55, 'JOY '),
(156, 8, 3, 9, 5, 55, '恆星系列'),
(157, 8, 3, 2, 8, 55, '狩獵PASTEL'),
(158, 8, 3, 2, 9, 55, '狩獵PASTEL'),
(159, 8, 3, 2, 5, 55, '狩獵PASTEL'),
(160, 5, 3, 5, 7, 55, '真彩系列'),
(161, 5, 3, 5, 8, 55, '真彩系列'),
(162, 5, 3, 5, 5, 55, '真彩系列'),
(163, 5, 3, 6, 5, 55, '真彩系列'),
(164, 5, 3, 6, 4, 55, '真彩系列'),
(165, 10, 3, 2, 11, 55, 'REGLUS'),
(166, 10, 3, 2, 4, 55, 'REGLUS'),
(167, 10, 3, 2, 1, 55, 'REGLUS'),
(168, 10, 5, 2, 5, 55, '民間故事系列'),
(169, 10, 5, 2, 5, 55, '民間故事系列'),
(170, 10, 5, 2, 4, 55, '民間故事系列'),
(171, 9, 4, 9, 3, 55, 'Sport系列'),
(172, 9, 3, 9, 3, 55, 'Sport系列'),
(173, 9, 2, 9, 3, 55, 'Sport系列'),
(174, 9, 4, 9, 2, 55, 'Sport系列'),
(175, 9, 3, 9, 2, 55, 'Sport系列'),
(176, 9, 2, 9, 2, 55, 'Sport系列'),
(177, 9, 3, 2, 10, 55, 'PERKEO'),
(178, 9, 3, 2, 8, 55, 'PERKEO'),
(179, 1, 2, 1, 12, 44, 'Sheaffer VFM'),
(180, 1, 2, 1, 3, 44, 'Sheaffer VFM'),
(181, 1, 2, 1, 10, 44, 'Sheaffer 100'),
(182, 1, 2, 1, 5, 44, 'Sheaffer 100'),
(183, 1, 2, 1, 6, 44, 'Sheaffer 100'),
(184, 1, 3, 1, 3, 44, 'Sheaffer 100'),
(185, 1, 3, 1, 5, 44, 'Sheaffer 100'),
(186, 1, 3, 1, 1, 44, 'Sheaffer 100'),
(187, 1, 3, 1, 3, 44, 'Sheaffer 100'),
(188, 1, 3, 1, 3, 44, 'Sheaffer 100'),
(189, 1, 3, 1, 3, 44, 'Sheaffer VFM'),
(190, 1, 3, 1, 1, 44, 'Sheaffer VFM'),
(191, 1, 3, 1, 5, 44, 'Sheaffer VFM'),
(192, 1, 3, 1, 3, 44, 'Sheaffer VFM'),
(193, 1, 2, 1, 5, 44, 'Sheaffer ICON'),
(194, 1, 2, 1, 1, 44, 'Sheaffer ICON'),
(195, 1, 2, 1, 9, 44, 'Sheaffer 300'),
(196, 1, 2, 1, 1, 44, 'Sheaffer 300'),
(197, 1, 3, 1, 9, 44, 'Sheaffer 300'),
(198, 1, 2, 1, 3, 44, 'Sheaffer 300'),
(199, 1, 2, 1, 1, 44, 'Sheaffer 300'),
(200, 1, 3, 1, 1, 44, 'Sheaffer 300'),
(201, 1, 2, 1, 3, 44, 'Sheaffer VFM'),
(202, 1, 2, 1, 3, 44, 'Sheaffer SAGARIS'),
(203, 1, 2, 1, 3, 44, 'Sheaffer 300'),
(204, 1, 2, 1, 3, 44, 'Sheaffer 100'),
(205, 1, 2, 1, 12, 44, 'Sheaffer SAGARIS'),
(206, 1, 2, 1, 1, 44, 'Sheaffer 100'),
(207, 1, 2, 1, 1, 44, 'Sheaffer VFM'),
(208, 1, 2, 1, 5, 44, 'Sheaffer VFM'),
(209, 1, 2, 1, 3, 44, 'Sheaffer VFM'),
(210, 1, 2, 1, 3, 44, 'Sheaffer 100'),
(211, 1, 2, 1, 12, 44, 'Sheaffer 300'),
(212, 1, 3, 1, 12, 44, 'Sheaffer 300'),
(213, 1, 2, 1, 1, 44, 'Sheaffer 300');

-- --------------------------------------------------------

--
-- 資料表結構 `line_pay`
--

CREATE TABLE `line_pay` (
  `id` int(11) NOT NULL,
  `order_id` varchar(255) NOT NULL COMMENT 'UUID',
  `transaction_id` varchar(255) DEFAULT NULL COMMENT 'LINE Pay的交易ID。',
  `order_info` text DEFAULT NULL COMMENT '存儲關於訂單的詳細信息的JSON字符串。',
  `reservation` text DEFAULT NULL COMMENT 'get from line pay'', -- 從LINE Pay獲取的預約信息，存儲為文本格式。',
  `return_code` varchar(255) DEFAULT NULL COMMENT 'LINE Pay回應的返回碼，用於確認請求的處理結果。',
  `confirm` text DEFAULT NULL COMMENT '從LINE Pay確認支付後獲取的信息，存儲為文本格式。',
  `created_at` datetime DEFAULT current_timestamp(),
  `updated_at` datetime DEFAULT current_timestamp() ON UPDATE current_timestamp()
) ENGINE=InnoDB DEFAULT CHARSET=utf8mb4 COLLATE=utf8mb4_general_ci;

--
-- 傾印資料表的資料 `line_pay`
--

INSERT INTO `line_pay` (`id`, `order_id`, `transaction_id`, `order_info`, `reservation`, `return_code`, `confirm`, `created_at`, `updated_at`) VALUES
(1, 'a4b3817e-7eb9-484f-a378-475de2629de8', '2024031702072120410', '{\"orderId\":\"a4b3817e-7eb9-484f-a378-475de2629de8\",\"currency\":\"TWD\",\"amount\":37800,\"packages\":[{\"id\":\"a7b4dc08-9f33-4be4-948b-f484d532a852\",\"amount\":37800,\"products\":[{\"id\":1710667446284,\"name\":\"墨韻雅筆\",\"imageUrl\":\"https://live.staticflickr.com/65535/53580691499_b1dd0e8a55_o.jpg\",\"quantity\":1,\"price\":37800}]}],\"options\":{\"display\":{\"locale\":\"zh_TW\"}}}', '{\"orderId\":\"a4b3817e-7eb9-484f-a378-475de2629de8\",\"currency\":\"TWD\",\"amount\":37800,\"packages\":[{\"id\":\"a7b4dc08-9f33-4be4-948b-f484d532a852\",\"amount\":37800,\"products\":[{\"id\":1710667446284,\"name\":\"墨韻雅筆\",\"imageUrl\":\"https://live.staticflickr.com/65535/53580691499_b1dd0e8a55_o.jpg\",\"quantity\":1,\"price\":37800}]}],\"options\":{\"display\":{\"locale\":\"zh_TW\"}},\"returnCode\":\"0000\",\"returnMessage\":\"Success.\",\"transactionId\":\"2024031702072120410\",\"paymentAccessToken\":\"722380817907\"}', '0000', '{\"returnCode\":\"0000\",\"returnMessage\":\"Success.\",\"info\":{\"transactionId\":\"2024031702072120410\",\"orderId\":\"a4b3817e-7eb9-484f-a378-475de2629de8\",\"payInfo\":[{\"method\":\"CREDIT_CARD\",\"amount\":37800,\"maskedCreditCardNumber\":\"************1111\"}],\"packages\":[{\"id\":\"a7b4dc08-9f33-4be4-948b-f484d532a852\",\"amount\":37800,\"userFeeAmount\":0,\"products\":[{\"id\":\"1710667446284\",\"name\":\"墨韻雅筆\",\"imageUrl\":\"https://live.staticflickr.com/65535/53580691499_b1dd0e8a55_o.jpg\",\"quantity\":1,\"price\":37800}]}]}}', '2024-03-17 17:24:06', '2024-03-17 17:24:22'),
(2, '9fdb1cd8-e692-476f-a83f-7ae100991442', '2024031702072126610', '{\"orderId\":\"9fdb1cd8-e692-476f-a83f-7ae100991442\",\"currency\":\"TWD\",\"amount\":16764,\"packages\":[{\"id\":\"90744551-2842-4315-a60a-288becb9ab67\",\"amount\":16764,\"products\":[{\"id\":1710668466758,\"name\":\"墨韻雅筆\",\"imageUrl\":\"https://live.staticflickr.com/65535/53580691499_b1dd0e8a55_o.jpg\",\"quantity\":1,\"price\":16764}]}],\"options\":{\"display\":{\"locale\":\"zh_TW\"}}}', '{\"orderId\":\"9fdb1cd8-e692-476f-a83f-7ae100991442\",\"currency\":\"TWD\",\"amount\":16764,\"packages\":[{\"id\":\"90744551-2842-4315-a60a-288becb9ab67\",\"amount\":16764,\"products\":[{\"id\":1710668466758,\"name\":\"墨韻雅筆\",\"imageUrl\":\"https://live.staticflickr.com/65535/53580691499_b1dd0e8a55_o.jpg\",\"quantity\":1,\"price\":16764}]}],\"options\":{\"display\":{\"locale\":\"zh_TW\"}},\"returnCode\":\"0000\",\"returnMessage\":\"Success.\",\"transactionId\":\"2024031702072126610\",\"paymentAccessToken\":\"237295075228\"}', '0000', '{\"returnCode\":\"0000\",\"returnMessage\":\"Success.\",\"info\":{\"transactionId\":\"2024031702072126610\",\"orderId\":\"9fdb1cd8-e692-476f-a83f-7ae100991442\",\"payInfo\":[{\"method\":\"CREDIT_CARD\",\"amount\":16764,\"maskedCreditCardNumber\":\"************1111\"}],\"packages\":[{\"id\":\"90744551-2842-4315-a60a-288becb9ab67\",\"amount\":16764,\"userFeeAmount\":0,\"products\":[{\"id\":\"1710668466758\",\"name\":\"墨韻雅筆\",\"imageUrl\":\"https://live.staticflickr.com/65535/53580691499_b1dd0e8a55_o.jpg\",\"quantity\":1,\"price\":16764}]}]}}', '2024-03-17 17:41:06', '2024-03-17 17:41:27'),
(3, '7140db28-521b-41b2-badd-8036b6c15af7', '2024031702072155710', '{\"orderId\":\"7140db28-521b-41b2-badd-8036b6c15af7\",\"currency\":\"TWD\",\"amount\":31400,\"packages\":[{\"id\":\"228f5e1f-effe-4736-aa60-2ff139067e9c\",\"amount\":31400,\"products\":[{\"id\":1710673571309,\"name\":\"墨韻雅筆\",\"imageUrl\":\"https://live.staticflickr.com/65535/53580691499_b1dd0e8a55_o.jpg\",\"quantity\":1,\"price\":31400}]}],\"options\":{\"display\":{\"locale\":\"zh_TW\"}}}', '{\"orderId\":\"7140db28-521b-41b2-badd-8036b6c15af7\",\"currency\":\"TWD\",\"amount\":31400,\"packages\":[{\"id\":\"228f5e1f-effe-4736-aa60-2ff139067e9c\",\"amount\":31400,\"products\":[{\"id\":1710673571309,\"name\":\"墨韻雅筆\",\"imageUrl\":\"https://live.staticflickr.com/65535/53580691499_b1dd0e8a55_o.jpg\",\"quantity\":1,\"price\":31400}]}],\"options\":{\"display\":{\"locale\":\"zh_TW\"}},\"returnCode\":\"0000\",\"returnMessage\":\"Success.\",\"transactionId\":\"2024031702072155710\",\"paymentAccessToken\":\"955044944200\"}', '0000', '{\"returnCode\":\"0000\",\"returnMessage\":\"Success.\",\"info\":{\"transactionId\":\"2024031702072155710\",\"orderId\":\"7140db28-521b-41b2-badd-8036b6c15af7\",\"payInfo\":[{\"method\":\"CREDIT_CARD\",\"amount\":31400,\"maskedCreditCardNumber\":\"************1111\"}],\"packages\":[{\"id\":\"228f5e1f-effe-4736-aa60-2ff139067e9c\",\"amount\":31400,\"userFeeAmount\":0,\"products\":[{\"id\":\"1710673571309\",\"name\":\"墨韻雅筆\",\"imageUrl\":\"https://live.staticflickr.com/65535/53580691499_b1dd0e8a55_o.jpg\",\"quantity\":1,\"price\":31400}]}]}}', '2024-03-17 19:06:11', '2024-03-17 19:06:30'),
(4, 'aad49746-cf49-46b1-b120-1ed70dcfa5ce', '2024031702072156710', '{\"orderId\":\"aad49746-cf49-46b1-b120-1ed70dcfa5ce\",\"currency\":\"TWD\",\"amount\":5911,\"packages\":[{\"id\":\"552f3b07-afd5-4677-a86a-fcaaef14a7cd\",\"amount\":5911,\"products\":[{\"id\":1710673708653,\"name\":\"墨韻雅筆\",\"imageUrl\":\"https://live.staticflickr.com/65535/53580691499_b1dd0e8a55_o.jpg\",\"quantity\":1,\"price\":5911}]}],\"options\":{\"display\":{\"locale\":\"zh_TW\"}}}', '{\"orderId\":\"aad49746-cf49-46b1-b120-1ed70dcfa5ce\",\"currency\":\"TWD\",\"amount\":5911,\"packages\":[{\"id\":\"552f3b07-afd5-4677-a86a-fcaaef14a7cd\",\"amount\":5911,\"products\":[{\"id\":1710673708653,\"name\":\"墨韻雅筆\",\"imageUrl\":\"https://live.staticflickr.com/65535/53580691499_b1dd0e8a55_o.jpg\",\"quantity\":1,\"price\":5911}]}],\"options\":{\"display\":{\"locale\":\"zh_TW\"}},\"returnCode\":\"0000\",\"returnMessage\":\"Success.\",\"transactionId\":\"2024031702072156710\",\"paymentAccessToken\":\"878915496029\"}', '0000', '{\"returnCode\":\"0000\",\"returnMessage\":\"Success.\",\"info\":{\"transactionId\":\"2024031702072156710\",\"orderId\":\"aad49746-cf49-46b1-b120-1ed70dcfa5ce\",\"payInfo\":[{\"method\":\"CREDIT_CARD\",\"amount\":5911,\"maskedCreditCardNumber\":\"************1111\"}],\"packages\":[{\"id\":\"552f3b07-afd5-4677-a86a-fcaaef14a7cd\",\"amount\":5911,\"userFeeAmount\":0,\"products\":[{\"id\":\"1710673708653\",\"name\":\"墨韻雅筆\",\"imageUrl\":\"https://live.staticflickr.com/65535/53580691499_b1dd0e8a55_o.jpg\",\"quantity\":1,\"price\":5911}]}]}}', '2024-03-17 19:08:28', '2024-03-17 19:08:45'),
(5, '7e7c03b3-63e8-4f24-9727-aff30dbf7046', '2024031702072161110', '{\"orderId\":\"7e7c03b3-63e8-4f24-9727-aff30dbf7046\",\"currency\":\"TWD\",\"amount\":21700,\"packages\":[{\"id\":\"56fdda2d-e11c-4286-b284-44077f5318eb\",\"amount\":21700,\"products\":[{\"id\":1710674451069,\"name\":\"墨韻雅筆\",\"imageUrl\":\"https://live.staticflickr.com/65535/53580691499_b1dd0e8a55_o.jpg\",\"quantity\":1,\"price\":21700}]}],\"options\":{\"display\":{\"locale\":\"zh_TW\"}}}', '{\"orderId\":\"7e7c03b3-63e8-4f24-9727-aff30dbf7046\",\"currency\":\"TWD\",\"amount\":21700,\"packages\":[{\"id\":\"56fdda2d-e11c-4286-b284-44077f5318eb\",\"amount\":21700,\"products\":[{\"id\":1710674451069,\"name\":\"墨韻雅筆\",\"imageUrl\":\"https://live.staticflickr.com/65535/53580691499_b1dd0e8a55_o.jpg\",\"quantity\":1,\"price\":21700}]}],\"options\":{\"display\":{\"locale\":\"zh_TW\"}},\"returnCode\":\"0000\",\"returnMessage\":\"Success.\",\"transactionId\":\"2024031702072161110\",\"paymentAccessToken\":\"104436043368\"}', '0000', '{\"returnCode\":\"0000\",\"returnMessage\":\"Success.\",\"info\":{\"transactionId\":\"2024031702072161110\",\"orderId\":\"7e7c03b3-63e8-4f24-9727-aff30dbf7046\",\"payInfo\":[{\"method\":\"CREDIT_CARD\",\"amount\":21700,\"maskedCreditCardNumber\":\"************1111\"}],\"packages\":[{\"id\":\"56fdda2d-e11c-4286-b284-44077f5318eb\",\"amount\":21700,\"userFeeAmount\":0,\"products\":[{\"id\":\"1710674451069\",\"name\":\"墨韻雅筆\",\"imageUrl\":\"https://live.staticflickr.com/65535/53580691499_b1dd0e8a55_o.jpg\",\"quantity\":1,\"price\":21700}]}]}}', '2024-03-17 19:20:51', '2024-03-17 19:21:08'),
(6, '662214e2-daae-4042-8168-2fd135570ac2', '2024031702072163210', '{\"orderId\":\"662214e2-daae-4042-8168-2fd135570ac2\",\"currency\":\"TWD\",\"amount\":28800,\"packages\":[{\"id\":\"7d8817fa-3909-4f94-be1b-0f7fe2b38d3d\",\"amount\":28800,\"products\":[{\"id\":1710674761201,\"name\":\"墨韻雅筆\",\"imageUrl\":\"https://live.staticflickr.com/65535/53580691499_b1dd0e8a55_o.jpg\",\"quantity\":1,\"price\":28800}]}],\"options\":{\"display\":{\"locale\":\"zh_TW\"}}}', '{\"orderId\":\"662214e2-daae-4042-8168-2fd135570ac2\",\"currency\":\"TWD\",\"amount\":28800,\"packages\":[{\"id\":\"7d8817fa-3909-4f94-be1b-0f7fe2b38d3d\",\"amount\":28800,\"products\":[{\"id\":1710674761201,\"name\":\"墨韻雅筆\",\"imageUrl\":\"https://live.staticflickr.com/65535/53580691499_b1dd0e8a55_o.jpg\",\"quantity\":1,\"price\":28800}]}],\"options\":{\"display\":{\"locale\":\"zh_TW\"}},\"returnCode\":\"0000\",\"returnMessage\":\"Success.\",\"transactionId\":\"2024031702072163210\",\"paymentAccessToken\":\"929958823296\"}', '0000', '{\"returnCode\":\"0000\",\"returnMessage\":\"Success.\",\"info\":{\"transactionId\":\"2024031702072163210\",\"orderId\":\"662214e2-daae-4042-8168-2fd135570ac2\",\"payInfo\":[{\"method\":\"CREDIT_CARD\",\"amount\":28800,\"maskedCreditCardNumber\":\"************1111\"}],\"packages\":[{\"id\":\"7d8817fa-3909-4f94-be1b-0f7fe2b38d3d\",\"amount\":28800,\"userFeeAmount\":0,\"products\":[{\"id\":\"1710674761201\",\"name\":\"墨韻雅筆\",\"imageUrl\":\"https://live.staticflickr.com/65535/53580691499_b1dd0e8a55_o.jpg\",\"quantity\":1,\"price\":28800}]}]}}', '2024-03-17 19:26:01', '2024-03-17 19:26:18'),
(7, '1d03ea6d-d9cf-4a1f-99e3-107713808f4a', NULL, '{\"orderId\":\"1d03ea6d-d9cf-4a1f-99e3-107713808f4a\",\"currency\":\"TWD\",\"amount\":21700,\"packages\":[{\"id\":\"ce15d586-08cd-427e-a41e-2b7165fe32db\",\"amount\":21700,\"products\":[{\"id\":1710698837207,\"name\":\"墨韻雅筆\",\"imageUrl\":\"https://live.staticflickr.com/65535/53580691499_b1dd0e8a55_o.jpg\",\"quantity\":1,\"price\":21700}]}],\"options\":{\"display\":{\"locale\":\"zh_TW\"}}}', NULL, NULL, NULL, '2024-03-18 02:07:17', '2024-03-18 02:07:17'),
(8, '8986adb0-6554-43ec-84d1-c389dec1b49c', NULL, '{\"orderId\":\"8986adb0-6554-43ec-84d1-c389dec1b49c\",\"currency\":\"TWD\",\"amount\":21700,\"packages\":[{\"id\":\"87bf87ef-06df-446e-8955-15b83fb46882\",\"amount\":21700,\"products\":[{\"id\":1710700578235,\"name\":\"墨韻雅筆\",\"imageUrl\":\"https://live.staticflickr.com/65535/53580691499_b1dd0e8a55_o.jpg\",\"quantity\":1,\"price\":21700}]}],\"options\":{\"display\":{\"locale\":\"zh_TW\"}}}', NULL, NULL, NULL, '2024-03-18 02:36:18', '2024-03-18 02:36:18'),
(9, 'b776e61d-9a3a-420c-9bc0-07b98d57b6f1', NULL, '{\"orderId\":\"b776e61d-9a3a-420c-9bc0-07b98d57b6f1\",\"currency\":\"TWD\",\"amount\":21700,\"packages\":[{\"id\":\"96f9b966-4a56-4bc9-8078-f5e7d1678723\",\"amount\":21700,\"products\":[{\"id\":1710700715723,\"name\":\"墨韻雅筆\",\"imageUrl\":\"https://live.staticflickr.com/65535/53580691499_b1dd0e8a55_o.jpg\",\"quantity\":1,\"price\":21700}]}],\"options\":{\"display\":{\"locale\":\"zh_TW\"}}}', NULL, NULL, NULL, '2024-03-18 02:38:35', '2024-03-18 02:38:35'),
(10, '4e30ed5c-4077-4dce-92ff-a9978a7d7113', NULL, '{\"orderId\":\"4e30ed5c-4077-4dce-92ff-a9978a7d7113\",\"currency\":\"TWD\",\"amount\":21700,\"packages\":[{\"id\":\"ebd6d372-7990-47cf-a950-f8fb850490fd\",\"amount\":21700,\"products\":[{\"id\":1710700848774,\"name\":\"墨韻雅筆\",\"imageUrl\":\"https://live.staticflickr.com/65535/53580691499_b1dd0e8a55_o.jpg\",\"quantity\":1,\"price\":21700}]}],\"options\":{\"display\":{\"locale\":\"zh_TW\"}}}', NULL, NULL, NULL, '2024-03-18 02:40:48', '2024-03-18 02:40:48'),
(11, '29e4a11f-ddb8-4a11-96eb-e545004449f2', NULL, '{\"orderId\":\"29e4a11f-ddb8-4a11-96eb-e545004449f2\",\"currency\":\"TWD\",\"amount\":21700,\"packages\":[{\"id\":\"9d395f80-cf71-45ff-a0fd-9eabab3780b9\",\"amount\":21700,\"products\":[{\"id\":1710701103233,\"name\":\"墨韻雅筆\",\"imageUrl\":\"https://live.staticflickr.com/65535/53580691499_b1dd0e8a55_o.jpg\",\"quantity\":1,\"price\":21700}]}],\"options\":{\"display\":{\"locale\":\"zh_TW\"}}}', NULL, NULL, NULL, '2024-03-18 02:45:03', '2024-03-18 02:45:03'),
(12, '572e25a0-343c-4eaf-96d4-dee1e3edb576', NULL, '{\"orderId\":\"572e25a0-343c-4eaf-96d4-dee1e3edb576\",\"currency\":\"TWD\",\"amount\":21700,\"packages\":[{\"id\":\"86cdec89-0310-46fd-a4b9-e2ce1a05c22d\",\"amount\":21700,\"products\":[{\"id\":1710701193964,\"name\":\"墨韻雅筆\",\"imageUrl\":\"https://live.staticflickr.com/65535/53580691499_b1dd0e8a55_o.jpg\",\"quantity\":1,\"price\":21700}]}],\"options\":{\"display\":{\"locale\":\"zh_TW\"}}}', NULL, NULL, NULL, '2024-03-18 02:46:34', '2024-03-18 02:46:34'),
(13, 'b6577091-82d0-4b86-b5cf-8909759b9571', NULL, '{\"orderId\":\"b6577091-82d0-4b86-b5cf-8909759b9571\",\"currency\":\"TWD\",\"amount\":21700,\"packages\":[{\"id\":\"2c82ca09-ceed-4d39-8a33-ded4dc37a4b2\",\"amount\":21700,\"products\":[{\"id\":1710701312874,\"name\":\"墨韻雅筆\",\"imageUrl\":\"https://live.staticflickr.com/65535/53580691499_b1dd0e8a55_o.jpg\",\"quantity\":1,\"price\":21700}]}],\"options\":{\"display\":{\"locale\":\"zh_TW\"}}}', NULL, NULL, NULL, '2024-03-18 02:48:32', '2024-03-18 02:48:32'),
(14, 'cc3cb130-4edf-4f63-b8a1-5f02ebd80685', NULL, '{\"orderId\":\"cc3cb130-4edf-4f63-b8a1-5f02ebd80685\",\"currency\":\"TWD\",\"amount\":21700,\"packages\":[{\"id\":\"14a9dc4a-8cb1-443b-b8d8-94ff0c4999f4\",\"amount\":21700,\"products\":[{\"id\":1710701693897,\"name\":\"墨韻雅筆\",\"imageUrl\":\"https://live.staticflickr.com/65535/53580691499_b1dd0e8a55_o.jpg\",\"quantity\":1,\"price\":21700}]}],\"options\":{\"display\":{\"locale\":\"zh_TW\"}}}', NULL, NULL, NULL, '2024-03-18 02:54:53', '2024-03-18 02:54:53'),
(15, '67b23ae7-94fc-4f8d-987b-77a209d1910f', NULL, '{\"orderId\":\"67b23ae7-94fc-4f8d-987b-77a209d1910f\",\"currency\":\"TWD\",\"amount\":21700,\"packages\":[{\"id\":\"fc3a42c7-4810-41cf-bd10-8e9971941722\",\"amount\":21700,\"products\":[{\"id\":1710701911327,\"name\":\"墨韻雅筆\",\"imageUrl\":\"https://live.staticflickr.com/65535/53580691499_b1dd0e8a55_o.jpg\",\"quantity\":1,\"price\":21700}]}],\"options\":{\"display\":{\"locale\":\"zh_TW\"}}}', NULL, NULL, NULL, '2024-03-18 02:58:31', '2024-03-18 02:58:31'),
(16, '3653fca0-d798-4315-8e85-ac747029c0c1', NULL, '{\"orderId\":\"3653fca0-d798-4315-8e85-ac747029c0c1\",\"currency\":\"TWD\",\"amount\":21700,\"packages\":[{\"id\":\"c319ff7a-12d1-4289-a0b1-2c01ef7aac1f\",\"amount\":21700,\"products\":[{\"id\":1710702087932,\"name\":\"墨韻雅筆\",\"imageUrl\":\"https://live.staticflickr.com/65535/53580691499_b1dd0e8a55_o.jpg\",\"quantity\":1,\"price\":21700}]}],\"options\":{\"display\":{\"locale\":\"zh_TW\"}}}', NULL, NULL, NULL, '2024-03-18 03:01:27', '2024-03-18 03:01:27'),
(17, 'eed42160-94b2-47f6-a26b-5d53249e84e5', '2024031802072344810', '{\"orderId\":\"eed42160-94b2-47f6-a26b-5d53249e84e5\",\"currency\":\"TWD\",\"amount\":21700,\"packages\":[{\"id\":\"b8bb68f2-87cc-4177-bd73-2e665b7763a2\",\"amount\":21700,\"products\":[{\"id\":1710702533853,\"name\":\"墨韻雅筆\",\"imageUrl\":\"https://live.staticflickr.com/65535/53580691499_b1dd0e8a55_o.jpg\",\"quantity\":1,\"price\":21700}]}],\"options\":{\"display\":{\"locale\":\"zh_TW\"}}}', '{\"orderId\":\"eed42160-94b2-47f6-a26b-5d53249e84e5\",\"currency\":\"TWD\",\"amount\":21700,\"packages\":[{\"id\":\"b8bb68f2-87cc-4177-bd73-2e665b7763a2\",\"amount\":21700,\"products\":[{\"id\":1710702533853,\"name\":\"墨韻雅筆\",\"imageUrl\":\"https://live.staticflickr.com/65535/53580691499_b1dd0e8a55_o.jpg\",\"quantity\":1,\"price\":21700}]}],\"options\":{\"display\":{\"locale\":\"zh_TW\"}},\"returnCode\":\"0000\",\"returnMessage\":\"Success.\",\"transactionId\":\"2024031802072344810\",\"paymentAccessToken\":\"372800557723\"}', NULL, NULL, '2024-03-18 03:08:53', '2024-03-18 03:08:57'),
(18, 'a113a9e6-033c-483e-9773-b3ad730fe60a', NULL, '{\"orderId\":\"a113a9e6-033c-483e-9773-b3ad730fe60a\",\"currency\":\"TWD\",\"amount\":43200,\"packages\":[{\"id\":\"41c1a113-a8d5-428f-8de1-094a15572707\",\"amount\":43200,\"products\":[{\"id\":1710702574219,\"name\":\"墨韻雅筆\",\"imageUrl\":\"https://live.staticflickr.com/65535/53580691499_b1dd0e8a55_o.jpg\",\"quantity\":1,\"price\":43200}]}],\"options\":{\"display\":{\"locale\":\"zh_TW\"}}}', NULL, NULL, NULL, '2024-03-18 03:09:34', '2024-03-18 03:09:34'),
(19, 'd9cafa5b-ea55-436b-a01b-421d44e01d0c', NULL, '{\"orderId\":\"d9cafa5b-ea55-436b-a01b-421d44e01d0c\",\"currency\":\"TWD\",\"amount\":43200,\"packages\":[{\"id\":\"f3cbf050-f2e0-4919-80d5-3dfc96119cd2\",\"amount\":43200,\"products\":[{\"id\":1710704710351,\"name\":\"墨韻雅筆\",\"imageUrl\":\"https://live.staticflickr.com/65535/53580691499_b1dd0e8a55_o.jpg\",\"quantity\":1,\"price\":43200}]}],\"options\":{\"display\":{\"locale\":\"zh_TW\"}}}', NULL, NULL, NULL, '2024-03-18 03:45:10', '2024-03-18 03:45:10'),
(20, 'd4e8bb94-c4df-4988-b704-ff329dcf0f74', NULL, '{\"orderId\":\"d4e8bb94-c4df-4988-b704-ff329dcf0f74\",\"currency\":\"TWD\",\"amount\":43200,\"packages\":[{\"id\":\"bc7ddb44-0917-4288-93f0-991a868829d8\",\"amount\":43200,\"products\":[{\"id\":1710704726763,\"name\":\"墨韻雅筆\",\"imageUrl\":\"https://live.staticflickr.com/65535/53580691499_b1dd0e8a55_o.jpg\",\"quantity\":1,\"price\":43200}]}],\"options\":{\"display\":{\"locale\":\"zh_TW\"}}}', NULL, NULL, NULL, '2024-03-18 03:45:26', '2024-03-18 03:45:26'),
(21, '75df469a-5211-480b-ac0c-642be6cf97dd', '2024031802072358410', '{\"orderId\":\"75df469a-5211-480b-ac0c-642be6cf97dd\",\"currency\":\"TWD\",\"amount\":43200,\"packages\":[{\"id\":\"3f22b98a-3689-468c-a6b9-041874039ff3\",\"amount\":43200,\"products\":[{\"id\":1710704778631,\"name\":\"墨韻雅筆\",\"imageUrl\":\"https://live.staticflickr.com/65535/53580691499_b1dd0e8a55_o.jpg\",\"quantity\":1,\"price\":43200}]}],\"options\":{\"display\":{\"locale\":\"zh_TW\"}}}', '{\"orderId\":\"75df469a-5211-480b-ac0c-642be6cf97dd\",\"currency\":\"TWD\",\"amount\":43200,\"packages\":[{\"id\":\"3f22b98a-3689-468c-a6b9-041874039ff3\",\"amount\":43200,\"products\":[{\"id\":1710704778631,\"name\":\"墨韻雅筆\",\"imageUrl\":\"https://live.staticflickr.com/65535/53580691499_b1dd0e8a55_o.jpg\",\"quantity\":1,\"price\":43200}]}],\"options\":{\"display\":{\"locale\":\"zh_TW\"}},\"returnCode\":\"0000\",\"returnMessage\":\"Success.\",\"transactionId\":\"2024031802072358410\",\"paymentAccessToken\":\"160102252345\"}', NULL, NULL, '2024-03-18 03:46:18', '2024-03-18 03:46:22'),
(22, '18c6999c-b3cd-44c3-97d7-04636462f0cc', NULL, '{\"orderId\":\"18c6999c-b3cd-44c3-97d7-04636462f0cc\",\"currency\":\"TWD\",\"amount\":2111,\"packages\":[{\"id\":\"1b3ba6ed-6e77-42e6-b995-0d02b78662a1\",\"amount\":2111,\"products\":[{\"id\":1710704818710,\"name\":\"墨韻雅筆\",\"imageUrl\":\"https://live.staticflickr.com/65535/53580691499_b1dd0e8a55_o.jpg\",\"quantity\":1,\"price\":2111}]}],\"options\":{\"display\":{\"locale\":\"zh_TW\"}}}', NULL, NULL, NULL, '2024-03-18 03:46:58', '2024-03-18 03:46:58'),
(23, '1fb8a051-33f3-4e61-bbec-9db2b16fc27e', NULL, '{\"orderId\":\"1fb8a051-33f3-4e61-bbec-9db2b16fc27e\",\"currency\":\"TWD\",\"amount\":2111,\"packages\":[{\"id\":\"d2b980a1-8a13-4f3a-88f8-94e1514b7cf3\",\"amount\":2111,\"products\":[{\"id\":1710704989061,\"name\":\"墨韻雅筆\",\"imageUrl\":\"https://live.staticflickr.com/65535/53580691499_b1dd0e8a55_o.jpg\",\"quantity\":1,\"price\":2111}]}],\"options\":{\"display\":{\"locale\":\"zh_TW\"}}}', NULL, NULL, NULL, '2024-03-18 03:49:49', '2024-03-18 03:49:49'),
(24, '4fef1184-0f01-4aef-b9d7-a94bd72118e7', NULL, '{\"orderId\":\"4fef1184-0f01-4aef-b9d7-a94bd72118e7\",\"currency\":\"TWD\",\"amount\":2111,\"packages\":[{\"id\":\"b9cad91d-9e8c-4808-a7e0-9e33ea9c246e\",\"amount\":2111,\"products\":[{\"id\":1710705067719,\"name\":\"墨韻雅筆\",\"imageUrl\":\"https://live.staticflickr.com/65535/53580691499_b1dd0e8a55_o.jpg\",\"quantity\":1,\"price\":2111}]}],\"options\":{\"display\":{\"locale\":\"zh_TW\"}}}', NULL, NULL, NULL, '2024-03-18 03:51:07', '2024-03-18 03:51:07'),
(25, 'ceba3f73-0121-4b68-b11a-0b71f2559ef1', NULL, '{\"orderId\":\"ceba3f73-0121-4b68-b11a-0b71f2559ef1\",\"currency\":\"TWD\",\"amount\":2111,\"packages\":[{\"id\":\"23473ac8-698d-41bd-922f-61b409c347c3\",\"amount\":2111,\"products\":[{\"id\":1710705205151,\"name\":\"墨韻雅筆\",\"imageUrl\":\"https://live.staticflickr.com/65535/53580691499_b1dd0e8a55_o.jpg\",\"quantity\":1,\"price\":2111}]}],\"options\":{\"display\":{\"locale\":\"zh_TW\"}}}', NULL, NULL, NULL, '2024-03-18 03:53:25', '2024-03-18 03:53:25'),
(26, 'e3a49858-b1e6-4817-ae7e-7d9acb2cd722', NULL, '{\"orderId\":\"e3a49858-b1e6-4817-ae7e-7d9acb2cd722\",\"currency\":\"TWD\",\"amount\":2111,\"packages\":[{\"id\":\"17ee6bd6-8224-4af2-9d30-03daf84845b3\",\"amount\":2111,\"products\":[{\"id\":1710705964409,\"name\":\"墨韻雅筆\",\"imageUrl\":\"https://live.staticflickr.com/65535/53580691499_b1dd0e8a55_o.jpg\",\"quantity\":1,\"price\":2111}]}],\"options\":{\"display\":{\"locale\":\"zh_TW\"}}}', NULL, NULL, NULL, '2024-03-18 04:06:04', '2024-03-18 04:06:04'),
(27, '83f0463f-0865-4b10-920e-942bad1346d7', NULL, '{\"orderId\":\"83f0463f-0865-4b10-920e-942bad1346d7\",\"currency\":\"TWD\",\"amount\":2111,\"packages\":[{\"id\":\"e542408e-ac8d-4c48-94f8-5c919058ce11\",\"amount\":2111,\"products\":[{\"id\":1710706083777,\"name\":\"墨韻雅筆\",\"imageUrl\":\"https://live.staticflickr.com/65535/53580691499_b1dd0e8a55_o.jpg\",\"quantity\":1,\"price\":2111}]}],\"options\":{\"display\":{\"locale\":\"zh_TW\"}}}', NULL, NULL, NULL, '2024-03-18 04:08:03', '2024-03-18 04:08:03'),
(28, '3132a580-f3b0-461e-a563-8a7636dfd3d7', NULL, '{\"orderId\":\"3132a580-f3b0-461e-a563-8a7636dfd3d7\",\"currency\":\"TWD\",\"amount\":4022,\"packages\":[{\"id\":\"1efa1ba3-ccd5-437c-9842-58d668fc7ce6\",\"amount\":4022,\"products\":[{\"id\":1710706896296,\"name\":\"墨韻雅筆\",\"imageUrl\":\"https://live.staticflickr.com/65535/53580691499_b1dd0e8a55_o.jpg\",\"quantity\":1,\"price\":4022}]}],\"options\":{\"display\":{\"locale\":\"zh_TW\"}}}', NULL, NULL, NULL, '2024-03-18 04:21:36', '2024-03-18 04:21:36'),
(29, '7c4e7cf9-c17d-46bb-bdfe-6c9faba4d2a1', NULL, '{\"orderId\":\"7c4e7cf9-c17d-46bb-bdfe-6c9faba4d2a1\",\"currency\":\"TWD\",\"amount\":4022,\"packages\":[{\"id\":\"54fd89ab-5098-482f-86b1-89641386dc4f\",\"amount\":4022,\"products\":[{\"id\":1710707873932,\"name\":\"墨韻雅筆\",\"imageUrl\":\"https://live.staticflickr.com/65535/53580691499_b1dd0e8a55_o.jpg\",\"quantity\":1,\"price\":4022}]}],\"options\":{\"display\":{\"locale\":\"zh_TW\"}}}', NULL, NULL, NULL, '2024-03-18 04:37:53', '2024-03-18 04:37:53'),
(30, '53ace552-08b0-4397-b664-e291de4447da', NULL, '{\"orderId\":\"53ace552-08b0-4397-b664-e291de4447da\",\"currency\":\"TWD\",\"amount\":4022,\"packages\":[{\"id\":\"e6c6b4df-ef72-4603-b76d-f14dd792b9a2\",\"amount\":4022,\"products\":[{\"id\":1710707916083,\"name\":\"墨韻雅筆\",\"imageUrl\":\"https://live.staticflickr.com/65535/53580691499_b1dd0e8a55_o.jpg\",\"quantity\":1,\"price\":4022}]}],\"options\":{\"display\":{\"locale\":\"zh_TW\"}}}', NULL, NULL, NULL, '2024-03-18 04:38:36', '2024-03-18 04:38:36'),
(31, 'bbaba802-3afd-4e67-a744-2f606ce8c75d', NULL, '{\"orderId\":\"bbaba802-3afd-4e67-a744-2f606ce8c75d\",\"currency\":\"TWD\",\"amount\":4022,\"packages\":[{\"id\":\"936e2132-c1e3-44a9-9fe8-cc38056f02af\",\"amount\":4022,\"products\":[{\"id\":1710709081964,\"name\":\"墨韻雅筆\",\"imageUrl\":\"https://live.staticflickr.com/65535/53580691499_b1dd0e8a55_o.jpg\",\"quantity\":1,\"price\":4022}]}],\"options\":{\"display\":{\"locale\":\"zh_TW\"}}}', NULL, NULL, NULL, '2024-03-18 04:58:02', '2024-03-18 04:58:02'),
(32, '59f28772-f506-4dae-9668-97cd515d0cfc', NULL, '{\"orderId\":\"59f28772-f506-4dae-9668-97cd515d0cfc\",\"currency\":\"TWD\",\"amount\":4022,\"packages\":[{\"id\":\"c6e2a1f3-9c45-4e2a-aa16-3ea307849f15\",\"amount\":4022,\"products\":[{\"id\":1710709182513,\"name\":\"墨韻雅筆\",\"imageUrl\":\"https://live.staticflickr.com/65535/53580691499_b1dd0e8a55_o.jpg\",\"quantity\":1,\"price\":4022}]}],\"options\":{\"display\":{\"locale\":\"zh_TW\"}}}', NULL, NULL, NULL, '2024-03-18 04:59:42', '2024-03-18 04:59:42'),
(33, '76ce1f49-169e-4b56-9636-aaaaa26ae3cb', NULL, '{\"orderId\":\"76ce1f49-169e-4b56-9636-aaaaa26ae3cb\",\"currency\":\"TWD\",\"amount\":4022,\"packages\":[{\"id\":\"b2a815b6-72ee-49a1-8d2f-4dce626a6433\",\"amount\":4022,\"products\":[{\"id\":1710738372142,\"name\":\"墨韻雅筆\",\"imageUrl\":\"https://live.staticflickr.com/65535/53580691499_b1dd0e8a55_o.jpg\",\"quantity\":1,\"price\":4022}]}],\"options\":{\"display\":{\"locale\":\"zh_TW\"}}}', NULL, NULL, NULL, '2024-03-18 13:06:12', '2024-03-18 13:06:12'),
(34, '1f262a61-e302-4b99-98ab-ce4551cae697', NULL, '{\"orderId\":\"1f262a61-e302-4b99-98ab-ce4551cae697\",\"currency\":\"TWD\",\"amount\":4022,\"packages\":[{\"id\":\"b2e28b04-8d23-4785-8423-2858fa3634ba\",\"amount\":4022,\"products\":[{\"id\":1710738529684,\"name\":\"墨韻雅筆\",\"imageUrl\":\"https://live.staticflickr.com/65535/53580691499_b1dd0e8a55_o.jpg\",\"quantity\":1,\"price\":4022}]}],\"options\":{\"display\":{\"locale\":\"zh_TW\"}}}', NULL, NULL, NULL, '2024-03-18 13:08:49', '2024-03-18 13:08:49'),
(35, '3dc46c7f-4221-4a98-841c-ababaa4ba500', NULL, '{\"orderId\":\"3dc46c7f-4221-4a98-841c-ababaa4ba500\",\"currency\":\"TWD\",\"amount\":4022,\"packages\":[{\"id\":\"31615401-d413-4fa2-9ebe-2b4242315298\",\"amount\":4022,\"products\":[{\"id\":1710739831848,\"name\":\"墨韻雅筆\",\"imageUrl\":\"https://live.staticflickr.com/65535/53580691499_b1dd0e8a55_o.jpg\",\"quantity\":1,\"price\":4022}]}],\"options\":{\"display\":{\"locale\":\"zh_TW\"}}}', NULL, NULL, NULL, '2024-03-18 13:30:31', '2024-03-18 13:30:31'),
(36, 'a018e3a1-d08f-4193-899d-82dd534d23c8', '2024031802072758310', '{\"orderId\":\"a018e3a1-d08f-4193-899d-82dd534d23c8\",\"currency\":\"TWD\",\"amount\":4022,\"packages\":[{\"id\":\"7790173f-1f56-4701-b05d-63ce661964a6\",\"amount\":4022,\"products\":[{\"id\":1710741514799,\"name\":\"墨韻雅筆\",\"imageUrl\":\"https://live.staticflickr.com/65535/53580691499_b1dd0e8a55_o.jpg\",\"quantity\":1,\"price\":4022}]}],\"options\":{\"display\":{\"locale\":\"zh_TW\"}}}', '{\"orderId\":\"a018e3a1-d08f-4193-899d-82dd534d23c8\",\"currency\":\"TWD\",\"amount\":4022,\"packages\":[{\"id\":\"7790173f-1f56-4701-b05d-63ce661964a6\",\"amount\":4022,\"products\":[{\"id\":1710741514799,\"name\":\"墨韻雅筆\",\"imageUrl\":\"https://live.staticflickr.com/65535/53580691499_b1dd0e8a55_o.jpg\",\"quantity\":1,\"price\":4022}]}],\"options\":{\"display\":{\"locale\":\"zh_TW\"}},\"returnCode\":\"0000\",\"returnMessage\":\"Success.\",\"transactionId\":\"2024031802072758310\",\"paymentAccessToken\":\"345456445955\"}', '0000', '{\"returnCode\":\"0000\",\"returnMessage\":\"Success.\",\"info\":{\"transactionId\":\"2024031802072758310\",\"orderId\":\"a018e3a1-d08f-4193-899d-82dd534d23c8\",\"payInfo\":[{\"method\":\"CREDIT_CARD\",\"amount\":4022,\"maskedCreditCardNumber\":\"************1111\"}],\"packages\":[{\"id\":\"7790173f-1f56-4701-b05d-63ce661964a6\",\"amount\":4022,\"userFeeAmount\":0,\"products\":[{\"id\":\"1710741514799\",\"name\":\"墨韻雅筆\",\"imageUrl\":\"https://live.staticflickr.com/65535/53580691499_b1dd0e8a55_o.jpg\",\"quantity\":1,\"price\":4022}]}]}}', '2024-03-18 13:58:34', '2024-03-18 13:59:00'),
(37, 'ec03b17f-fec9-4fdf-bbe6-ce8d3d88e965', '2024031802072814710', '{\"orderId\":\"ec03b17f-fec9-4fdf-bbe6-ce8d3d88e965\",\"currency\":\"TWD\",\"amount\":21580,\"packages\":[{\"id\":\"02792861-999e-4d06-adc1-237e03dcc306\",\"amount\":21580,\"products\":[{\"id\":1710744748503,\"name\":\"墨韻雅筆\",\"imageUrl\":\"https://live.staticflickr.com/65535/53580691499_b1dd0e8a55_o.jpg\",\"quantity\":1,\"price\":21580}]}],\"options\":{\"display\":{\"locale\":\"zh_TW\"}}}', '{\"orderId\":\"ec03b17f-fec9-4fdf-bbe6-ce8d3d88e965\",\"currency\":\"TWD\",\"amount\":21580,\"packages\":[{\"id\":\"02792861-999e-4d06-adc1-237e03dcc306\",\"amount\":21580,\"products\":[{\"id\":1710744748503,\"name\":\"墨韻雅筆\",\"imageUrl\":\"https://live.staticflickr.com/65535/53580691499_b1dd0e8a55_o.jpg\",\"quantity\":1,\"price\":21580}]}],\"options\":{\"display\":{\"locale\":\"zh_TW\"}},\"returnCode\":\"0000\",\"returnMessage\":\"Success.\",\"transactionId\":\"2024031802072814710\",\"paymentAccessToken\":\"787110344647\"}', NULL, NULL, '2024-03-18 14:52:28', '2024-03-18 14:52:49'),
(38, '33b6fa9d-5a40-48e8-b269-25eaf6199c06', NULL, '{\"orderId\":\"33b6fa9d-5a40-48e8-b269-25eaf6199c06\",\"currency\":\"TWD\",\"amount\":21580,\"packages\":[{\"id\":\"b4fd9529-48fc-48fc-bb27-98ab2be8d665\",\"amount\":21580,\"products\":[{\"id\":1710745281145,\"name\":\"墨韻雅筆\",\"imageUrl\":\"https://live.staticflickr.com/65535/53580691499_b1dd0e8a55_o.jpg\",\"quantity\":1,\"price\":21580}]}],\"options\":{\"display\":{\"locale\":\"zh_TW\"}}}', NULL, NULL, NULL, '2024-03-18 15:01:21', '2024-03-18 15:01:21'),
(39, '90bc0b60-233c-4569-8f6f-873974aeb1a1', NULL, '{\"orderId\":\"90bc0b60-233c-4569-8f6f-873974aeb1a1\",\"currency\":\"TWD\",\"amount\":7280,\"packages\":[{\"id\":\"77a9c47f-f367-4b90-9907-887f5cd24534\",\"amount\":7280,\"products\":[{\"id\":1710753890419,\"name\":\"墨韻雅筆\",\"imageUrl\":\"https://live.staticflickr.com/65535/53580691499_b1dd0e8a55_o.jpg\",\"quantity\":1,\"price\":7280}]}],\"options\":{\"display\":{\"locale\":\"zh_TW\"}}}', NULL, NULL, NULL, '2024-03-18 17:24:50', '2024-03-18 17:24:50'),
(40, '8e59c7e8-dded-412b-bc12-75a92ed61e88', '2024031802072977110', '{\"orderId\":\"8e59c7e8-dded-412b-bc12-75a92ed61e88\",\"currency\":\"TWD\",\"amount\":7280,\"packages\":[{\"id\":\"233490b4-5615-428e-af88-569f19a68ea4\",\"amount\":7280,\"products\":[{\"id\":1710754511385,\"name\":\"墨韻雅筆\",\"imageUrl\":\"https://live.staticflickr.com/65535/53580691499_b1dd0e8a55_o.jpg\",\"quantity\":1,\"price\":7280}]}],\"options\":{\"display\":{\"locale\":\"zh_TW\"}}}', '{\"orderId\":\"8e59c7e8-dded-412b-bc12-75a92ed61e88\",\"currency\":\"TWD\",\"amount\":7280,\"packages\":[{\"id\":\"233490b4-5615-428e-af88-569f19a68ea4\",\"amount\":7280,\"products\":[{\"id\":1710754511385,\"name\":\"墨韻雅筆\",\"imageUrl\":\"https://live.staticflickr.com/65535/53580691499_b1dd0e8a55_o.jpg\",\"quantity\":1,\"price\":7280}]}],\"options\":{\"display\":{\"locale\":\"zh_TW\"}},\"returnCode\":\"0000\",\"returnMessage\":\"Success.\",\"transactionId\":\"2024031802072977110\",\"paymentAccessToken\":\"290982290428\"}', NULL, NULL, '2024-03-18 17:35:11', '2024-03-18 17:35:14'),
(41, '7689497b-b4ab-401d-9c22-2e1f17742b6b', NULL, '{\"orderId\":\"7689497b-b4ab-401d-9c22-2e1f17742b6b\",\"currency\":\"TWD\",\"amount\":21700,\"packages\":[{\"id\":\"99326ac6-db5b-402b-a3f1-89201ada506d\",\"amount\":21700,\"products\":[{\"id\":1710754551403,\"name\":\"墨韻雅筆\",\"imageUrl\":\"https://live.staticflickr.com/65535/53580691499_b1dd0e8a55_o.jpg\",\"quantity\":1,\"price\":21700}]}],\"options\":{\"display\":{\"locale\":\"zh_TW\"}}}', NULL, NULL, NULL, '2024-03-18 17:35:51', '2024-03-18 17:35:51'),
(42, 'c69a3d78-7e14-4c71-9691-cf5ab17d136f', NULL, '{\"orderId\":\"c69a3d78-7e14-4c71-9691-cf5ab17d136f\",\"currency\":\"TWD\",\"amount\":21700,\"packages\":[{\"id\":\"0769245e-2bde-429c-bacf-2cd262a8db40\",\"amount\":21700,\"products\":[{\"id\":1710754765374,\"name\":\"墨韻雅筆\",\"imageUrl\":\"https://live.staticflickr.com/65535/53580691499_b1dd0e8a55_o.jpg\",\"quantity\":1,\"price\":21700}]}],\"options\":{\"display\":{\"locale\":\"zh_TW\"}}}', NULL, NULL, NULL, '2024-03-18 17:39:25', '2024-03-18 17:39:25'),
(43, '1037a7ca-8229-40bc-818d-cf219106e358', NULL, '{\"orderId\":\"1037a7ca-8229-40bc-818d-cf219106e358\",\"currency\":\"TWD\",\"amount\":21700,\"packages\":[{\"id\":\"376bd634-5efb-465e-b410-a744519edec1\",\"amount\":21700,\"products\":[{\"id\":1710754881520,\"name\":\"墨韻雅筆\",\"imageUrl\":\"https://live.staticflickr.com/65535/53580691499_b1dd0e8a55_o.jpg\",\"quantity\":1,\"price\":21700}]}],\"options\":{\"display\":{\"locale\":\"zh_TW\"}}}', NULL, NULL, NULL, '2024-03-18 17:41:21', '2024-03-18 17:41:21'),
(44, 'feae2d78-679a-4caa-a63f-dd83c45b8475', '2024031802072985210', '{\"orderId\":\"feae2d78-679a-4caa-a63f-dd83c45b8475\",\"currency\":\"TWD\",\"amount\":21700,\"packages\":[{\"id\":\"00a8fb17-ffa9-4b29-a53e-3927d4fa3039\",\"amount\":21700,\"products\":[{\"id\":1710754981055,\"name\":\"墨韻雅筆\",\"imageUrl\":\"https://live.staticflickr.com/65535/53580691499_b1dd0e8a55_o.jpg\",\"quantity\":1,\"price\":21700}]}],\"options\":{\"display\":{\"locale\":\"zh_TW\"}}}', '{\"orderId\":\"feae2d78-679a-4caa-a63f-dd83c45b8475\",\"currency\":\"TWD\",\"amount\":21700,\"packages\":[{\"id\":\"00a8fb17-ffa9-4b29-a53e-3927d4fa3039\",\"amount\":21700,\"products\":[{\"id\":1710754981055,\"name\":\"墨韻雅筆\",\"imageUrl\":\"https://live.staticflickr.com/65535/53580691499_b1dd0e8a55_o.jpg\",\"quantity\":1,\"price\":21700}]}],\"options\":{\"display\":{\"locale\":\"zh_TW\"}},\"returnCode\":\"0000\",\"returnMessage\":\"Success.\",\"transactionId\":\"2024031802072985210\",\"paymentAccessToken\":\"928222079396\"}', '0000', '{\"returnCode\":\"0000\",\"returnMessage\":\"Success.\",\"info\":{\"transactionId\":\"2024031802072985210\",\"orderId\":\"feae2d78-679a-4caa-a63f-dd83c45b8475\",\"payInfo\":[{\"method\":\"CREDIT_CARD\",\"amount\":21700,\"maskedCreditCardNumber\":\"************1111\"}],\"packages\":[{\"id\":\"00a8fb17-ffa9-4b29-a53e-3927d4fa3039\",\"amount\":21700,\"userFeeAmount\":0,\"products\":[{\"id\":\"1710754981055\",\"name\":\"墨韻雅筆\",\"imageUrl\":\"https://live.staticflickr.com/65535/53580691499_b1dd0e8a55_o.jpg\",\"quantity\":1,\"price\":21700}]}]}}', '2024-03-18 17:43:01', '2024-03-18 17:43:23'),
(45, '3ff0c67d-d4df-4b9b-ac9a-e5a4f1ab6c93', NULL, '{\"orderId\":\"3ff0c67d-d4df-4b9b-ac9a-e5a4f1ab6c93\",\"currency\":\"TWD\",\"amount\":21700,\"packages\":[{\"id\":\"1587ecef-5e79-416c-858e-59d73e53f41c\",\"amount\":21700,\"products\":[{\"id\":1710756442620,\"name\":\"墨韻雅筆\",\"imageUrl\":\"https://live.staticflickr.com/65535/53580691499_b1dd0e8a55_o.jpg\",\"quantity\":1,\"price\":21700}]}],\"options\":{\"display\":{\"locale\":\"zh_TW\"}}}', NULL, NULL, NULL, '2024-03-18 18:07:22', '2024-03-18 18:07:22'),
(46, 'd5c28dde-7f5a-4100-84be-54c3ea2bc006', NULL, '{\"orderId\":\"d5c28dde-7f5a-4100-84be-54c3ea2bc006\",\"currency\":\"TWD\",\"amount\":21700,\"packages\":[{\"id\":\"577c4d57-4d55-45f0-b76d-e9f978051d6c\",\"amount\":21700,\"products\":[{\"id\":1710761980668,\"name\":\"墨韻雅筆\",\"imageUrl\":\"https://live.staticflickr.com/65535/53580691499_b1dd0e8a55_o.jpg\",\"quantity\":1,\"price\":21700}]}],\"options\":{\"display\":{\"locale\":\"zh_TW\"}}}', NULL, NULL, NULL, '2024-03-18 19:39:40', '2024-03-18 19:39:40'),
(47, '781d4eb7-8313-4eba-8677-7f81269e4c8c', '2024031902073534810', '{\"orderId\":\"781d4eb7-8313-4eba-8677-7f81269e4c8c\",\"currency\":\"TWD\",\"amount\":27400,\"packages\":[{\"id\":\"a108b6df-4502-420d-b3ab-076dbca128cf\",\"amount\":27400,\"products\":[{\"id\":1710827224498,\"name\":\"墨韻雅筆\",\"imageUrl\":\"https://live.staticflickr.com/65535/53580691499_b1dd0e8a55_o.jpg\",\"quantity\":1,\"price\":27400}]}],\"options\":{\"display\":{\"locale\":\"zh_TW\"}}}', '{\"orderId\":\"781d4eb7-8313-4eba-8677-7f81269e4c8c\",\"currency\":\"TWD\",\"amount\":27400,\"packages\":[{\"id\":\"a108b6df-4502-420d-b3ab-076dbca128cf\",\"amount\":27400,\"products\":[{\"id\":1710827224498,\"name\":\"墨韻雅筆\",\"imageUrl\":\"https://live.staticflickr.com/65535/53580691499_b1dd0e8a55_o.jpg\",\"quantity\":1,\"price\":27400}]}],\"options\":{\"display\":{\"locale\":\"zh_TW\"}},\"returnCode\":\"0000\",\"returnMessage\":\"Success.\",\"transactionId\":\"2024031902073534810\",\"paymentAccessToken\":\"174351747483\"}', '0000', '{\"returnCode\":\"0000\",\"returnMessage\":\"Success.\",\"info\":{\"transactionId\":\"2024031902073534810\",\"orderId\":\"781d4eb7-8313-4eba-8677-7f81269e4c8c\",\"payInfo\":[{\"method\":\"CREDIT_CARD\",\"amount\":27400,\"maskedCreditCardNumber\":\"************1111\"}],\"packages\":[{\"id\":\"a108b6df-4502-420d-b3ab-076dbca128cf\",\"amount\":27400,\"userFeeAmount\":0,\"products\":[{\"id\":\"1710827224498\",\"name\":\"墨韻雅筆\",\"imageUrl\":\"https://live.staticflickr.com/65535/53580691499_b1dd0e8a55_o.jpg\",\"quantity\":1,\"price\":27400}]}]}}', '2024-03-19 13:47:04', '2024-03-19 13:47:41'),
(48, '7079e922-0869-4613-8238-a952c8f453b3', '2024031902073535510', '{\"orderId\":\"7079e922-0869-4613-8238-a952c8f453b3\",\"currency\":\"TWD\",\"amount\":21580,\"packages\":[{\"id\":\"97017e38-1adb-4792-8f28-e5ef310f2ea2\",\"amount\":21580,\"products\":[{\"id\":1710827298487,\"name\":\"墨韻雅筆\",\"imageUrl\":\"https://live.staticflickr.com/65535/53580691499_b1dd0e8a55_o.jpg\",\"quantity\":1,\"price\":21580}]}],\"options\":{\"display\":{\"locale\":\"zh_TW\"}}}', '{\"orderId\":\"7079e922-0869-4613-8238-a952c8f453b3\",\"currency\":\"TWD\",\"amount\":21580,\"packages\":[{\"id\":\"97017e38-1adb-4792-8f28-e5ef310f2ea2\",\"amount\":21580,\"products\":[{\"id\":1710827298487,\"name\":\"墨韻雅筆\",\"imageUrl\":\"https://live.staticflickr.com/65535/53580691499_b1dd0e8a55_o.jpg\",\"quantity\":1,\"price\":21580}]}],\"options\":{\"display\":{\"locale\":\"zh_TW\"}},\"returnCode\":\"0000\",\"returnMessage\":\"Success.\",\"transactionId\":\"2024031902073535510\",\"paymentAccessToken\":\"359025311739\"}', NULL, NULL, '2024-03-19 13:48:18', '2024-03-19 13:48:21'),
(49, 'dd6953e6-cfc0-4115-ab77-019eeaaec459', NULL, '{\"orderId\":\"dd6953e6-cfc0-4115-ab77-019eeaaec459\",\"currency\":\"TWD\",\"amount\":21580,\"packages\":[{\"id\":\"acc37451-bb60-4122-a3b1-98afc0f9044d\",\"amount\":21580,\"products\":[{\"id\":1710827584337,\"name\":\"墨韻雅筆\",\"imageUrl\":\"https://live.staticflickr.com/65535/53580691499_b1dd0e8a55_o.jpg\",\"quantity\":1,\"price\":21580}]}],\"options\":{\"display\":{\"locale\":\"zh_TW\"}}}', NULL, NULL, NULL, '2024-03-19 13:53:04', '2024-03-19 13:53:04'),
(50, '7cf74a36-cf0e-4fca-9e60-9667563758ca', NULL, '{\"orderId\":\"7cf74a36-cf0e-4fca-9e60-9667563758ca\",\"currency\":\"TWD\",\"amount\":21700,\"packages\":[{\"id\":\"cfb3f1ab-268c-4e35-96e7-12c564950877\",\"amount\":21700,\"products\":[{\"id\":1710827666801,\"name\":\"墨韻雅筆\",\"imageUrl\":\"https://live.staticflickr.com/65535/53580691499_b1dd0e8a55_o.jpg\",\"quantity\":1,\"price\":21700}]}],\"options\":{\"display\":{\"locale\":\"zh_TW\"}}}', NULL, NULL, NULL, '2024-03-19 13:54:26', '2024-03-19 13:54:26'),
(51, 'cca1b85b-6e2a-4209-831d-8c87c5d816fc', NULL, '{\"orderId\":\"cca1b85b-6e2a-4209-831d-8c87c5d816fc\",\"currency\":\"TWD\",\"amount\":21700,\"packages\":[{\"id\":\"539607e7-3155-404b-8ba5-6849df33cbfc\",\"amount\":21700,\"products\":[{\"id\":1710827720272,\"name\":\"墨韻雅筆\",\"imageUrl\":\"https://live.staticflickr.com/65535/53580691499_b1dd0e8a55_o.jpg\",\"quantity\":1,\"price\":21700}]}],\"options\":{\"display\":{\"locale\":\"zh_TW\"}}}', NULL, NULL, NULL, '2024-03-19 13:55:20', '2024-03-19 13:55:20'),
(52, '30e7dc47-ff63-43c3-a965-0cebbfededef', NULL, '{\"orderId\":\"30e7dc47-ff63-43c3-a965-0cebbfededef\",\"currency\":\"TWD\",\"amount\":43200,\"packages\":[{\"id\":\"38f16998-45e9-43a4-b6db-82136852cf7a\",\"amount\":43200,\"products\":[{\"id\":1710828040570,\"name\":\"墨韻雅筆\",\"imageUrl\":\"https://live.staticflickr.com/65535/53580691499_b1dd0e8a55_o.jpg\",\"quantity\":1,\"price\":43200}]}],\"options\":{\"display\":{\"locale\":\"zh_TW\"}}}', NULL, NULL, NULL, '2024-03-19 14:00:40', '2024-03-19 14:00:40'),
(53, '8d01115c-2e1d-4607-8fb5-48150e344cb4', NULL, '{\"orderId\":\"8d01115c-2e1d-4607-8fb5-48150e344cb4\",\"currency\":\"TWD\",\"amount\":1991,\"packages\":[{\"id\":\"c4917357-8cbf-455c-858d-77c3881828be\",\"amount\":1991,\"products\":[{\"id\":1710828128976,\"name\":\"墨韻雅筆\",\"imageUrl\":\"https://live.staticflickr.com/65535/53580691499_b1dd0e8a55_o.jpg\",\"quantity\":1,\"price\":1991}]}],\"options\":{\"display\":{\"locale\":\"zh_TW\"}}}', NULL, NULL, NULL, '2024-03-19 14:02:08', '2024-03-19 14:02:08');

-- --------------------------------------------------------

--
-- 資料表結構 `material`
--

CREATE TABLE `material` (
  `material_id` int(11) NOT NULL,
  `material_name` varchar(10) NOT NULL
) ENGINE=InnoDB DEFAULT CHARSET=utf8mb4 COLLATE=utf8mb4_general_ci;

--
-- 傾印資料表的資料 `material`
--

INSERT INTO `material` (`material_id`, `material_name`) VALUES
(1, '黃銅'),
(2, '樹脂'),
(3, '塑膠'),
(4, '橡膠'),
(5, '金屬'),
(6, '不銹鋼'),
(7, '木頭'),
(8, '人造纖維'),
(9, '鋁'),
(10, '鍍鉻');

-- --------------------------------------------------------

--
-- 資料表結構 `member_coupon`
--

CREATE TABLE `member_coupon` (
  `id` int(11) NOT NULL,
  `coupon_id` int(11) NOT NULL,
  `user_id` int(11) NOT NULL,
  `valid` tinyint(4) NOT NULL,
  `used_valid` tinyint(1) NOT NULL DEFAULT 1
) ENGINE=InnoDB DEFAULT CHARSET=utf8mb4 COLLATE=utf8mb4_general_ci;

--
-- 傾印資料表的資料 `member_coupon`
--

INSERT INTO `member_coupon` (`id`, `coupon_id`, `user_id`, `valid`, `used_valid`) VALUES
(1, 10, 1, 1, 1),
(2, 11, 1, 1, 1),
(3, 12, 1, 1, 1),
(4, 13, 1, 1, 1),
(5, 14, 1, 1, 1),
(6, 15, 2, 1, 1),
(7, 16, 2, 1, 1),
(8, 17, 2, 1, 1),
(9, 18, 2, 1, 1),
(10, 19, 2, 1, 1),
(35, 1, 35, 1, 0),
(36, 2, 35, 1, 0),
(37, 3, 35, 1, 1),
(38, 4, 35, 1, 1);

-- --------------------------------------------------------

--
-- 資料表結構 `mycoupon`
--

CREATE TABLE `mycoupon` (
  `id` int(11) NOT NULL,
  `coupon_name` varchar(255) NOT NULL,
  `coupon_code` varchar(20) NOT NULL,
  `coupon_valid` tinyint(1) NOT NULL,
  `discount_type` varchar(20) NOT NULL,
  `discount_title` text NOT NULL,
  `discount_value` decimal(10,0) NOT NULL,
  `max_usage` int(11) NOT NULL,
  `used_time` int(11) NOT NULL,
  `price_min` decimal(10,0) NOT NULL,
  `Usage restrictions` varchar(255) NOT NULL,
  `created_at` datetime NOT NULL,
  `start_at` datetime NOT NULL,
  `end_at` datetime NOT NULL,
  `updated_at` datetime NOT NULL
) ENGINE=InnoDB DEFAULT CHARSET=utf8mb4 COLLATE=utf8mb4_general_ci;

--
-- 傾印資料表的資料 `mycoupon`
--

INSERT INTO `mycoupon` (`id`, `coupon_name`, `coupon_code`, `coupon_valid`, `discount_type`, `discount_title`, `discount_value`, `max_usage`, `used_time`, `price_min`, `Usage restrictions`, `created_at`, `start_at`, `end_at`, `updated_at`) VALUES
(1, '冬季大特賣', 'ABC123', 1, '金額', '現折300$', 300, 100, 0, 3000, '全站', '2024-02-24 00:00:00', '2024-03-05 00:00:00', '2024-04-08 00:00:00', '2023-12-06 00:00:00'),
(2, '冬至滿額贈', 'DEF456', 1, '金額', '現折300$', 300, 50, 0, 3000, '全站', '2024-02-25 00:00:00', '2024-03-06 00:00:00', '2024-04-09 00:00:00', '2023-12-07 00:00:00'),
(3, '冬日暖心慶典', 'GHI789', 1, '金額', '現折300$', 300, 200, 0, 3000, '全站', '2024-02-24 00:00:00', '2024-03-07 00:00:00', '2024-04-10 00:00:00', '2023-12-08 00:00:00'),
(4, '冬季奢華優惠', 'JKL012', 1, '金額', '現折300$', 300, 150, 0, 3000, '全站', '2024-02-16 00:00:00', '2024-03-08 00:00:00', '2024-04-11 00:00:00', '2023-12-09 00:00:00'),
(5, '冬季滿額贈', 'MNO345', 1, '金額', '現折500$', 500, 80, 0, 5000, '全站', '2024-03-07 00:00:00', '2024-03-05 00:00:00', '2024-04-08 00:00:00', '2023-12-10 00:00:00'),
(6, '冬日暢銷搶購', 'PQR678', 1, '金額', '現折500$', 500, 120, 0, 5000, '全站', '2024-03-21 00:00:00', '2024-03-06 00:00:00', '2024-04-09 00:00:00', '2023-12-11 00:00:00'),
(7, '冬日品牌優選', 'STU901', 0, '金額', '現折500$', 500, 240, 0, 5000, '全站', '2024-03-03 00:00:00', '2024-03-07 00:00:00', '2024-04-10 00:00:00', '2023-12-12 00:00:00'),
(8, '冬季時尚驚喜', 'VWX234', -1, '金額', '現折500$', 500, 180, 0, 5000, '全站', '2024-03-28 00:00:00', '2024-03-08 00:00:00', '2024-04-11 00:00:00', '2023-12-13 00:00:00'),
(9, '冬日雅緻禮贈', 'YZA567', 0, '金額', '現折100$', 100, 100, 0, 0, '全站', '2024-02-04 00:00:00', '2024-03-10 00:00:00', '2024-04-12 00:00:00', '2023-12-14 00:00:00'),
(10, '冬季尊榮迎賓', 'BCD890', 1, '金額', '現折50$', 50, 70, 0, 0, '全站', '2024-03-18 00:00:00', '2024-03-11 00:00:00', '2024-04-13 00:00:00', '2023-12-15 00:00:00'),
(11, '冬季慶典大折扣', 'EFG123', 0, '金額', '現折50$', 50, 160, 0, 0, '全站', '2024-03-11 00:00:00', '2024-03-12 00:00:00', '2024-04-14 00:00:00', '2023-12-16 00:00:00'),
(12, '冬季名品搶先看', 'HIJ456', 1, '金額', '現折200$', 200, 200, 0, 0, '全站', '2024-03-25 00:00:00', '2024-03-13 00:00:00', '2024-04-15 00:00:00', '2023-12-17 00:00:00'),
(13, '冬季新品發佈', 'KLM789', 1, '金額', '現折100$', 100, 80, 0, 0, '全站', '2024-03-04 00:00:00', '2024-03-14 00:00:00', '2024-04-16 00:00:00', '2023-12-18 00:00:00'),
(14, '冬季最愛搶購', 'NOP012', 0, '金額', '現折100$', 100, 120, 0, 0, '全站', '2024-03-13 00:00:00', '2024-03-15 00:00:00', '2024-04-17 00:00:00', '2023-12-19 00:00:00'),
(15, '冬季優質精選', 'QRS345', 0, '金額', '現折250$', 250, 240, 0, 0, '全站', '2024-02-05 00:00:00', '2024-03-16 00:00:00', '2024-04-18 00:00:00', '2023-12-20 00:00:00'),
(16, '冬季魅力時尚', 'TUV678', 0, '金額', '現折150$', 150, 180, 0, 0, '全站', '2024-03-24 00:00:00', '2024-03-17 00:00:00', '2024-04-19 00:00:00', '2023-12-21 00:00:00'),
(17, '冬季尊享購物', 'WXY901', 1, '金額', '現折100$', 100, 100, 0, 0, '全站', '2024-03-01 00:00:00', '2024-03-18 00:00:00', '2024-04-20 00:00:00', '2023-12-22 00:00:00'),
(18, '冬季一線品牌', 'ZAB234', 1, '金額', '現折50$', 50, 70, 0, 0, '全站', '2024-02-07 00:00:00', '2024-03-19 00:00:00', '2024-04-21 00:00:00', '2023-12-23 00:00:00'),
(19, '冬季最新潮流', 'BCD567', 0, '金額', '現折150$', 150, 160, 0, 1800, '全站', '2024-02-03 00:00:00', '2024-03-10 00:00:00', '2024-04-02 00:00:00', '2023-12-24 00:00:00'),
(20, '冬季限時優惠', 'DEF890', 1, '金額', '現折200$', 200, 200, 0, 1500, '全站', '2024-03-16 00:00:00', '2024-02-27 00:00:00', '2024-05-24 00:00:00', '2023-12-25 00:00:00'),
(21, '冬季名家新品', 'GHI123', 1, '金額', '現折100$', 100, 80, 0, 500, '全站', '2024-02-28 00:00:00', '2024-03-20 00:00:00', '2024-05-31 00:00:00', '2023-12-26 00:00:00'),
(22, '冬季搶鮮價格', 'JKL456', 0, '金額', '現折150$', 150, 120, 0, 900, '全站', '2024-03-24 00:00:00', '2024-03-20 00:00:00', '2024-04-16 00:00:00', '2023-12-27 00:00:00'),
(23, '冬季暢銷推薦', 'MNO789', 1, '金額', '現折250$', 250, 240, 0, 2000, '全站', '2024-03-29 00:00:00', '2024-03-03 00:00:00', '2024-05-31 00:00:00', '2023-12-28 00:00:00'),
(24, '冬季時尚新品', 'PQR012', 0, '金額', '現折180$', 180, 180, 0, 700, '全站', '2024-02-03 00:00:00', '2024-03-06 00:00:00', '2024-05-15 00:00:00', '2023-12-29 00:00:00'),
(25, '冬季限量優選', 'STU345', 1, '金額', '現折100$', 100, 100, 0, 500, '全站', '2024-02-16 00:00:00', '2024-05-01 00:00:00', '2024-04-25 00:00:00', '2023-12-30 00:00:00'),
(26, '冬季新品發表', 'VWX678', 1, '金額', '現折50$', 50, 70, 0, 0, '全站', '2024-03-02 00:00:00', '2024-02-08 00:00:00', '2024-03-01 00:00:00', '2023-12-31 00:00:00'),
(27, '冬季精選推薦', 'YZA901', -1, '金額', '現折1000$', 1000, 160, 0, 2000, '全站', '2024-02-04 00:00:00', '2024-02-09 00:00:00', '2024-03-02 00:00:00', '2024-01-01 00:00:00'),
(28, '冬季品味風華', 'BCD234', 0, '金額', '現折700$', 700, 200, 0, 1500, '全站', '2024-03-28 00:00:00', '2024-02-10 00:00:00', '2024-03-03 00:00:00', '2024-01-02 00:00:00'),
(29, '冬季特賣會', 'EFG567', 1, '金額', '現折500$', 500, 80, 0, 1000, '全站', '2024-02-05 00:00:00', '2024-02-11 00:00:00', '2024-03-04 00:00:00', '2024-01-03 00:00:00'),
(30, '冬季名品展', 'HIJ890', 0, '金額', '現折100$', 100, 120, 0, 800, '全站', '2024-02-09 00:00:00', '2024-02-12 00:00:00', '2024-03-05 00:00:00', '2024-01-04 00:00:00');

-- --------------------------------------------------------

--
-- 資料表結構 `nib`
--

CREATE TABLE `nib` (
  `nib_id` int(11) NOT NULL,
  `nib_name` varchar(10) NOT NULL
) ENGINE=InnoDB DEFAULT CHARSET=utf8mb4 COLLATE=utf8mb4_general_ci;

--
-- 傾印資料表的資料 `nib`
--

INSERT INTO `nib` (`nib_id`, `nib_name`) VALUES
(1, 'B'),
(2, 'M'),
(3, 'F'),
(4, 'EF'),
(5, 'MF');

-- --------------------------------------------------------

--
-- 資料表結構 `order`
--

CREATE TABLE `order` (
  `id` varchar(255) NOT NULL COMMENT 'UUID',
  `user_id` int(11) NOT NULL,
  `coupon_id` int(11) DEFAULT NULL COMMENT '優惠券ID，若未使用優惠券則為NULL',
  `order_info_id` int(11) DEFAULT NULL COMMENT '訂單詳情ID，關聯其他表存儲訂單詳細信息',
  `amount` int(11) DEFAULT NULL COMMENT '原始金額',
  `payment` varchar(255) DEFAULT NULL COMMENT 'LINE Pay, 信用卡, ATM',
  `shipping` varchar(255) DEFAULT NULL COMMENT '7-11, Family Mart, Hi-Life, OK Mart, 郵局, 宅配',
  `status` varchar(255) DEFAULT NULL COMMENT '訂單狀態，如：待處理, 已支付, 已發貨, 已完成, 已取消;貨到付款則為NULL',
  `created_at` datetime NOT NULL DEFAULT current_timestamp(),
  `updated_at` datetime NOT NULL DEFAULT current_timestamp() ON UPDATE current_timestamp(),
  `payment_status` varchar(255) DEFAULT NULL COMMENT 'pending, paid, fail, cancel, error;只有狀態為paid,才會生成綠界物流訂單',
  `ecpay_TradeNo` varchar(255) DEFAULT NULL COMMENT '綠界金流訂單編號'
) ENGINE=InnoDB DEFAULT CHARSET=utf8mb4 COLLATE=utf8mb4_general_ci;

--
-- 傾印資料表的資料 `order`
--

INSERT INTO `order` (`id`, `user_id`, `coupon_id`, `order_info_id`, `amount`, `payment`, `shipping`, `status`, `created_at`, `updated_at`, `payment_status`, `ecpay_TradeNo`) VALUES
('1037a7ca-8229-40bc-818d-cf219106e358', 556, NULL, 45, 21700, 'EcPay', '宅配', NULL, '2024-03-18 17:41:21', '2024-03-18 17:41:37', 'paid', 'ecpay1710754884241'),
('18c6999c-b3cd-44c3-97d7-04636462f0cc', 556, NULL, 23, 2111, 'EcPay', '宅配', NULL, '2024-03-18 03:46:58', '2024-03-18 03:47:01', 'pending', 'ecpay1710704821254'),
('1d03ea6d-d9cf-4a1f-99e3-107713808f4a', 556, NULL, 7, 21700, 'LinePay', '宅配', NULL, '2024-03-18 02:07:17', '2024-03-18 03:43:07', 'pending', NULL),
('1f262a61-e302-4b99-98ab-ce4551cae697', 556, NULL, 36, 4022, 'EcPay', '宅配', NULL, '2024-03-18 13:08:49', '2024-03-18 13:10:07', 'paid', 'ecpay1710738532434'),
('1fb8a051-33f3-4e61-bbec-9db2b16fc27e', 556, NULL, 24, 2111, 'EcPay', '宅配', NULL, '2024-03-18 03:49:49', '2024-03-18 03:49:51', 'pending', 'ecpay1710704991661'),
('29e4a11f-ddb8-4a11-96eb-e545004449f2', 556, NULL, 12, 21700, 'LinePay', '宅配', NULL, '2024-03-18 02:45:03', '2024-03-18 03:42:54', 'pending', NULL),
('30e7dc47-ff63-43c3-a965-0cebbfededef', 556, NULL, 54, 43200, 'EcPay', '宅配', NULL, '2024-03-19 14:00:40', '2024-03-19 14:00:59', 'paid', 'ecpay1710828043189'),
('3132a580-f3b0-461e-a563-8a7636dfd3d7', 556, NULL, 29, 4022, 'EcPay', '宅配', NULL, '2024-03-18 04:21:36', '2024-03-18 04:22:04', 'paid', 'ecpay1710706899126'),
('33b6fa9d-5a40-48e8-b269-25eaf6199c06', 556, NULL, 40, 21580, 'EcPay', 'OKMARTC2C', NULL, '2024-03-18 15:01:21', '2024-03-18 15:01:45', 'paid', 'ecpay1710745283658'),
('3653fca0-d798-4315-8e85-ac747029c0c1', 556, NULL, 17, 21700, 'EcPay', '宅配', NULL, '2024-03-18 03:01:27', '2024-03-18 03:43:04', 'pending', NULL),
('3dc46c7f-4221-4a98-841c-ababaa4ba500', 556, NULL, 37, 4022, 'EcPay', '宅配', NULL, '2024-03-18 13:30:31', '2024-03-18 13:30:42', 'pending', 'ecpay1710739842565'),
('3ff0c67d-d4df-4b9b-ac9a-e5a4f1ab6c93', 556, NULL, 47, 21700, 'EcPay', '宅配', NULL, '2024-03-18 18:07:22', '2024-03-18 18:07:49', 'paid', 'ecpay1710756445205'),
('4e30ed5c-4077-4dce-92ff-a9978a7d7113', 556, NULL, 11, 21700, 'LinePay', '宅配', NULL, '2024-03-18 02:40:48', '2024-03-18 03:43:46', 'pending', NULL),
('4fef1184-0f01-4aef-b9d7-a94bd72118e7', 556, NULL, 25, 2111, 'EcPay', '宅配', NULL, '2024-03-18 03:51:07', '2024-03-18 03:51:10', 'pending', 'ecpay1710705070459'),
('53ace552-08b0-4397-b664-e291de4447da', 556, NULL, 31, 4022, 'EcPay', '宅配', NULL, '2024-03-18 04:38:36', '2024-03-18 04:38:57', 'paid', 'ecpay1710707919066'),
('572e25a0-343c-4eaf-96d4-dee1e3edb576', 556, NULL, 13, 21700, 'LinePay', '宅配', NULL, '2024-03-18 02:46:34', '2024-03-18 03:43:48', 'pending', NULL),
('59f28772-f506-4dae-9668-97cd515d0cfc', 556, NULL, 34, 4022, 'EcPay', '宅配', NULL, '2024-03-18 04:59:42', '2024-03-18 04:59:57', 'paid', 'ecpay1710709185088'),
('662214e2-daae-4042-8168-2fd135570ac2', 556, NULL, 6, 28800, 'LinePay', '宅配', NULL, '2024-03-17 19:26:01', '2024-03-18 03:43:50', 'paid', NULL),
('67b23ae7-94fc-4f8d-987b-77a209d1910f', 556, NULL, 16, 21700, 'EcPay', '宅配', NULL, '2024-03-18 02:58:31', '2024-03-18 03:43:51', 'pending', NULL),
('7079e922-0869-4613-8238-a952c8f453b3', 556, NULL, 50, 21580, 'LinePay', 'UNIMARTC2C', NULL, '2024-03-19 13:48:18', '2024-03-19 13:48:18', 'pending', NULL),
('7140db28-521b-41b2-badd-8036b6c15af7', 556, NULL, 3, 31400, 'LinePay', '宅配', NULL, '2024-03-17 19:06:11', '2024-03-18 03:43:53', 'paid', NULL),
('75df469a-5211-480b-ac0c-642be6cf97dd', 556, NULL, 22, 43200, 'LinePay', '宅配', NULL, '2024-03-18 03:46:18', '2024-03-18 03:46:18', 'pending', NULL),
('7689497b-b4ab-401d-9c22-2e1f17742b6b', 556, NULL, 43, 21700, 'EcPay', '宅配', NULL, '2024-03-18 17:35:51', '2024-03-18 17:36:11', 'paid', 'ecpay1710754553674'),
('76ce1f49-169e-4b56-9636-aaaaa26ae3cb', 556, NULL, 35, 4022, 'EcPay', '宅配', NULL, '2024-03-18 13:06:12', '2024-03-18 13:06:12', 'pending', NULL),
('781d4eb7-8313-4eba-8677-7f81269e4c8c', 556, 1, 49, 27400, 'LinePay', '宅配', NULL, '2024-03-19 13:47:04', '2024-03-19 13:47:41', 'paid', NULL),
('7c4e7cf9-c17d-46bb-bdfe-6c9faba4d2a1', 556, NULL, 30, 4022, 'EcPay', '宅配', NULL, '2024-03-18 04:37:53', '2024-03-18 04:37:56', 'pending', 'ecpay1710707876441'),
('7cf74a36-cf0e-4fca-9e60-9667563758ca', 556, NULL, 52, 21700, 'EcPay', '宅配', NULL, '2024-03-19 13:54:26', '2024-03-19 13:54:43', 'paid', 'ecpay1710827669267'),
('7e7c03b3-63e8-4f24-9727-aff30dbf7046', 556, NULL, 5, 21700, 'LinePay', '宅配', NULL, '2024-03-17 19:20:51', '2024-03-18 03:43:55', 'paid', NULL),
('83f0463f-0865-4b10-920e-942bad1346d7', 556, NULL, 28, 2111, 'EcPay', '宅配', NULL, '2024-03-18 04:08:03', '2024-03-18 04:19:41', 'paid', 'ecpay1710706086468'),
('8986adb0-6554-43ec-84d1-c389dec1b49c', 556, NULL, 9, 21700, 'LinePay', '宅配', NULL, '2024-03-18 02:36:18', '2024-03-18 03:43:58', 'pending', NULL),
('8d01115c-2e1d-4607-8fb5-48150e344cb4', 556, NULL, 55, 1991, 'EcPay', 'FAMIC2C', NULL, '2024-03-19 14:02:08', '2024-03-19 14:02:25', 'paid', 'ecpay1710828131328'),
('8e59c7e8-dded-412b-bc12-75a92ed61e88', 556, NULL, 42, 7280, 'LinePay', 'OKMARTC2C', NULL, '2024-03-18 17:35:11', '2024-03-18 17:35:11', 'pending', NULL),
('90bc0b60-233c-4569-8f6f-873974aeb1a1', 556, NULL, 41, 7280, 'EcPay', 'OKMARTC2C', NULL, '2024-03-18 17:24:50', '2024-03-18 17:25:10', 'paid', 'ecpay1710753893944'),
('9fdb1cd8-e692-476f-a83f-7ae100991442', 556, NULL, 2, 16764, 'LinePay', 'UNIMARTC2C', NULL, '2024-03-17 17:41:06', '2024-03-18 03:44:00', 'paid', NULL),
('a018e3a1-d08f-4193-899d-82dd534d23c8', 556, NULL, 38, 4022, 'LinePay', '宅配', NULL, '2024-03-18 13:58:34', '2024-03-18 13:59:00', 'paid', NULL),
('a113a9e6-033c-483e-9773-b3ad730fe60a', 556, NULL, 19, 43200, 'EcPay', '宅配', NULL, '2024-03-18 03:09:34', '2024-03-18 03:44:02', 'pending', NULL),
('a4b3817e-7eb9-484f-a378-475de2629de8', 556, NULL, 1, 37800, 'LinePay', '宅配', NULL, '2024-03-17 17:24:06', '2024-03-18 03:44:03', 'paid', NULL),
('aad49746-cf49-46b1-b120-1ed70dcfa5ce', 556, NULL, 4, 5911, 'LinePay', '宅配', NULL, '2024-03-17 19:08:28', '2024-03-18 03:44:05', 'paid', NULL),
('b6577091-82d0-4b86-b5cf-8909759b9571', 556, NULL, 14, 21700, 'LinePay', '宅配', NULL, '2024-03-18 02:48:32', '2024-03-18 03:44:08', 'pending', NULL),
('b776e61d-9a3a-420c-9bc0-07b98d57b6f1', 556, NULL, 10, 21700, 'LinePay', '宅配', NULL, '2024-03-18 02:38:35', '2024-03-18 03:44:10', 'pending', NULL),
('bbaba802-3afd-4e67-a744-2f606ce8c75d', 556, NULL, 32, 4022, 'EcPay', '宅配', NULL, '2024-03-18 04:58:02', '2024-03-18 04:58:24', 'paid', 'ecpay1710709084396'),
('c69a3d78-7e14-4c71-9691-cf5ab17d136f', 556, NULL, 44, 21700, 'EcPay', '宅配', NULL, '2024-03-18 17:39:25', '2024-03-18 17:39:42', 'paid', 'ecpay1710754767722'),
('cc3cb130-4edf-4f63-b8a1-5f02ebd80685', 556, NULL, 15, 21700, 'LinePay', '宅配', NULL, '2024-03-18 02:54:53', '2024-03-18 03:44:11', 'pending', NULL),
('cca1b85b-6e2a-4209-831d-8c87c5d816fc', 556, NULL, 53, 21700, 'EcPay', '宅配', NULL, '2024-03-19 13:55:20', '2024-03-19 13:57:28', 'paid', 'ecpay1710827722869'),
('ceba3f73-0121-4b68-b11a-0b71f2559ef1', 556, NULL, 26, 2111, 'EcPay', '宅配', NULL, '2024-03-18 03:53:25', '2024-03-18 03:53:27', 'pending', 'ecpay1710705207434'),
('d4e8bb94-c4df-4988-b704-ff329dcf0f74', 556, NULL, 21, 43200, 'EcPay', '宅配', NULL, '2024-03-18 03:45:26', '2024-03-18 03:45:29', 'pending', 'ecpay1710704729128'),
('d5c28dde-7f5a-4100-84be-54c3ea2bc006', 556, NULL, 48, 21700, 'EcPay', '宅配', NULL, '2024-03-18 19:39:40', '2024-03-18 19:40:30', 'paid', 'ecpay1710761984830'),
('d9cafa5b-ea55-436b-a01b-421d44e01d0c', 556, NULL, 20, 43200, 'EcPay', '宅配', NULL, '2024-03-18 03:45:10', '2024-03-18 03:45:12', 'pending', 'ecpay1710704712858'),
('dd6953e6-cfc0-4115-ab77-019eeaaec459', 556, NULL, 51, 21580, 'EcPay', 'UNIMARTC2C', NULL, '2024-03-19 13:53:04', '2024-03-19 13:53:06', 'pending', 'ecpay1710827586925'),
('e3a49858-b1e6-4817-ae7e-7d9acb2cd722', 556, NULL, 27, 2111, 'EcPay', '宅配', NULL, '2024-03-18 04:06:04', '2024-03-18 04:16:32', 'paid', 'ecpay1710705967611'),
('ec03b17f-fec9-4fdf-bbe6-ce8d3d88e965', 556, NULL, 39, 21580, 'LinePay', 'FAMIC2C', NULL, '2024-03-18 14:52:28', '2024-03-18 14:52:28', 'pending', NULL),
('eed42160-94b2-47f6-a26b-5d53249e84e5', 556, NULL, 18, 21700, 'LinePay', '宅配', NULL, '2024-03-18 03:08:53', '2024-03-18 03:50:45', 'pending', 'ecpay1710705045259'),
('feae2d78-679a-4caa-a63f-dd83c45b8475', 556, NULL, 46, 21700, 'LinePay', '宅配', NULL, '2024-03-18 17:43:01', '2024-03-18 17:43:23', 'paid', NULL);

-- --------------------------------------------------------

--
-- 資料表結構 `order_info`
--

CREATE TABLE `order_info` (
  `id` int(11) NOT NULL,
  `user_id` int(11) DEFAULT NULL COMMENT '與is_default搭配使用,若兩者都存在代表會員的預設地址',
  `firstname` varchar(50) DEFAULT NULL,
  `lastname` varchar(50) DEFAULT NULL,
  `email` varchar(255) DEFAULT NULL,
  `mobilephone` varchar(20) DEFAULT NULL,
  `country` varchar(100) DEFAULT NULL,
  `township` varchar(100) DEFAULT NULL,
  `postcode` varchar(100) DEFAULT NULL,
  `address` varchar(255) DEFAULT NULL,
  `created_at` datetime DEFAULT current_timestamp(),
  `updated_at` datetime DEFAULT current_timestamp() ON UPDATE current_timestamp(),
  `is_default` tinyint(1) NOT NULL DEFAULT 0 COMMENT '用來確認是否默認於使用者的默認地址',
  `logistics_id` varchar(50) DEFAULT NULL COMMENT '綠界物流ID',
  `store_id` varchar(50) DEFAULT NULL COMMENT '超商代號，可空值',
  `store_name` varchar(100) DEFAULT NULL COMMENT '超商門市名稱，可空值',
  `store_address` varchar(255) DEFAULT NULL COMMENT '超商地址，可空值',
  `paymentNo` varchar(50) DEFAULT NULL COMMENT '超商追蹤號碼或宅配追蹤號碼',
  `rtn_msg` varchar(255) NOT NULL DEFAULT '收貨訂單處理異常,請聯繫客服'
) ENGINE=InnoDB DEFAULT CHARSET=utf8mb4 COLLATE=utf8mb4_general_ci;

--
-- 傾印資料表的資料 `order_info`
--

INSERT INTO `order_info` (`id`, `user_id`, `firstname`, `lastname`, `email`, `mobilephone`, `country`, `township`, `postcode`, `address`, `created_at`, `updated_at`, `is_default`, `logistics_id`, `store_id`, `store_name`, `store_address`, `paymentNo`, `rtn_msg`) VALUES
(1, NULL, '亞', '瑟王', 'ron@test.com', '0987654321', '台北市', '中山區', '104', '仁愛路二段140巷12弄20號', '2024-03-17 17:24:06', '2024-03-17 17:24:24', 0, '2492032', NULL, NULL, NULL, '100831953511', '訂單處理中(已收到訂單資料)'),
(2, NULL, '亞', '瑟王', 'ron@test.com', '0987654321', NULL, NULL, NULL, NULL, '2024-03-17 17:41:06', '2024-03-17 17:41:31', 0, '2492062', '131386', '建盛門市', '新竹市東區建中一路52號1樓', 'D8607833', '訂單處理中(已收到訂單資料)'),
(3, NULL, '亞', '瑟王', 'ron@test.com', '0987654321', '基隆市', '信義區', '201', '仁愛路二段140巷12弄20號', '2024-03-17 19:06:11', '2024-03-17 19:06:11', 0, NULL, NULL, NULL, NULL, NULL, '收貨訂單處理異常,請聯繫客服'),
(4, NULL, '亞', '瑟王', 'jimmy00915@gmail.com', '0987654321', '台北市', '松山區', '105', '仁愛路二段140巷12弄20號', '2024-03-17 19:08:28', '2024-03-17 19:08:47', 0, '2492227', NULL, NULL, NULL, '100831953522', '訂單處理中(已收到訂單資料)'),
(5, NULL, '亞', '瑟王', 'ron@test.com', '0987654321', '基隆市', '信義區', '201', '仁愛路二段140巷12弄20號', '2024-03-17 19:20:51', '2024-03-17 19:20:51', 0, NULL, NULL, NULL, NULL, NULL, '收貨訂單處理異常,請聯繫客服'),
(6, NULL, '亞', '瑟王', 'ron@test.com', '0987654321', '基隆市', '信義區', '201', '仁愛路二段140巷12弄20號', '2024-03-17 19:26:01', '2024-03-17 19:26:01', 0, NULL, NULL, NULL, NULL, NULL, '收貨訂單處理異常,請聯繫客服'),
(7, NULL, '亞', '瑟王', 'ron@test.com', '0987654321', '新北市', '金山區', '208', '仁愛路二段140巷12弄20號', '2024-03-18 02:07:17', '2024-03-18 02:07:17', 0, NULL, NULL, NULL, NULL, NULL, '收貨訂單處理異常,請聯繫客服'),
(9, NULL, '亞', '瑟王', 'ron@test.com', '0987654321', '新北市', '金山區', '208', '仁愛路二段140巷12弄20號', '2024-03-18 02:36:18', '2024-03-18 02:36:18', 0, NULL, NULL, NULL, NULL, NULL, '收貨訂單處理異常,請聯繫客服'),
(10, NULL, '亞', '瑟王', 'ron@test.com', '0987654321', '新北市', '金山區', '208', '仁愛路二段140巷12弄20號', '2024-03-18 02:38:35', '2024-03-18 02:38:35', 0, NULL, NULL, NULL, NULL, NULL, '收貨訂單處理異常,請聯繫客服'),
(11, NULL, '亞', '瑟王', 'ron@test.com', '0987654321', '新北市', '金山區', '208', '仁愛路二段140巷12弄20號', '2024-03-18 02:40:48', '2024-03-18 02:40:48', 0, NULL, NULL, NULL, NULL, NULL, '收貨訂單處理異常,請聯繫客服'),
(12, NULL, '亞', '瑟王', 'ron@test.com', '0987654321', '新北市', '金山區', '208', '仁愛路二段140巷12弄20號', '2024-03-18 02:45:03', '2024-03-18 02:45:03', 0, NULL, NULL, NULL, NULL, NULL, '收貨訂單處理異常,請聯繫客服'),
(13, NULL, '亞', '瑟王', 'ron@test.com', '0987654321', '新北市', '金山區', '208', '仁愛路二段140巷12弄20號', '2024-03-18 02:46:34', '2024-03-18 02:46:34', 0, NULL, NULL, NULL, NULL, NULL, '收貨訂單處理異常,請聯繫客服'),
(14, NULL, '亞', '瑟王', 'ron@test.com', '0987654321', '新北市', '金山區', '208', '仁愛路二段140巷12弄20號', '2024-03-18 02:48:32', '2024-03-18 02:48:32', 0, NULL, NULL, NULL, NULL, NULL, '收貨訂單處理異常,請聯繫客服'),
(15, NULL, '亞', '瑟王', 'ron@test.com', '0987654321', '新北市', '金山區', '208', '仁愛路二段140巷12弄20號', '2024-03-18 02:54:53', '2024-03-18 02:54:53', 0, NULL, NULL, NULL, NULL, NULL, '收貨訂單處理異常,請聯繫客服'),
(16, NULL, '亞', '瑟王', 'ron@test.com', '0987654321', '新北市', '金山區', '208', '仁愛路二段140巷12弄20號', '2024-03-18 02:58:31', '2024-03-18 02:58:31', 0, NULL, NULL, NULL, NULL, NULL, '收貨訂單處理異常,請聯繫客服'),
(17, NULL, '亞', '瑟王', 'ron@test.com', '0987654321', '新北市', '金山區', '208', '仁愛路二段140巷12弄20號', '2024-03-18 03:01:27', '2024-03-18 03:01:27', 0, NULL, NULL, NULL, NULL, NULL, '收貨訂單處理異常,請聯繫客服'),
(18, NULL, '亞', '瑟王', 'ron@test.com', '0987654321', '台北市', '中正區', '100', '仁愛路二段140巷12弄20號', '2024-03-18 03:08:53', '2024-03-18 03:08:53', 0, NULL, NULL, NULL, NULL, NULL, '收貨訂單處理異常,請聯繫客服'),
(19, NULL, '亞', '瑟王', 'ron@test.com', '0987654321', '台北市', '中正區', '100', '仁愛路二段140巷12弄20號', '2024-03-18 03:09:34', '2024-03-18 03:09:34', 0, NULL, NULL, NULL, NULL, NULL, '收貨訂單處理異常,請聯繫客服'),
(20, NULL, '亞', '瑟王', 'ron@test.com', '0987654321', '台北市', '中正區', '100', '仁愛路二段140巷12弄20號', '2024-03-18 03:45:10', '2024-03-18 03:45:10', 0, NULL, NULL, NULL, NULL, NULL, '收貨訂單處理異常,請聯繫客服'),
(21, NULL, '亞', '瑟王', 'ron@test.com', '0987654321', '台北市', '中正區', '100', '仁愛路二段140巷12弄20號', '2024-03-18 03:45:26', '2024-03-18 03:45:26', 0, NULL, NULL, NULL, NULL, NULL, '收貨訂單處理異常,請聯繫客服'),
(22, NULL, '亞', '瑟王', 'ron@test.com', '0987654321', '台北市', '中正區', '100', '仁愛路二段140巷12弄20號', '2024-03-18 03:46:18', '2024-03-18 03:46:18', 0, NULL, NULL, NULL, NULL, NULL, '收貨訂單處理異常,請聯繫客服'),
(23, NULL, '亞', '瑟王', 'ron@test.com', '0987654321', '新北市', '金山區', '208', '仁愛路二段140巷12弄20號', '2024-03-18 03:46:58', '2024-03-18 03:46:58', 0, NULL, NULL, NULL, NULL, NULL, '收貨訂單處理異常,請聯繫客服'),
(24, NULL, '亞', '瑟王', 'ron@test.com', '0987654321', '新北市', '金山區', '208', '仁愛路二段140巷12弄20號', '2024-03-18 03:49:49', '2024-03-18 03:49:49', 0, NULL, NULL, NULL, NULL, NULL, '收貨訂單處理異常,請聯繫客服'),
(25, NULL, '亞', '瑟王', 'ron@test.com', '0987654321', '新北市', '金山區', '208', '仁愛路二段140巷12弄20號', '2024-03-18 03:51:07', '2024-03-18 03:51:07', 0, NULL, NULL, NULL, NULL, NULL, '收貨訂單處理異常,請聯繫客服'),
(26, NULL, '亞', '瑟王', 'ron@test.com', '0987654321', '新北市', '金山區', '208', '仁愛路二段140巷12弄20號', '2024-03-18 03:53:25', '2024-03-18 03:53:25', 0, NULL, NULL, NULL, NULL, NULL, '收貨訂單處理異常,請聯繫客服'),
(27, NULL, '亞', '瑟王', 'ron@test.com', '0987654321', '新北市', '金山區', '208', '仁愛路二段140巷12弄20號', '2024-03-18 04:06:04', '2024-03-18 04:06:04', 0, NULL, NULL, NULL, NULL, NULL, '收貨訂單處理異常,請聯繫客服'),
(28, NULL, '亞', '瑟王', 'ron@test.com', '0987654321', '新北市', '金山區', '208', '仁愛路二段140巷12弄20號', '2024-03-18 04:08:03', '2024-03-18 04:08:03', 0, NULL, NULL, NULL, NULL, NULL, '收貨訂單處理異常,請聯繫客服'),
(29, NULL, '亞', '瑟王', 'ron@test.com', '0987654321', '新北市', '金山區', '208', '仁愛路二段140巷12弄20號', '2024-03-18 04:21:36', '2024-03-18 04:21:36', 0, NULL, NULL, NULL, NULL, NULL, '收貨訂單處理異常,請聯繫客服'),
(30, NULL, '亞', '瑟王', 'ron@test.com', '0987654321', '新北市', '金山區', '208', '仁愛路二段140巷12弄20號', '2024-03-18 04:37:53', '2024-03-18 04:37:53', 0, NULL, NULL, NULL, NULL, NULL, '收貨訂單處理異常,請聯繫客服'),
(31, NULL, '亞', '瑟王', 'ron@test.com', '0987654321', '新北市', '金山區', '208', '仁愛路二段140巷12弄20號', '2024-03-18 04:38:36', '2024-03-18 04:38:36', 0, NULL, NULL, NULL, NULL, NULL, '收貨訂單處理異常,請聯繫客服'),
(32, NULL, '亞', '瑟王', 'ron@test.com', '0987654321', '新北市', '金山區', '208', '仁愛路二段140巷12弄20號', '2024-03-18 04:58:01', '2024-03-18 04:58:01', 0, NULL, NULL, NULL, NULL, NULL, '收貨訂單處理異常,請聯繫客服'),
(34, NULL, '亞', '瑟王', 'ron@test.com', '0987654321', '新北市', '金山區', '208', '仁愛路二段140巷12弄20號', '2024-03-18 04:59:42', '2024-03-18 05:00:00', 0, '2493233', NULL, NULL, NULL, '100831953544', '訂單處理中(已收到訂單資料)'),
(35, NULL, '亞', '瑟王', 'ron@test.com', '0987654321', '新北市', '金山區', '208', '仁愛路二段140巷12弄20號', '2024-03-18 13:06:12', '2024-03-18 13:06:12', 0, NULL, NULL, NULL, NULL, NULL, '收貨訂單處理異常,請聯繫客服'),
(36, NULL, '亞', '瑟王', 'ron@test.com', '0987654321', '新北市', '金山區', '208', '仁愛路二段140巷12弄20號', '2024-03-18 13:08:49', '2024-03-18 13:10:11', 0, '2494087', NULL, NULL, NULL, '100831953592', '訂單處理中(已收到訂單資料)'),
(37, NULL, '亞', '瑟王', 'ron@test.com', '0987654321', '新北市', '金山區', '208', '仁愛路二段140巷12弄20號', '2024-03-18 13:30:31', '2024-03-18 13:30:31', 0, NULL, NULL, NULL, NULL, NULL, '收貨訂單處理異常,請聯繫客服'),
(38, NULL, '亞', '瑟王', 'ron@test.com', '0987654321', '新北市', '金山區', '208', '仁愛路二段140巷12弄20號', '2024-03-18 13:58:34', '2024-03-18 13:59:04', 0, '2494227', NULL, NULL, NULL, '100831953660', '訂單處理中(已收到訂單資料)'),
(39, NULL, '亞', '瑟王', 'ron@test.com', '0987654321', NULL, NULL, NULL, NULL, '2024-03-18 14:52:28', '2024-03-18 14:52:28', 0, NULL, '006598', '台醫店', '台北市中正區中山南路７號１樓', NULL, '收貨訂單處理異常,請聯繫客服'),
(40, NULL, '亞', '瑟王', 'ron@test.com', '0987654321', NULL, NULL, NULL, NULL, '2024-03-18 15:01:21', '2024-03-18 15:01:53', 0, '2494518', '001328', '汐止東勢店', '新北市汐止區東勢街127號1樓', 'W7703248948', '訂單處理中(已收到訂單資料)'),
(41, NULL, '亞', '瑟王', 'ron@test.com', '0987654321', NULL, NULL, NULL, NULL, '2024-03-18 17:24:50', '2024-03-18 17:25:27', 0, '2494790', '001328', '汐止東勢店', '新北市汐止區東勢街127號1樓', 'W6081674433', '訂單處理中(已收到訂單資料)'),
(42, NULL, '亞', '瑟王', 'ron@test.com', '0987654321', NULL, NULL, NULL, NULL, '2024-03-18 17:35:11', '2024-03-18 17:35:11', 0, NULL, '001328', '汐止東勢店', '新北市汐止區東勢街127號1樓', NULL, '收貨訂單處理異常,請聯繫客服'),
(43, NULL, '亞', '瑟王', 'ron@test.com', '0987654321', '桃園市', '平鎮區', '324', '仁愛路二段140巷12弄20號', '2024-03-18 17:35:51', '2024-03-18 17:35:51', 0, NULL, NULL, NULL, NULL, NULL, '收貨訂單處理異常,請聯繫客服'),
(44, NULL, '亞', '瑟王', 'ron@test.com', '0987654321', '桃園市', '平鎮區', '324', '仁愛路二段140巷12弄20號', '2024-03-18 17:39:25', '2024-03-18 17:39:25', 0, NULL, NULL, NULL, NULL, NULL, '收貨訂單處理異常,請聯繫客服'),
(45, NULL, '亞', '瑟王', 'ron@test.com', '0987654321', '桃園市', '平鎮區', '324', '仁愛路二段140巷12弄20號', '2024-03-18 17:41:21', '2024-03-18 17:41:21', 0, NULL, NULL, NULL, NULL, NULL, '收貨訂單處理異常,請聯繫客服'),
(46, NULL, '亞', '瑟王', 'ron@test.com', '0987654321', '桃園市', '平鎮區', '324', '仁愛路二段140巷12弄20號', '2024-03-18 17:43:01', '2024-03-18 17:43:01', 0, NULL, NULL, NULL, NULL, NULL, '收貨訂單處理異常,請聯繫客服'),
(47, NULL, '亞', '瑟王', 'ron@test.com', '0987654321', '新竹縣', '湖口鄉', '303', '仁愛路二段140巷12弄20號', '2024-03-18 18:07:22', '2024-03-18 18:07:57', 0, '2494869', NULL, NULL, NULL, '100831953952', '訂單處理中(已收到訂單資料)'),
(48, NULL, '亞', '瑟王', 'ron@test.com', '0987654321', '新竹縣', '湖口鄉', '303', '仁愛路二段140巷12弄20號', '2024-03-18 19:39:40', '2024-03-18 19:40:38', 0, '2495024', NULL, NULL, NULL, '100831953963', '訂單處理中(已收到訂單資料)'),
(49, NULL, '亞', '瑟王', 'ron@test.com', '0987654321', '台北市', '大同區', '103', '仁愛路二段140巷12弄20號', '2024-03-19 13:47:04', '2024-03-19 13:47:04', 0, NULL, NULL, NULL, NULL, NULL, '收貨訂單處理異常,請聯繫客服'),
(50, NULL, '亞', '瑟王', 'ron@test.com', '0987654321', NULL, NULL, NULL, NULL, '2024-03-19 13:48:18', '2024-03-19 13:48:18', 0, NULL, '239156', '迪化門市', '台北市大同區民生西路343號345號', NULL, '收貨訂單處理異常,請聯繫客服'),
(51, NULL, '亞', '瑟王', 'ron@test.com', '0987654321', NULL, NULL, NULL, NULL, '2024-03-19 13:53:04', '2024-03-19 13:53:04', 0, NULL, '971672', '鑫太原門市', '台北市大同區太原路40號42號44號', NULL, '收貨訂單處理異常,請聯繫客服'),
(52, NULL, '亞', '瑟王', 'ron@test.com', '0987654321', '台北市', '大同區', '103', '仁愛路二段140巷12弄20號', '2024-03-19 13:54:26', '2024-03-19 13:54:26', 0, NULL, NULL, NULL, NULL, NULL, '收貨訂單處理異常,請聯繫客服'),
(53, NULL, '亞', '瑟王', 'ron@test.com', '0987654321', '台北市', '大同區', '103', '仁愛路二段140巷12弄20號', '2024-03-19 13:55:20', '2024-03-19 13:55:20', 0, NULL, NULL, NULL, NULL, NULL, '收貨訂單處理異常,請聯繫客服'),
(54, NULL, '亞', '瑟王', 'ron@test.com', '0987654321', '台中市', '潭子區', '427', '仁愛路二段140巷12弄20號', '2024-03-19 14:00:40', '2024-03-19 14:00:40', 0, NULL, NULL, NULL, NULL, NULL, '收貨訂單處理異常,請聯繫客服'),
(55, NULL, '亞', '瑟王', 'ron@test.com', '0987654321', NULL, NULL, NULL, NULL, '2024-03-19 14:02:08', '2024-03-19 14:02:32', 0, '2497088', '006598', '台醫店', '台北市中正區中山南路７號１樓', '14000329139', '訂單處理中(已收到訂單資料)');

-- --------------------------------------------------------

--
-- 資料表結構 `order_item`
--

CREATE TABLE `order_item` (
  `id` int(11) NOT NULL COMMENT '訂單項目ID，唯一標識每個訂單項目',
  `order_id` varchar(255) NOT NULL COMMENT '訂單ID，與order表的id關聯',
  `product_id` int(11) NOT NULL COMMENT '產品ID，標識訂單項目中的產品',
  `quantity` int(11) NOT NULL COMMENT '數量，表示訂單中某個產品的購買數量',
  `item_price` decimal(10,2) NOT NULL COMMENT '單品價格，表示訂單中某個產品的單價',
  `created_at` datetime NOT NULL DEFAULT current_timestamp() COMMENT '創建時間，記錄訂單項目的創建時間',
  `updated_at` datetime NOT NULL DEFAULT current_timestamp() ON UPDATE current_timestamp() COMMENT '更新時間，記錄訂單項目的最後更新時間'
) ENGINE=InnoDB DEFAULT CHARSET=utf8mb4 COLLATE=utf8mb4_general_ci;

--
-- 傾印資料表的資料 `order_item`
--

INSERT INTO `order_item` (`id`, `order_id`, `product_id`, `quantity`, `item_price`, `created_at`, `updated_at`) VALUES
(1, 'a4b3817e-7eb9-484f-a378-475de2629de8', 36, 1, 21500.00, '2024-03-17 17:24:06', '2024-03-17 17:24:06'),
(2, 'a4b3817e-7eb9-484f-a378-475de2629de8', 101, 1, 1800.00, '2024-03-17 17:24:06', '2024-03-17 17:24:06'),
(3, 'a4b3817e-7eb9-484f-a378-475de2629de8', 272, 1, 7100.00, '2024-03-17 17:24:06', '2024-03-17 17:24:06'),
(4, 'a4b3817e-7eb9-484f-a378-475de2629de8', 273, 1, 7200.00, '2024-03-17 17:24:06', '2024-03-17 17:24:06'),
(5, '9fdb1cd8-e692-476f-a83f-7ae100991442', 248, 1, 4700.00, '2024-03-17 17:41:06', '2024-03-17 17:41:06'),
(6, '9fdb1cd8-e692-476f-a83f-7ae100991442', 258, 1, 5700.00, '2024-03-17 17:41:06', '2024-03-17 17:41:06'),
(7, '9fdb1cd8-e692-476f-a83f-7ae100991442', 168, 1, 3840.00, '2024-03-17 17:41:06', '2024-03-17 17:41:06'),
(8, '9fdb1cd8-e692-476f-a83f-7ae100991442', 203, 1, 2444.00, '2024-03-17 17:41:06', '2024-03-17 17:41:06'),
(9, '7140db28-521b-41b2-badd-8036b6c15af7', 36, 1, 21500.00, '2024-03-17 19:06:11', '2024-03-17 19:06:11'),
(10, '7140db28-521b-41b2-badd-8036b6c15af7', 273, 1, 7200.00, '2024-03-17 19:06:11', '2024-03-17 19:06:11'),
(11, '7140db28-521b-41b2-badd-8036b6c15af7', 226, 1, 2500.00, '2024-03-17 19:06:11', '2024-03-17 19:06:11'),
(12, 'aad49746-cf49-46b1-b120-1ed70dcfa5ce', 226, 1, 2500.00, '2024-03-17 19:08:28', '2024-03-17 19:08:28'),
(13, 'aad49746-cf49-46b1-b120-1ed70dcfa5ce', 214, 1, 1300.00, '2024-03-17 19:08:28', '2024-03-17 19:08:28'),
(14, 'aad49746-cf49-46b1-b120-1ed70dcfa5ce', 212, 1, 1911.00, '2024-03-17 19:08:28', '2024-03-17 19:08:28'),
(15, '7e7c03b3-63e8-4f24-9727-aff30dbf7046', 36, 1, 21500.00, '2024-03-17 19:20:51', '2024-03-17 19:20:51'),
(16, '662214e2-daae-4042-8168-2fd135570ac2', 272, 1, 7100.00, '2024-03-17 19:26:01', '2024-03-17 19:26:01'),
(17, '662214e2-daae-4042-8168-2fd135570ac2', 36, 1, 21500.00, '2024-03-17 19:26:01', '2024-03-17 19:26:01'),
(18, '1d03ea6d-d9cf-4a1f-99e3-107713808f4a', 36, 1, 21500.00, '2024-03-18 02:07:17', '2024-03-18 02:07:17'),
(19, '8986adb0-6554-43ec-84d1-c389dec1b49c', 36, 1, 21500.00, '2024-03-18 02:36:18', '2024-03-18 02:36:18'),
(20, 'b776e61d-9a3a-420c-9bc0-07b98d57b6f1', 36, 1, 21500.00, '2024-03-18 02:38:35', '2024-03-18 02:38:35'),
(21, '4e30ed5c-4077-4dce-92ff-a9978a7d7113', 36, 1, 21500.00, '2024-03-18 02:40:48', '2024-03-18 02:40:48'),
(22, '29e4a11f-ddb8-4a11-96eb-e545004449f2', 36, 1, 21500.00, '2024-03-18 02:45:03', '2024-03-18 02:45:03'),
(23, '572e25a0-343c-4eaf-96d4-dee1e3edb576', 36, 1, 21500.00, '2024-03-18 02:46:34', '2024-03-18 02:46:34'),
(24, 'b6577091-82d0-4b86-b5cf-8909759b9571', 36, 1, 21500.00, '2024-03-18 02:48:32', '2024-03-18 02:48:32'),
(25, 'cc3cb130-4edf-4f63-b8a1-5f02ebd80685', 36, 1, 21500.00, '2024-03-18 02:54:53', '2024-03-18 02:54:53'),
(26, '67b23ae7-94fc-4f8d-987b-77a209d1910f', 36, 1, 21500.00, '2024-03-18 02:58:31', '2024-03-18 02:58:31'),
(27, '3653fca0-d798-4315-8e85-ac747029c0c1', 36, 1, 21500.00, '2024-03-18 03:01:27', '2024-03-18 03:01:27'),
(28, 'eed42160-94b2-47f6-a26b-5d53249e84e5', 36, 1, 21500.00, '2024-03-18 03:08:53', '2024-03-18 03:08:53'),
(29, 'a113a9e6-033c-483e-9773-b3ad730fe60a', 36, 2, 21500.00, '2024-03-18 03:09:34', '2024-03-18 03:09:34'),
(30, 'd9cafa5b-ea55-436b-a01b-421d44e01d0c', 36, 2, 21500.00, '2024-03-18 03:45:10', '2024-03-18 03:45:10'),
(31, 'd4e8bb94-c4df-4988-b704-ff329dcf0f74', 36, 2, 21500.00, '2024-03-18 03:45:26', '2024-03-18 03:45:26'),
(32, '75df469a-5211-480b-ac0c-642be6cf97dd', 36, 2, 21500.00, '2024-03-18 03:46:18', '2024-03-18 03:46:18'),
(33, '18c6999c-b3cd-44c3-97d7-04636462f0cc', 212, 1, 1911.00, '2024-03-18 03:46:58', '2024-03-18 03:46:58'),
(34, '1fb8a051-33f3-4e61-bbec-9db2b16fc27e', 212, 1, 1911.00, '2024-03-18 03:49:49', '2024-03-18 03:49:49'),
(35, '4fef1184-0f01-4aef-b9d7-a94bd72118e7', 212, 1, 1911.00, '2024-03-18 03:51:07', '2024-03-18 03:51:07'),
(36, 'ceba3f73-0121-4b68-b11a-0b71f2559ef1', 212, 1, 1911.00, '2024-03-18 03:53:25', '2024-03-18 03:53:25'),
(37, 'e3a49858-b1e6-4817-ae7e-7d9acb2cd722', 212, 1, 1911.00, '2024-03-18 04:06:04', '2024-03-18 04:06:04'),
(38, '83f0463f-0865-4b10-920e-942bad1346d7', 212, 1, 1911.00, '2024-03-18 04:08:03', '2024-03-18 04:08:03'),
(39, '3132a580-f3b0-461e-a563-8a7636dfd3d7', 212, 2, 1911.00, '2024-03-18 04:21:36', '2024-03-18 04:21:36'),
(40, '7c4e7cf9-c17d-46bb-bdfe-6c9faba4d2a1', 212, 2, 1911.00, '2024-03-18 04:37:53', '2024-03-18 04:37:53'),
(41, '53ace552-08b0-4397-b664-e291de4447da', 212, 2, 1911.00, '2024-03-18 04:38:36', '2024-03-18 04:38:36'),
(42, 'bbaba802-3afd-4e67-a744-2f606ce8c75d', 212, 2, 1911.00, '2024-03-18 04:58:02', '2024-03-18 04:58:02'),
(43, '59f28772-f506-4dae-9668-97cd515d0cfc', 212, 2, 1911.00, '2024-03-18 04:59:42', '2024-03-18 04:59:42'),
(44, '76ce1f49-169e-4b56-9636-aaaaa26ae3cb', 212, 2, 1911.00, '2024-03-18 13:06:12', '2024-03-18 13:06:12'),
(45, '1f262a61-e302-4b99-98ab-ce4551cae697', 212, 2, 1911.00, '2024-03-18 13:08:49', '2024-03-18 13:08:49'),
(46, '3dc46c7f-4221-4a98-841c-ababaa4ba500', 212, 2, 1911.00, '2024-03-18 13:30:31', '2024-03-18 13:30:31'),
(47, 'a018e3a1-d08f-4193-899d-82dd534d23c8', 212, 2, 1911.00, '2024-03-18 13:58:34', '2024-03-18 13:58:34'),
(48, 'ec03b17f-fec9-4fdf-bbe6-ce8d3d88e965', 36, 1, 21500.00, '2024-03-18 14:52:28', '2024-03-18 14:52:28'),
(49, '33b6fa9d-5a40-48e8-b269-25eaf6199c06', 36, 1, 21500.00, '2024-03-18 15:01:21', '2024-03-18 15:01:21'),
(50, '90bc0b60-233c-4569-8f6f-873974aeb1a1', 273, 1, 7200.00, '2024-03-18 17:24:50', '2024-03-18 17:24:50'),
(51, '8e59c7e8-dded-412b-bc12-75a92ed61e88', 273, 1, 7200.00, '2024-03-18 17:35:11', '2024-03-18 17:35:11'),
(52, '7689497b-b4ab-401d-9c22-2e1f17742b6b', 36, 1, 21500.00, '2024-03-18 17:35:51', '2024-03-18 17:35:51'),
(53, 'c69a3d78-7e14-4c71-9691-cf5ab17d136f', 36, 1, 21500.00, '2024-03-18 17:39:25', '2024-03-18 17:39:25'),
(54, '1037a7ca-8229-40bc-818d-cf219106e358', 36, 1, 21500.00, '2024-03-18 17:41:21', '2024-03-18 17:41:21'),
(55, 'feae2d78-679a-4caa-a63f-dd83c45b8475', 36, 1, 21500.00, '2024-03-18 17:43:01', '2024-03-18 17:43:01'),
(56, '3ff0c67d-d4df-4b9b-ac9a-e5a4f1ab6c93', 36, 1, 21500.00, '2024-03-18 18:07:22', '2024-03-18 18:07:22'),
(57, 'd5c28dde-7f5a-4100-84be-54c3ea2bc006', 36, 1, 21500.00, '2024-03-18 19:39:40', '2024-03-18 19:39:40'),
(58, '781d4eb7-8313-4eba-8677-7f81269e4c8c', 36, 1, 21500.00, '2024-03-19 13:47:04', '2024-03-19 13:47:04'),
(59, '781d4eb7-8313-4eba-8677-7f81269e4c8c', 258, 1, 5700.00, '2024-03-19 13:47:04', '2024-03-19 13:47:04'),
(60, '7079e922-0869-4613-8238-a952c8f453b3', 36, 1, 21500.00, '2024-03-19 13:48:18', '2024-03-19 13:48:18'),
(61, 'dd6953e6-cfc0-4115-ab77-019eeaaec459', 36, 1, 21500.00, '2024-03-19 13:53:04', '2024-03-19 13:53:04'),
(62, '7cf74a36-cf0e-4fca-9e60-9667563758ca', 36, 1, 21500.00, '2024-03-19 13:54:26', '2024-03-19 13:54:26'),
(63, 'cca1b85b-6e2a-4209-831d-8c87c5d816fc', 36, 1, 21500.00, '2024-03-19 13:55:20', '2024-03-19 13:55:20'),
(64, '30e7dc47-ff63-43c3-a965-0cebbfededef', 36, 2, 21500.00, '2024-03-19 14:00:40', '2024-03-19 14:00:40'),
(65, '8d01115c-2e1d-4607-8fb5-48150e344cb4', 212, 1, 1911.00, '2024-03-19 14:02:08', '2024-03-19 14:02:08');

-- --------------------------------------------------------

--
-- 資料表結構 `product`
--

CREATE TABLE `product` (
  `id` int(11) NOT NULL,
  `name` varchar(100) NOT NULL,
  `product_type` int(11) NOT NULL,
  `price` float NOT NULL,
  `description` varchar(900) NOT NULL,
  `image` varchar(50) NOT NULL,
  `created_at` datetime NOT NULL,
  `updated_at` datetime NOT NULL,
  `valid` tinyint(1) NOT NULL
) ENGINE=InnoDB DEFAULT CHARSET=utf8mb4 COLLATE=utf8mb4_general_ci;

--
-- 傾印資料表的資料 `product`
--

INSERT INTO `product` (`id`, `name`, `product_type`, `price`, `description`, `image`, `created_at`, `updated_at`, `valid`) VALUES
(1, 'PILOT 百樂 Capless按鍵鋼筆', 1, 7900, 'PILOT(CAPLESS)系列是世界首創的按鍵式鋼筆，1963年開使販售後，一直名列於暢銷榜上，CAPLESS系列如同原子筆一般，只要按鍵按壓一下，就能輕鬆書寫.', 'PILOT_001-1.jpg', '2024-03-22 00:00:00', '2022-08-26 00:00:00', 1),
(2, 'PILOT 百樂 Custom 845鋼筆', 1, 12640, '在PILOT製作鋼筆的百年歷史中，誕生了CUSTOM系列。CUSTON譯為訂製的、容製的。表示這支筆的由來就是為了要因應各種使用鋼筆的人。每個人的書寫方式都不同，喜好的筆尖粗細也不相同，故CUSTOM系列有最完整的筆尖與尺寸來對應不同的書寫方式', 'PILOT_002-1.jpg', '2023-11-09 00:00:00', '2022-06-07 00:00:00', 1),
(3, 'PILOT 百樂 Custom 845鋼筆', 1, 12640, '在PILOT製作鋼筆的百年歷史中，誕生了CUSTOM系列。CUSTON譯為訂製的、容製的。表示這支筆的由來就是為了要因應各種使用鋼筆的人。每個人的書寫方式都不同，喜好的筆尖粗細也不相同，故CUSTOM系列有最完整的筆尖與尺寸來對應不同的書寫方式', 'PILOT_003-1.jpg', '2023-12-26 00:00:00', '2022-08-20 00:00:00', 1),
(4, 'PILOT 百樂 Custom 845鋼筆', 1, 12640, '在PILOT製作鋼筆的百年歷史中，誕生了CUSTOM系列。CUSTON譯為訂製的、容製的。表示這支筆的由來就是為了要因應各種使用鋼筆的人。每個人的書寫方式都不同，喜好的筆尖粗細也不相同，故CUSTOM系列有最完整的筆尖與尺寸來對應不同的書寫方式', 'PILOT_004-1.jpg', '2023-12-22 00:00:00', '2022-11-09 00:00:00', 1),
(5, 'PILOT 百樂 Custom 742鋼筆', 1, 5530, '採用14K金筆尖， 有著百年的製作經驗，古典派的鋼筆外觀，現代感的書寫筆觸。', 'PILOT_005-1.jpg', '2024-02-23 00:00:00', '2022-11-05 00:00:00', 1),
(6, 'PILOT 百樂 Custom 742鋼筆', 1, 5530, '採用14K金筆尖， 有著百年的製作經驗，古典派的鋼筆外觀，現代感的書寫筆觸。', 'PILOT_006-1.jpg', '2023-01-28 00:00:00', '2022-10-24 00:00:00', 1),
(7, 'PILOT 百樂 Custom 742鋼筆', 1, 5530, '採用14K金筆尖， 有著百年的製作經驗，古典派的鋼筆外觀，現代感的書寫筆觸。', 'PILOT_007-1.jpg', '2024-04-04 00:00:00', '2022-09-30 00:00:00', 1),
(8, 'PILOT 百樂 Capless按鍵鋼筆', 1, 5925, 'PILOT(CAPLESS)系列是世界首創的按鍵式鋼筆，1963年開使販售後，一直名列於暢銷榜上，CAPLESS系列如同原子筆一般，只要按鍵按壓一下，就能輕鬆書寫.', 'PILOT_008-1.jpg', '2023-12-05 00:00:00', '2022-10-31 00:00:00', 1),
(9, 'PILOT 百樂 Capless按鍵鋼筆', 1, 5925, 'PILOT(CAPLESS)系列是世界首創的按鍵式鋼筆，1963年開使販售後，一直名列於暢銷榜上，CAPLESS系列如同原子筆一般，只要按鍵按壓一下，就能輕鬆書寫.', 'PILOT_009-1.jpg', '2023-01-12 00:00:00', '2022-09-01 00:00:00', 1),
(10, 'PILOT 百樂 Custom 74鋼筆', 1, 3555, 'CUSTOM系列以追求書寫流暢度為主，所以提供了多種風格的筆尖，讓每個人都可以選擇適合自己的筆尖，徜徉於書寫樂趣中；Custom有客製的意思，這就是該筆款追求的初衷。筆尖材質: 14K金 5號尖', 'PILOT_010-1.jpg', '2024-04-01 00:00:00', '2022-09-20 00:00:00', 1),
(11, 'PILOT 百樂 Elabo鋼筆', 1, 5925, 'ELABO 彈性筆尖鋼筆1978年誕生，30年來數次改版，現行版的Elabo有著湯匙狀凸起的筆尖造型，可以表現出字幅的粗細強弱，日文漢字、假名書寫結構與中文相近，是最適合日文、中文書寫的鋼筆，軟彈的筆尖調性也受到英文書法族群的喜愛。標準配備是CON-40吸墨器，也可以使用卡式墨水。', 'PILOT_011-1.jpg', '2023-03-26 00:00:00', '2023-01-01 00:00:00', 1),
(12, 'PILOT 百樂 Justus95鋼筆', 1, 7900, '獨特的H(Hard writing)、 S(Soft writing)模式控制器， 可調節筆尖的彈力，一枝筆能夠同時擁有不同書寫風格。', 'PILOT_012-1.jpg', '2023-01-21 00:00:00', '2022-11-15 00:00:00', 1),
(13, 'PILOT 百樂 Custom 74鋼筆', 1, 3555, 'CUSTOM系列以追求書寫流暢度為主，所以提供了多種風格的筆尖，讓每個人都可以選擇適合自己的筆尖，徜徉於書寫樂趣中；Custom有客製的意思，這就是該筆款追求的初衷。筆尖材質: 14K金 5號尖', 'PILOT_013-1.jpg', '2023-11-28 00:00:00', '2022-10-01 00:00:00', 1),
(14, 'PILOT 百樂 Lady White鋼筆', 1, 4740, '是一款乾淨利落帶有高美感的灰白色鋼筆。筆身表面採用米色調和漆，營造出優雅的感覺和奢華。此外，筆身圖案又有櫻花和秋葉的區分，並以柔和的線條輪廓帶出整個筆身的特殊圖案，增加不少女性市場。', 'PILOT_014-1.jpg', '2024-02-18 00:00:00', '2022-12-25 00:00:00', 1),
(15, 'PILOT 百樂 Elabo鋼筆', 1, 5925, '1978年由PILOT與眾多鋼筆使用者共同開發，以書寫感受的最大化為目標而誕生的獨特設計。', 'PILOT_015-1.jpg', '2024-03-21 00:00:00', '2022-10-02 00:00:00', 1),
(16, 'PILOT 百樂 MR2鋼筆', 1, 553, '選用優雅的金屬色製作成筆桿顏色，讓表面富有光澤。', 'PILOT_016-1.jpg', '2024-02-13 00:00:00', '2022-07-18 00:00:00', 1),
(17, 'PILOT 百樂 MR2鋼筆', 1, 553, '選用優雅的金屬色製作成筆桿顏色，讓表面富有光澤。', 'PILOT_017-1.jpg', '2024-02-15 00:00:00', '2022-06-18 00:00:00', 1),
(18, 'PILOT 百樂 MR2鋼筆', 1, 553, '選用優雅的金屬色製作成筆桿顏色，讓表面富有光澤。', 'PILOT_018-1.jpg', '2023-01-22 00:00:00', '2022-10-29 00:00:00', 1),
(19, 'PILOT 百樂 MR2鋼筆', 1, 553, '選用優雅的金屬色製作成筆桿顏色，讓表面富有光澤。', 'PILOT_019-1.jpg', '2024-03-15 00:00:00', '2022-10-16 00:00:00', 1),
(20, 'PILOT 百樂探險家鋼筆', 1, 474, '筆身大膽色系,鮮豔繽紛且整體輕巧、書寫更加穩定 -擁有鋼筆、鋼珠筆兩種筆款讓消費者多種選擇 -每支筆另贈精緻三角筆盒,讓整體質感再提升,是最佳送禮首選 -多色卡水,簡單替芯', 'PILOT_020-1.jpg', '2024-02-22 00:00:00', '2022-06-16 00:00:00', 1),
(21, 'PILOT 百樂探險家鋼筆', 1, 474, '筆身大膽色系,鮮豔繽紛且整體輕巧、書寫更加穩定 -擁有鋼筆、鋼珠筆兩種筆款讓消費者多種選擇 -每支筆另贈精緻三角筆盒,讓整體質感再提升,是最佳送禮首選 -多色卡水,簡單替芯', 'PILOT_021-1.jpg', '2023-01-26 00:00:00', '2022-11-20 00:00:00', 1),
(22, 'PILOT 百樂 Custom 88 Urushi鋼筆', 1, 23700, '在PILOT製作鋼筆的百年歷史中，誕生了CUSTOM系列，CUSTOM譯為訂製的，客製的，表示這支筆的由來就是為了要因應各種使用鋼筆的人', 'PILOT_022-1.jpg', '2023-02-01 00:00:00', '2022-12-24 00:00:00', 1),
(23, 'PILOT 百樂微笑鋼筆', 1, 300, ' 不繡鋼的筆尖上烙印微笑臉的圖像，讓書寫更添趣味。    筆帽凸點貼心設計，便利使用者輕鬆開合筆帽。 六角桿筆身讓筆置放桌面時不易滾動。  符合人體工學的三面體握筆處，可讓手指正確  端正的握拿，長時間舒寫不疲累。', 'PILOT_023-1.jpg', '2023-11-29 00:00:00', '2022-07-12 00:00:00', 1),
(24, 'PILOT 百樂探險家鋼筆', 1, 474, '筆身大膽色系,鮮豔繽紛且整體輕巧、書寫更加穩定 -擁有鋼筆、鋼珠筆兩種筆款讓消費者多種選擇 -每支筆另贈精緻三角筆盒,讓整體質感再提升,是最佳送禮首選 -多色卡水,簡單替芯', 'PILOT_024-1.jpg', '2024-02-27 00:00:00', '2022-10-17 00:00:00', 1),
(25, 'PILOT 百樂探險家鋼筆', 1, 474, '筆身大膽色系,鮮豔繽紛且整體輕巧、書寫更加穩定 -擁有鋼筆、鋼珠筆兩種筆款讓消費者多種選擇 -每支筆另贈精緻三角筆盒,讓整體質感再提升,是最佳送禮首選 -多色卡水,簡單替芯', 'PILOT_025-1.jpg', '2023-11-23 00:00:00', '2022-06-17 00:00:00', 1),
(26, 'PILOT 百樂探險家鋼筆', 1, 474, '筆身大膽色系,鮮豔繽紛且整體輕巧、書寫更加穩定 -擁有鋼筆、鋼珠筆兩種筆款讓消費者多種選擇 -每支筆另贈精緻三角筆盒,讓整體質感再提升,是最佳送禮首選 -多色卡水,簡單替芯', 'PILOT_026-1.jpg', '2023-01-18 00:00:00', '2022-08-06 00:00:00', 1),
(27, 'PILOT 百樂探險家鋼筆', 1, 474, '筆身大膽色系,鮮豔繽紛且整體輕巧、書寫更加穩定 -擁有鋼筆、鋼珠筆兩種筆款讓消費者多種選擇 -每支筆另贈精緻三角筆盒,讓整體質感再提升,是最佳送禮首選 -多色卡水,簡單替芯', 'PILOT_027-1.jpg', '2023-02-28 00:00:00', '2022-06-27 00:00:00', 1),
(28, 'PILOT 百樂按鍵鋼筆', 1, 4740, '亞光黑色沉穩的筆身。筆尖採用18K金，黃銅筆身，從商務到休閒使用，可以在廣泛的場景使用', 'PILOT_028-1.jpg', '2023-11-16 00:00:00', '2022-11-27 00:00:00', 1),
(29, 'PILOT 百樂 Capless按鍵鋼筆', 1, 7900, 'PILOT(CAPLESS)系列是世界首創的按鍵式鋼筆，1963年開使販售後，一直名列於暢銷榜上，CAPLESS系列如同原子筆一般，只要按鍵按壓一下，就能輕鬆書寫.', 'PILOT_029-1.jpg', '2024-04-06 00:00:00', '2022-06-24 00:00:00', 1),
(30, 'PILOT 百樂 Custom NS鋼筆', 1, 2765, '1971年以來發行的 CUSTOM系列鋼筆中出現了一個新系列。是此系列中首次使用不銹鋼筆的鋼筆，並作為此系列的入門型號，也是因應年輕族群採用了新的設計與配色。筆身與筆帽是中等大小的輪廓，並由一系列曲線組成。而筆夾延續了CUSTOM系列，並以新設計的帶有雨滴圖案，而這雨滴筆夾也是其特色之一。', 'PILOT_030-1.jpg', '2023-04-05 00:00:00', '2022-10-28 00:00:00', 1),
(31, 'PILOT 百樂 Custom NS鋼筆', 1, 2765, '1971年以來發行的 CUSTOM系列鋼筆中出現了一個新系列。是此系列中首次使用不銹鋼筆的鋼筆，並作為此系列的入門型號，也是因應年輕族群採用了新的設計與配色。筆身與筆帽是中等大小的輪廓，並由一系列曲線組成。而筆夾延續了CUSTOM系列，並以新設計的帶有雨滴圖案，而這雨滴筆夾也是其特色之一。', 'PILOT_031-1.jpg', '2024-04-08 00:00:00', '2022-09-16 00:00:00', 1),
(32, 'PILOT 百樂 Custom NS鋼筆', 1, 2765, '1971年以來發行的 CUSTOM系列鋼筆中出現了一個新系列。是此系列中首次使用不銹鋼筆的鋼筆，並作為此系列的入門型號，也是因應年輕族群採用了新的設計與配色。筆身與筆帽是中等大小的輪廓，並由一系列曲線組成。而筆夾延續了CUSTOM系列，並以新設計的帶有雨滴圖案，而這雨滴筆夾也是其特色之一。', 'PILOT_032-1.jpg', '2023-12-29 00:00:00', '2022-09-14 00:00:00', 1),
(33, 'PILOT 百樂 Custom 74鋼筆', 1, 3555, 'CUSTOM系列以追求書寫流暢度為主，所以提供了多種風格的筆尖，讓每個人都可以選擇適合自己的筆尖，徜徉於書寫樂趣中；Custom有客製的意思，這就是該筆款追求的初衷。筆尖材質: 14K金 5號尖', 'PILOT_033-1.jpg', '2023-02-10 00:00:00', '2022-11-06 00:00:00', 1),
(34, 'PILOT 百樂 Elite E95s鋼筆', 1, 2765, 'Elite 95S這是一種短尺寸的鋼筆，特別是在年輕一代中受到了極大的歡迎。筆身長度11.9cm是與襯衫前口袋深度相稱的短尺寸，相當攜帶方便，且筆身重量15g，放在襯衫口袋中也不會感到體重。筆身設計除了經典黑色外，另外添加了酒紅色跳脫傳統的印象，增加不少女性市場。', 'PILOT_034-1.jpg', '2024-03-01 00:00:00', '2022-11-01 00:00:00', 1),
(35, 'PILOT 百樂 Elite E95s鋼筆', 1, 2765, 'Elite 95S這是一種短尺寸的鋼筆，特別是在年輕一代中受到了極大的歡迎。筆身長度11.9cm是與襯衫前口袋深度相稱的短尺寸，相當攜帶方便，且筆身重量15g，放在襯衫口袋中也不會感到體重。筆身設計除了經典黑色外，另外添加了酒紅色跳脫傳統的印象，增加不少女性市場。', 'PILOT_035-1.jpg', '2024-04-05 00:00:00', '2022-07-15 00:00:00', 1),
(36, 'MONBLANC萬寶龍大師傑作（大班）鍍玫瑰金F尖鋼筆', 1, 21500, '萬寶龍大師傑作（大班）系列鍍玫瑰金經典書寫工具是書寫歷史的設計。Meisterstuck的意思是傑作，萬寶龍大師傑作（大班）系列自 1924 年推出而來，一直是優質奢華書寫文化的象徵。筆蓋和筆身以黑色珍貴樹脂製作，筆蓋頂部鑲嵌經典的白色萬寶龍標誌。 鋼筆配以手工製作 Au585/14K 實心金質鍍銠與鍍玫瑰金雙色筆尖。', 'montblanc_036-1.jpg', '2024-02-19 00:00:00', '2022-06-04 00:00:00', 1),
(37, 'MONBLANC萬寶龍大師傑作（大班）鍍玫瑰金M尖鋼筆', 1, 21500, '萬寶龍大師傑作（大班）系列鍍玫瑰金經典書寫工具是書寫歷史的設計。Meisterstuck的意思是傑作，萬寶龍大師傑作（大班）系列自 1924 年推出而來，一直是優質奢華書寫文化的象徵。筆蓋和筆身以黑色珍貴樹脂製作，筆蓋頂部鑲嵌經典的白色萬寶龍標誌。 鋼筆配以手工製作 Au585/14K 實心金質鍍銠與鍍玫瑰金雙色筆尖。', 'montblanc_037-1.jpg', '2023-02-20 00:00:00', '2022-12-16 00:00:00', 1),
(38, 'MONBLANC萬寶龍大師傑作（大班）鍍金質F尖鋼筆', 1, 22000, '萬寶龍大師傑作（大班）經典鋼筆已成為獨特設計的經典。筆蓋和筆身以黑色珍貴樹脂製作，鑲嵌白色萬寶龍標誌。三個鍍鉑金圓環壓印萬寶龍字樣，鍍鉑金筆夾和手工製作金質筆尖，充分彰顯這款經典鋼筆的雋永設計。為能展現您的個性，萬寶龍提供免費鐫刻名字或姓名字首服務。在一個逐漸失卻個人風格的年代，我們的漆黑魅影、深海湛藍、勃根地紅、愛爾蘭綠、薰衣草紫、午夜藍調及豪情淡灰卡式墨水讓您能用這款經典鋼筆盡情發揮您的個人書寫風格。', 'montblanc_038-1.jpg', '2023-01-25 00:00:00', '2022-12-26 00:00:00', 1),
(39, 'MONBLANC萬寶龍大師傑作（大班）鍍金質M尖鋼筆', 1, 22000, '萬寶龍大師傑作（大班）經典鋼筆已成為獨特設計的經典。筆蓋和筆身以黑色珍貴樹脂製作，鑲嵌白色萬寶龍標誌。三個鍍鉑金圓環壓印萬寶龍字樣，鍍鉑金筆夾和手工製作金質筆尖，充分彰顯這款經典鋼筆的雋永設計。為能展現您的個性，萬寶龍提供免費鐫刻名字或姓名字首服務。在一個逐漸失卻個人風格的年代，我們的漆黑魅影、深海湛藍、勃根地紅、愛爾蘭綠、薰衣草紫、午夜藍調及豪情淡灰卡式墨水讓您能用這款經典鋼筆盡情發揮您的個人書寫風格。', 'montblanc_039-1.jpg', '2023-11-20 00:00:00', '2022-11-19 00:00:00', 1),
(40, 'MONBLANC萬寶龍大師傑作（大班）系列 GLACIER LEGRAND F尖藍色鋼筆', 1, 28300, '萬寶龍大師傑作（大班）系列 Glacier LeGrand 鋼筆採用藍灰色的珍貴樹脂，靈感源自白朗峰的神秘冰川，代表萬寶龍對優質作品的全心奉獻，以及對探索冒險精神的專業態度。 此款書寫工具以手工製作的 Au585 / 14K 實心金質鍍銠筆尖製成，飾有躺臥在白朗峰山頂的蒙特維冰河奇龍。', 'montblanc_040-1.jpg', '2023-12-25 00:00:00', '2022-08-01 00:00:00', 1),
(41, 'MONBLANC萬寶龍大師傑作（大班）系列 GLACIER LEGRAND M尖藍色鋼筆', 1, 28300, '萬寶龍大師傑作（大班）系列 Glacier LeGrand 鋼筆採用藍灰色的珍貴樹脂，靈感源自白朗峰的神秘冰川，代表萬寶龍對優質作品的全心奉獻，以及對探索冒險精神的專業態度。 此款書寫工具以手工製作的 Au585 / 14K 實心金質鍍銠筆尖製成，飾有躺臥在白朗峰山頂的蒙特維冰河奇龍。', 'montblanc_041-1.jpg', '2023-12-09 00:00:00', '2022-11-16 00:00:00', 1),
(42, 'MONBLANC萬寶龍大師傑作（大班）DOUE F尖暮藍系列鋼筆', 1, 40900, '大師傑作（大班）Doue 暮藍系列是一款珍貴的藍色亮漆 Solitaire 產品，綴以鍍鉑金配件。白天後入夜前的神奇時刻——暮藍——營造出流暢的反差與令人屏息的氛圍，這正是此筆款的靈感來源。手工製作鍍銠金筆尖及筆身的六角形圖案，喻意大都會的燈光折射與夜間流竄的車輛。', 'montblanc_042-1.jpg', '2023-12-16 00:00:00', '2022-11-26 00:00:00', 1),
(43, 'MONBLANC萬寶龍大師傑作（大班）DOUE M尖暮藍系列鋼筆', 1, 40900, '大師傑作（大班）Doue 暮藍系列是一款珍貴的藍色亮漆 Solitaire 產品，綴以鍍鉑金配件。白天後入夜前的神奇時刻——暮藍——營造出流暢的反差與令人屏息的氛圍，這正是此筆款的靈感來源。手工製作鍍銠金筆尖及筆身的六角形圖案，喻意大都會的燈光折射與夜間流竄的車輛。', 'montblanc_043-1.jpg', '2023-01-30 00:00:00', '2022-07-06 00:00:00', 1),
(44, 'MONBLANC萬寶龍大師傑作（大班）GLACIER F尖經典系列白色鋼筆', 1, 24500, '萬寶龍大師傑作（大班）Glacier 經典系列鋼筆採用白色珍貴樹脂，靈感源自白朗峰的神秘冰川，代表萬寶龍對優質作品的全心奉獻，以及對探索冒險精神的專業態度。此款書寫工具以藍色的 PVD 塗層金屬配件為設計特色，並以手工製作的 Au585 / 14K 實心金質鍍銠筆尖製成，飾有躺臥在白朗峰山頂的蒙特維冰河奇龍', 'montblanc_044-1.jpg', '2023-01-29 00:00:00', '2022-07-14 00:00:00', 1),
(45, 'MONBLANC萬寶龍大師傑作（大班）GLACIER M尖經典系列白色鋼筆', 1, 24500, '萬寶龍大師傑作（大班）Glacier 經典系列鋼筆採用白色珍貴樹脂，靈感源自白朗峰的神秘冰川，代表萬寶龍對優質作品的全心奉獻，以及對探索冒險精神的專業態度。此款書寫工具以藍色的 PVD 塗層金屬配件為設計特色，並以手工製作的 Au585 / 14K 實心金質鍍銠筆尖製成，飾有躺臥在白朗峰山頂的蒙特維冰河奇龍', 'montblanc_045-1.jpg', '2023-04-02 00:00:00', '2022-08-24 00:00:00', 1),
(46, 'MONBLANC萬寶龍星際行者 BLACKCOSMOS 系列珍貴樹脂鋼筆 F尖', 1, 19400, '星際行者系列讓您於星際間穿梭遨遊。系列追求宇宙和外星系探索，訴說人類神秘和偉大的冒險之一：太空探索。萬寶龍星際行者 BlackCosmos 系列作品以亮面黑色珍貴樹脂製成，搭配黑色 PVD 塗層配件，象徵深不可測的太空。透過萬寶龍星際行者標誌專利技術，萬寶龍標誌懸浮於灰色半透明圓頂中。這款鋼筆配以手工精製鍍釕 Au585 / 14K 金質筆尖。', 'montblanc_046-1.jpg', '2023-02-08 00:00:00', '2022-07-25 00:00:00', 1),
(47, 'MONBLANC萬寶龍星際行者 BLACKCOSMOS 系列珍貴樹脂鋼筆 M尖', 1, 19400, '星際行者系列讓您於星際間穿梭遨遊。系列追求宇宙和外星系探索，訴說人類神秘和偉大的冒險之一：太空探索。萬寶龍星際行者 BlackCosmos 系列作品以亮面黑色珍貴樹脂製成，搭配黑色 PVD 塗層配件，象徵深不可測的太空。透過萬寶龍星際行者標誌專利技術，萬寶龍標誌懸浮於灰色半透明圓頂中。這款鋼筆配以手工精製鍍釕 Au585 / 14K 金質筆尖。', 'montblanc_047-1.jpg', '2023-11-25 00:00:00', '2022-09-21 00:00:00', 1),
(48, 'MONBLANC萬寶龍星際行者系列 DOUE F尖鋼筆活塞轉換器', 1, 22500, '全新星際行者系列讓您於星際間穿梭遨遊。系列追求宇宙和外星系探索，訴說人類神秘和偉大的冒險之一：太空探索。此系列的新設計禮讚所有太空旅行者描述的巨大情感，看到我們的藍色星球漂浮在廣袤的太空中。品牌透過萬寶龍星際行者系列標誌技術，在萬寶龍標誌下方綴以藍色半透明圓頂圖案，讓人聯想起地球從月球地平線上方浮現的景象。萬寶龍星際行者系列 Doue 配備鍍鉑金筆蓋與配件和黑色珍貴樹脂筆身。這款鋼筆配以手工製作 Au585 / 鍍銠 14 K 金質筆尖。', 'montblanc_048-1.jpg', '2024-03-28 00:00:00', '2022-07-11 00:00:00', 1),
(49, 'MONBLANC萬寶龍星際行者系列 DOUE M尖鋼筆活塞轉換器', 1, 22500, '全新星際行者系列讓您於星際間穿梭遨遊。系列追求宇宙和外星系探索，訴說人類神秘和偉大的冒險之一：太空探索。此系列的新設計禮讚所有太空旅行者描述的巨大情感，看到我們的藍色星球漂浮在廣袤的太空中。品牌透過萬寶龍星際行者系列標誌技術，在萬寶龍標誌下方綴以藍色半透明圓頂圖案，讓人聯想起地球從月球地平線上方浮現的景象。萬寶龍星際行者系列 Doue 配備鍍鉑金筆蓋與配件和黑色珍貴樹脂筆身。這款鋼筆配以手工製作 Au585 / 鍍銠 14 K 金質筆尖。', 'montblanc_049-1.jpg', '2024-03-13 00:00:00', '2022-09-04 00:00:00', 1),
(50, 'MONBLANC萬寶龍星際行者藍色星球系列金屬 DOUE F尖鋼筆', 1, 36500, '萬寶龍星際行者藍色星球系列描繪的正是一幅漫步璀璨星河的圖畫，探索浩瀚宇宙與河外星系，成就人類神秘莫測偉大冒險的燦爛篇章之一：太空探索。當我們更細緻入微地觀察地球時，我們從水——生命之源——擷取靈感。星際行者標誌技術使一顆星星浮於藍色半透明圓頂的頂部，讓人聯想起地球從月球地平線上方浮現的景象。萬寶龍星際行者藍色星球系列金屬 Doue 鋼筆配備鍍鉑金筆蓋，金屬扭索飾紋筆身飾以藍色半透明漆面。這款鋼筆配以手工製作 Au585 / 鍍銠 14K 金質筆尖。', 'montblanc_050-1.jpg', '2023-01-15 00:00:00', '2022-10-13 00:00:00', 1),
(51, 'MONBLANC萬寶龍星際行者藍色星球系列金屬 DOUE M尖鋼筆', 1, 36500, '萬寶龍星際行者藍色星球系列描繪的正是一幅漫步璀璨星河的圖畫，探索浩瀚宇宙與河外星系，成就人類神秘莫測偉大冒險的燦爛篇章之一：太空探索。當我們更細緻入微地觀察地球時，我們從水——生命之源——擷取靈感。星際行者標誌技術使一顆星星浮於藍色半透明圓頂的頂部，讓人聯想起地球從月球地平線上方浮現的景象。萬寶龍星際行者藍色星球系列金屬 Doue 鋼筆配備鍍鉑金筆蓋，金屬扭索飾紋筆身飾以藍色半透明漆面。這款鋼筆配以手工製作 Au585 / 鍍銠 14K 金質筆尖。', 'montblanc_051-1.jpg', '2023-03-28 00:00:00', '2022-12-05 00:00:00', 1),
(52, 'MONBLANC萬寶龍星際行者 ULTRABLACK 系列 DOUE F尖鋼筆', 1, 25200, '星際行者系列讓您於星際間穿梭遨遊。系列追求宇宙和外星系探索，訴說人類神秘和偉大的冒險之一：太空探索。萬寶龍星際行者 UltraBlack 系列作品以啞光黑色珍貴樹脂製成，搭配黑色鍍釕筆蓋與配件，象徵深不可測的太空。透過萬寶龍星際行者標誌專利技術，萬寶龍標誌懸浮於半透明圓頂中。這款鋼筆配以手工製作黑色鍍釕 Au585 / 14 K 金質筆尖。', 'montblanc_052-1.jpg', '2023-01-16 00:00:00', '2022-10-05 00:00:00', 1),
(53, 'MONBLANC萬寶龍星際行者 ULTRABLACK 系列 DOUE M尖鋼筆', 1, 25200, '星際行者系列讓您於星際間穿梭遨遊。系列追求宇宙和外星系探索，訴說人類神秘和偉大的冒險之一：太空探索。萬寶龍星際行者 UltraBlack 系列作品以啞光黑色珍貴樹脂製成，搭配黑色鍍釕筆蓋與配件，象徵深不可測的太空。透過萬寶龍星際行者標誌專利技術，萬寶龍標誌懸浮於半透明圓頂中。這款鋼筆配以手工製作黑色鍍釕 Au585 / 14 K 金質筆尖。', 'montblanc_053-1.jpg', '2023-03-01 00:00:00', '2022-12-23 00:00:00', 1),
(54, 'MONBLANC萬寶龍星際行者 BLACKCOSMOS 系列F尖金屬鋼筆', 1, 37800, '星際行者系列讓您於星際間穿梭遨遊。系列追求宇宙和外星系探索，訴說人類神秘和偉大的冒險之一：太空探索。萬寶龍星際行者 BlackCosmos 系列作品的筆身和筆蓋均採用令人意想不到的編織紋飾金屬表面，打造獨特質感，刻畫太空的深不可測與特別景觀。透過萬寶龍星際行者標誌專利技術，萬寶龍標誌懸浮於灰色半透明圓頂中。萬寶龍星際行者 BlackCosmos 系列金屬書寫工具配以手工精製鍍銠 Au585 / 14K 金質筆尖，而其他金屬部分則覆以深黑色 PVD 塗層。', 'montblanc_054-1.jpg', '2023-01-14 00:00:00', '2022-11-04 00:00:00', 1),
(55, 'MONBLANC萬寶龍星際行者 BLACKCOSMOS 系列M尖金屬鋼筆', 1, 37800, '星際行者系列讓您於星際間穿梭遨遊。系列追求宇宙和外星系探索，訴說人類神秘和偉大的冒險之一：太空探索。萬寶龍星際行者 BlackCosmos 系列作品的筆身和筆蓋均採用令人意想不到的編織紋飾金屬表面，打造獨特質感，刻畫太空的深不可測與特別景觀。透過萬寶龍星際行者標誌專利技術，萬寶龍標誌懸浮於灰色半透明圓頂中。萬寶龍星際行者 BlackCosmos 系列金屬書寫工具配以手工精製鍍銠 Au585 / 14K 金質筆尖，而其他金屬部分則覆以深黑色 PVD 塗層。', 'montblanc_055-1.jpg', '2024-02-09 00:00:00', '2022-08-05 00:00:00', 1),
(56, 'MONBLANC萬寶龍大師傑作（大班）系列「AROUND THE WORLD IN 80 DAYS」 CLASSIQUE M尖鋼筆', 1, 28300, '萬寶龍大師傑作（大班）系列Around the World in 80 Days特別版靈感源自儒勒．凡爾納撰寫的著名冒險小說。以煤灰色珍貴樹脂製成的 Classique 鋼筆繪畫了從孟買到橫濱的旅程的第二站。在這部分冒險中，主角騎著一頭雄偉的大象旅行，這頭大象被放在筆蓋橢圓形邊飾上。筆夾飾有紅色漆面的方塊撲克花色，筆身尾端上刻有靈感源自奧達公主的珠寶和撲克花色，代表福格先生在 80 天內完成旅程的賭注。筆蓋頂部壓印旅行歷經時長，從孟買到橫濱的 25 天和整個旅程的 80 天。書寫工具配有手工精製的 14K 金質筆尖，筆尖飾有熱氣球，以及20/10和14/11：福格先生於 10 月 20 日 20:00 離開孟買，並於 11 月 14 日 18:00 離開橫濱。', 'montblanc_056-1.jpg', '2023-03-25 00:00:00', '2022-08-28 00:00:00', 1),
(57, 'MONBLANC萬寶龍大師傑作（大班）系列「AROUND THE WORLD IN 80 DAYS」 CLASSIQUE M尖鋼筆', 1, 28300, '萬寶龍大師傑作（大班）系列Around the World in 80 Days特別版靈感源自儒勒．凡爾納撰寫的著名冒險小說。以煤灰色珍貴樹脂製成的 Classique 鋼筆繪畫了從孟買到橫濱的旅程的第二站。在這部分冒險中，主角騎著一頭雄偉的大象旅行，這頭大象被放在筆蓋橢圓形邊飾上。筆夾飾有紅色漆面的方塊撲克花色，筆身尾端上刻有靈感源自奧達公主的珠寶和撲克花色，代表福格先生在 80 天內完成旅程的賭注。筆蓋頂部壓印旅行歷經時長，從孟買到橫濱的 25 天和整個旅程的 80 天。書寫工具配有手工精製的 14K 金質筆尖，筆尖飾有熱氣球，以及20/10和14/11：福格先生於 10 月 20 日 20:00 離開孟買，並於 11 月 14 日 18:00 離開橫濱。', 'montblanc_057-1.jpg', '2024-02-14 00:00:00', '2022-06-26 00:00:00', 1),
(58, 'MONBLANC萬寶龍大師傑作（大班）系列「AROUND THE WORLD IN 80 DAYS」 LEGRAND F尖鋼筆', 1, 32400, '萬寶龍大師傑作（大班）系列Around the World in 80 Days特別版靈感源自儒勒．凡爾納撰寫的著名冒險小說。以煤灰色珍貴樹脂製成的 LeGrand 鋼筆繪畫了從孟買到橫濱的旅程的第二站。在這部分冒險中，主角騎著一頭雄偉的大象旅行，這頭大象被放在筆蓋橢圓形邊飾上。筆夾飾有紅色漆面的方塊撲克花色，筆身尾端上刻有靈感源自奧達公主的珠寶和撲克花色，代表福格先生在 80 天內完成旅程的賭注。筆蓋頂部壓印旅行歷經時長，從孟買到橫濱的 25 天和整個旅程的 80 天。書寫工具配有手工精製的 14K 金質筆尖，筆尖飾有熱氣球，以及20/10和14/11：福格先生於 10 月 20 日 20:00 離開孟買，並於 11 月 14 日 18:00 離開橫濱。', 'montblanc_058-1.jpg', '2023-12-19 00:00:00', '2022-11-02 00:00:00', 1),
(59, 'MONBLANC萬寶龍大師傑作（大班）系列「AROUND THE WORLD IN 80 DAYS」 LEGRAND M尖鋼筆', 1, 32400, '萬寶龍大師傑作（大班）系列Around the World in 80 Days特別版靈感源自儒勒．凡爾納撰寫的著名冒險小說。以煤灰色珍貴樹脂製成的 LeGrand 鋼筆繪畫了從孟買到橫濱的旅程的第二站。在這部分冒險中，主角騎著一頭雄偉的大象旅行，這頭大象被放在筆蓋橢圓形邊飾上。筆夾飾有紅色漆面的方塊撲克花色，筆身尾端上刻有靈感源自奧達公主的珠寶和撲克花色，代表福格先生在 80 天內完成旅程的賭注。筆蓋頂部壓印旅行歷經時長，從孟買到橫濱的 25 天和整個旅程的 80 天。書寫工具配有手工精製的 14K 金質筆尖，筆尖飾有熱氣球，以及20/10和14/11：福格先生於 10 月 20 日 20:00 離開孟買，並於 11 月 14 日 18:00 離開橫濱。', 'montblanc_059-1.jpg', '2023-02-04 00:00:00', '2022-07-17 00:00:00', 1),
(60, 'MONBLANC萬寶龍著名人物系列恩佐．法拉利特別版鋼筆 F尖', 1, 38200, '2021 年，萬寶龍向極富遠見卓識的恩佐．法拉利致意：他既是賽車手又是企業家，不僅一手創立傳奇的法拉利車隊，還建立了環球汽車帝國，他的名字已成為卓越品質與為速度而瘋狂的象徵。 特別版採用紅色珍貴樹脂製成，象徵恩佐．法拉利對賽車的熱情。顏色靈感源自一種特殊的紅色Rosso 70 Anni，專為慶祝法拉利車隊 70 週年而特別創造，多年來一直用作各種經典紅色調。 筆蓋頂部綴以嵌入黃色表面金屬網格的萬寶龍標誌，向其出生城市摩德納致意。筆蓋背面呈現法拉利汽車著名的躍馬標誌。金屬筆夾上精心鐫刻恩佐的名言：You cannot describe passion， you can only live it.（您無法描述熱情，而只能活出熱情。）筆身尾端顯示恩佐．法拉利早期職業生涯中的兩個重要日期。手工製作 Au 585 實心金質筆尖鐫刻Ferrari 250 GTO方向盤的圖像與恩佐的其中一個暱稱Pilota。', 'montblanc_060-1.jpg', '2024-03-11 00:00:00', '2022-09-17 00:00:00', 1),
(61, 'MONBLANC萬寶龍著名人物系列恩佐．法拉利特別版鋼筆 M尖', 1, 38200, '2021 年，萬寶龍向極富遠見卓識的恩佐．法拉利致意：他既是賽車手又是企業家，不僅一手創立傳奇的法拉利車隊，還建立了環球汽車帝國，他的名字已成為卓越品質與為速度而瘋狂的象徵。 特別版採用紅色珍貴樹脂製成，象徵恩佐．法拉利對賽車的熱情。顏色靈感源自一種特殊的紅色Rosso 70 Anni，專為慶祝法拉利車隊 70 週年而特別創造，多年來一直用作各種經典紅色調。 筆蓋頂部綴以嵌入黃色表面金屬網格的萬寶龍標誌，向其出生城市摩德納致意。筆蓋背面呈現法拉利汽車著名的躍馬標誌。金屬筆夾上精心鐫刻恩佐的名言：You cannot describe passion， you can only live it.（您無法描述熱情，而只能活出熱情。）筆身尾端顯示恩佐．法拉利早期職業生涯中的兩個重要日期。手工製作 Au 585 實心金質筆尖鐫刻Ferrari 250 GTO方向盤的圖像與恩佐的其中一個暱稱Pilota。', 'montblanc_061-1.jpg', '2024-02-29 00:00:00', '2022-08-30 00:00:00', 1),
(62, 'MONBLANC萬寶龍著名人物系列占米．亨德里斯特別版鋼筆 F尖 ', 1, 38200, '2022 年，萬寶龍向上世紀最著名的音樂家致敬，他是獲公認為流行音樂史上最具影響力的傳奇電結他手：占米．亨德里斯。灰白色筆蓋及其鐫刻圖案以珍貴樹脂製成，靈感源自占米．亨德里斯佩戴的一根結他背帶，而黑色筆身則飾有類模仿結他效果器踏板的優雅圖案。鍍鉑金筆夾的角度經悉心設計，模仿電結他的顫音臂。筆蓋頂部的萬寶龍標誌以珍貴樹脂製成。另一個矚目細節在於鍍金筆身圓環，靈感源自 1960 年代的結他電纜——鐫刻占米．亨德里斯一場著名音樂會的日期。手工精製的 Au 585 實心金質筆尖，飾有占米．亨德里斯的肖像。', 'montblanc_062-1.jpg', '2023-01-27 00:00:00', '2022-12-09 00:00:00', 1),
(63, 'MONBLANC萬寶龍著名人物系列占米．亨德里斯特別版鋼筆 M尖', 1, 38200, '2022 年，萬寶龍向上世紀最著名的音樂家致敬，他是獲公認為流行音樂史上最具影響力的傳奇電結他手：占米．亨德里斯。灰白色筆蓋及其鐫刻圖案以珍貴樹脂製成，靈感源自占米．亨德里斯佩戴的一根結他背帶，而黑色筆身則飾有類模仿結他效果器踏板的優雅圖案。鍍鉑金筆夾的角度經悉心設計，模仿電結他的顫音臂。筆蓋頂部的萬寶龍標誌以珍貴樹脂製成。另一個矚目細節在於鍍金筆身圓環，靈感源自 1960 年代的結他電纜——鐫刻占米．亨德里斯一場著名音樂會的日期。手工精製的 Au 585 實心金質筆尖，飾有占米．亨德里斯的肖像。', 'montblanc_063-1.jpg', '2023-03-11 00:00:00', '2022-11-29 00:00:00', 1),
(64, 'MONBLANC萬寶龍名人系列約翰．F．甘迺迪特別版鋼筆 F尖', 1, 38200, '為紀念現代歷史最受崇拜的一位人物，這款萬寶龍名人系列約翰．F．甘迺迪特別版書寫工具透過細緻的設計紀念甘迺迪的一生。藍色珍貴樹脂代表甘迺迪在美國海軍的年代及著名的常春藤聯盟風格。他的姓名字首 JFK 鑴刻於鍍鉑金筆夾上，三個鍍鉑金筆蓋環圈代表他的三位兄弟。為了紀念甘迺迪重視的阿波羅太空計劃所體現的國家希望和夢想，手工製作585金質筆尖鑴刻上1969年登陸月球的登月艇。這款特別版綴有珍貴樹脂製的萬寶龍標誌。', 'montblanc_064-1.jpg', '2023-03-04 00:00:00', '2022-10-08 00:00:00', 1),
(65, 'MONBLANC萬寶龍名人系列約翰．F．甘迺迪特別版鋼筆 M尖', 1, 38200, '為紀念現代歷史最受崇拜的一位人物，這款萬寶龍名人系列約翰．F．甘迺迪特別版書寫工具透過細緻的設計紀念甘迺迪的一生。藍色珍貴樹脂代表甘迺迪在美國海軍的年代及著名的常春藤聯盟風格。他的姓名字首 JFK 鑴刻於鍍鉑金筆夾上，三個鍍鉑金筆蓋環圈代表他的三位兄弟。為了紀念甘迺迪重視的阿波羅太空計劃所體現的國家希望和夢想，手工製作585金質筆尖鑴刻上1969年登陸月球的登月艇。這款特別版綴有珍貴樹脂製的萬寶龍標誌。', 'montblanc_065-1.jpg', '2023-01-17 00:00:00', '2022-12-19 00:00:00', 1),
(66, 'MONBLANC萬寶龍著名人物系列穆罕默德．阿里特別版鋼筆 F尖', 1, 38200, '在歷史上，能夠像拳王穆罕默德．阿里（Muhammad Ali）坐擁三屆世界重量級冠軍榮耀的運動選手寥寥無幾，無論在體育還是民權運動方面，阿里都寫下許多傳奇時刻，成為二十世紀最具影響力的運動員及人道主義者。身為運動員，阿里憑著力量、技巧和個性震撼了全世界，年僅 22 歲便登上世界重量級冠軍的寶座。然而，他最偉大的成就來自他為扶貧助弱付出的努力。 筆蓋以黑色珍貴樹脂精心製成，造型仿照拳擊沙包，筆身設計則有如拳擊選手用來包裹雙手的拳擊繃帶。筆蓋上飾有各種設計元素，包括阿里的勵志名言和蝴蝶圖案，圖案靈感源自阿里的拳擊風格：動作輕盈似蝶，出拳如蜂猛刺。筆尾借用這個概念設計成尖形，同時鐫刻代表拳擊擂台繩索的四條線。筆尾上銘刻的字樣代表著阿里於 1960 年羅馬奧運會上的勝利，以及他在 1964 年於邁阿密贏得的首個世界重量級冠軍。他在第七回合技術性擊倒對手獲得勝利，這項紀要可見於筆蓋的圓環上。為了紀念阿里生涯中的首個冠軍頭銜，白色樹脂製的萬寶龍標誌上飾有1。筆夾造型依照拳擊冠軍腰帶製作，並飾有阿里的名字，藉此突顯勝利一戰。手工精製 Au 585 實心黃金筆尖上飾有拳擊手套圖案。', 'montblanc_066-1.jpg', '2024-03-12 00:00:00', '2022-10-09 00:00:00', 1),
(67, 'MONBLANC萬寶龍著名人物系列穆罕默德．阿里特別版鋼筆 M尖', 1, 38200, '在歷史上，能夠像拳王穆罕默德．阿里（Muhammad Ali）坐擁三屆世界重量級冠軍榮耀的運動選手寥寥無幾，無論在體育還是民權運動方面，阿里都寫下許多傳奇時刻，成為二十世紀最具影響力的運動員及人道主義者。身為運動員，阿里憑著力量、技巧和個性震撼了全世界，年僅 22 歲便登上世界重量級冠軍的寶座。然而，他最偉大的成就來自他為扶貧助弱付出的努力。 筆蓋以黑色珍貴樹脂精心製成，造型仿照拳擊沙包，筆身設計則有如拳擊選手用來包裹雙手的拳擊繃帶。筆蓋上飾有各種設計元素，包括阿里的勵志名言和蝴蝶圖案，圖案靈感源自阿里的拳擊風格：動作輕盈似蝶，出拳如蜂猛刺。筆尾借用這個概念設計成尖形，同時鐫刻代表拳擊擂台繩索的四條線。筆尾上銘刻的字樣代表著阿里於 1960 年羅馬奧運會上的勝利，以及他在 1964 年於邁阿密贏得的首個世界重量級冠軍。他在第七回合技術性擊倒對手獲得勝利，這項紀要可見於筆蓋的圓環上。為了紀念阿里生涯中的首個冠軍頭銜，白色樹脂製的萬寶龍標誌上飾有1。筆夾造型依照拳擊冠軍腰帶製作，並飾有阿里的名字，藉此突顯勝利一戰。手工精製 Au 585 實心黃金筆尖上飾有拳擊手套圖案。', 'montblanc_067-1.jpg', '2023-01-08 00:00:00', '2022-07-23 00:00:00', 1),
(68, 'MONBLANC萬寶龍著名人物系列艾維斯．普里斯萊特別版鋼筆 F尖', 1, 38200, '艾維斯．普里斯萊（Elvis Presley）如今仍然是 20 世紀極為重要的文化代表人物，這位搖滾之王對該世代影響深遠。1935 年，艾維斯．普里斯萊於密西西比州圖珀洛出生，後來移居田納西州曼菲斯，成為享負盛名的音樂家。書寫工具的整體造型猶如汽車引擎火星塞外觀，啟發自艾維斯熱愛的 V8 引擎，筆夾造型的設計靈感亦源自於此。筆蓋和筆身的圖案呼應艾維斯在Aloha from Hawaii演唱會佩戴的金戒指飾面。筆夾的 V 形設計靈感來自艾維斯鍾愛的凱迪拉克汽車 V8 引擎，EP字樣則呼應展現艾維斯經典風格的太陽眼鏡。', 'montblanc_068-1.jpg', '2024-04-03 00:00:00', '2022-10-19 00:00:00', 1),
(69, 'MONBLANC萬寶龍著名人物系列艾維斯．普里斯萊特別版鋼筆 M尖', 1, 38200, '艾維斯．普里斯萊（Elvis Presley）如今仍然是 20 世紀極為重要的文化代表人物，這位搖滾之王對該世代影響深遠。1935 年，艾維斯．普里斯萊於密西西比州圖珀洛出生，後來移居田納西州曼菲斯，成為享負盛名的音樂家。書寫工具的整體造型猶如汽車引擎火星塞外觀，啟發自艾維斯熱愛的 V8 引擎，筆夾造型的設計靈感亦源自於此。筆蓋和筆身的圖案呼應艾維斯在Aloha from Hawaii演唱會佩戴的金戒指飾面。筆夾的 V 形設計靈感來自艾維斯鍾愛的凱迪拉克汽車 V8 引擎，EP字樣則呼應展現艾維斯經典風格的太陽眼鏡。', 'montblanc_069-1.jpg', '2023-12-18 00:00:00', '2022-08-31 00:00:00', 1),
(70, 'MONBLANC萬寶龍繆斯系列伊麗莎白．泰勒特別版鋼筆', 1, 37100, '萬寶龍繆斯系列伊麗莎白．泰勒特別版作品於精巧細節之處盡顯電影女神的偏愛喜好。筆蓋和筆身覆以深紫色大理石漆面，向伊麗莎白．泰勒傳奇般的紫色雙眸和她最愛的顏色致意，同時與鍍鉑金配件形成鮮明對比。筆蓋頂部飾有以珍貴樹脂製成的萬寶龍標誌。萬寶龍繆斯系列伊麗莎白．泰勒特別版書寫工具，鐫刻幾何形狀圖案，讓人聯想起 1950 年代的典型珠寶造型。筆夾特別的戒指造型格外引人注目，設計靈感源自伊麗莎白．泰勒對珠寶的熱愛。', 'montblanc_070-1.jpg', '2024-02-16 00:00:00', '2022-12-08 00:00:00', 1),
(71, 'Pelikan 百利金 Souveran M600 B尖 鋼筆', 1, 12600, 'Pelikan Souveran M600 鋼筆，細筆尖，黑色/綠色，是德國製造精細書寫的真正經典。 採用 1929 年推出的第一款與眾不同的活塞機制。 桶子採用原材料棉製成，經過許多不同的步驟處理，直到它形狀成條紋片，然後形成正確的形狀，切割和打磨鑽石。 ? 筆尺寸為 5.25 英吋(約 13.3 公分)，蓋子固定在筆末端，重量為 6.1 盎司(約 15.4 公分)，不含墨水。 可輕鬆裝滿 Pelikan 4001 或 Edelstein 瓶裝墨水。', 'pelikan_071-1.jpg', '2023-02-27 00:00:00', '2022-07-19 00:00:00', 1),
(72, 'Pelikan 百利金 Souveran M600 M尖 鋼筆', 1, 12600, 'Pelikan Souveran M600 鋼筆，細筆尖，黑色/綠色，是德國製造精細書寫的真正經典。 採用 1929 年推出的第一款與眾不同的活塞機制。 桶子採用原材料棉製成，經過許多不同的步驟處理，直到它形狀成條紋片，然後形成正確的形狀，切割和打磨鑽石。 ? 筆尺寸為 5.25 英吋(約 13.3 公分)，蓋子固定在筆末端，重量為 6.1 盎司(約 15.4 公分)，不含墨水。 可輕鬆裝滿 Pelikan 4001 或 Edelstein 瓶裝墨水。', 'pelikan_072-1.jpg', '2023-03-13 00:00:00', '2022-12-04 00:00:00', 1),
(73, 'Pelikan 百利金 Souveran M600 F尖 鋼筆', 1, 12600, 'Pelikan Souveran M600 鋼筆，細筆尖，黑色/綠色，是德國製造精細書寫的真正經典。 採用 1929 年推出的第一款與眾不同的活塞機制。 桶子採用原材料棉製成，經過許多不同的步驟處理，直到它形狀成條紋片，然後形成正確的形狀，切割和打磨鑽石。 ? 筆尺寸為 5.25 英吋(約 13.3 公分)，蓋子固定在筆末端，重量為 6.1 盎司(約 15.4 公分)，不含墨水。 可輕鬆裝滿 Pelikan 4001 或 Edelstein 瓶裝墨水。', 'pelikan_073-1.jpg', '2023-03-30 00:00:00', '2022-07-24 00:00:00', 1),
(74, 'Pelikan 百利金 Souveran M600 B尖 鋼筆', 1, 12600, '鑽石地面。 手工製作，精細雕刻 14 克拉金筆尖，鍍銠裝飾。 墨水手柄處鍍金雙環。 正面小裝飾環。 經典柱塞機制。 顏色:黑色、綠色、黑色 / 藍色、黑色 / 紅色、黑色 其他資訊:Pelikan 正品 請放心向授權主要經銷商購買。 品質保證。 保固:3 年機械保固。', 'pelikan_074-1.jpg', '2024-03-19 00:00:00', '2022-07-29 00:00:00', 1),
(75, 'Pelikan 百利金 Souveran M600 M尖 鋼筆', 1, 12600, '鑽石地面。 手工製作，精細雕刻 14 克拉金筆尖，鍍銠裝飾。 墨水手柄處鍍金雙環。 正面小裝飾環。 經典柱塞機制。 顏色:黑色、綠色、黑色 / 藍色、黑色 / 紅色、黑色 其他資訊:Pelikan 正品 請放心向授權主要經銷商購買。 品質保證。 保固:3 年機械保固。', 'pelikan_075-1.jpg', '2023-11-27 00:00:00', '2022-09-03 00:00:00', 1),
(76, 'Pelikan 百利金 Souveran M600 F尖 鋼筆', 1, 12600, '鑽石地面。 手工製作，精細雕刻 14 克拉金筆尖，鍍銠裝飾。 墨水手柄處鍍金雙環。 正面小裝飾環。 經典柱塞機制。 顏色:黑色、綠色、黑色 / 藍色、黑色 / 紅色、黑色 其他資訊:Pelikan 正品 請放心向授權主要經銷商購買。 品質保證。 保固:3 年機械保固。', 'pelikan_076-1.jpg', '2024-03-06 00:00:00', '2022-09-05 00:00:00', 1),
(77, 'Pelikan 百利金 Souveran M400 鋼筆', 1, 10920, 'Pelikan Souveran M400 鋼筆，超細筆尖，黑色，1 支，是德國製造精細書寫的真正經典。 採用 1929 年推出的第一款與眾不同的活塞機制。 桶子採用原材料棉製成，經過許多不同的步驟處理，直到它形狀成條紋片，然後形成正確的形狀，切割和打磨鑽石。 ? 筆尺寸為 5 英吋(約 12.5 公分)，筆蓋固定在筆末端，重量為 15.3 克，不含墨水。 可輕鬆裝滿 Pelikan 4001 或 Edelstein 瓶裝墨水。', 'pelikan_077-1.jpg', '2023-12-28 00:00:00', '2022-08-18 00:00:00', 1),
(78, 'Pelikan 百利金 Souveran M400 鋼筆', 1, 10920, 'Pelikan Souveran M400 鋼筆，超細筆尖，黑色，1 支，是德國製造精細書寫的真正經典。 採用 1929 年推出的第一款與眾不同的活塞機制。 桶子採用原材料棉製成，經過許多不同的步驟處理，直到它形狀成條紋片，然後形成正確的形狀，切割和打磨鑽石。 ? 筆尺寸為 5 英吋(約 12.5 公分)，筆蓋固定在筆末端，重量為 15.3 克，不含墨水。 可輕鬆裝滿 Pelikan 4001 或 Edelstein 瓶裝墨水。', 'pelikan_078-1.jpg', '2024-02-07 00:00:00', '2022-08-11 00:00:00', 1),
(79, 'Pelikan 百利金 Souveran M400 鋼筆', 1, 10920, 'Pelikan Souveran M400 鋼筆，超細筆尖，黑色/藍色，1 支是德國製造精細書寫的真正經典。 採用 1929 年推出的第一款與眾不同的活塞機制。 桶子採用原材料棉製成，經過許多不同的步驟處理，直到它形狀成條紋片，然後形成正確的形狀，切割和打磨鑽石。 ? 筆尺寸為 5 英吋(約 12.5 公分)，筆蓋固定在筆末端，重量為 15.3 克，不含墨水。 可輕鬆裝滿 Pelikan 4001 或 Edelstein 瓶裝墨水。', 'pelikan_079-1.jpg', '2023-02-09 00:00:00', '2022-08-07 00:00:00', 1),
(80, 'Pelikan 百利金 Souveran M400 鋼筆', 1, 10920, 'Pelikan Souveran M400 鋼筆，超細筆尖，黑色/藍色，1 支是德國製造精細書寫的真正經典。 採用 1929 年推出的第一款與眾不同的活塞機制。 桶子採用原材料棉製成，經過許多不同的步驟處理，直到它形狀成條紋片，然後形成正確的形狀，切割和打磨鑽石。 ? 筆尺寸為 5 英吋(約 12.5 公分)，筆蓋固定在筆末端，重量為 15.3 克，不含墨水。 可輕鬆裝滿 Pelikan 4001 或 Edelstein 瓶裝墨水。', 'pelikan_080-1.jpg', '2023-03-08 00:00:00', '2022-11-28 00:00:00', 1),
(81, 'Pelikan 百利金 Souveran 805 Stresemann Fine Point M尖', 1, 15120, 'The foreign minister of the Weimar Republic， Gustav Stresemann (1879 - 1929)， had an impressive political career. He also became famous for the creation of a new kind of suit with stripes. He liked to wear suits with thin stripes and as life sometimes goes， a legend developed. Soon there after， people around the world called striped fountain pens， \"Stresemann\".; To officially acknowledge and honor his legend， Pelikan has now named the latest addition， the Souveran with elegant stripes in anthracite， the \"Stresemann\". ; Stresemann Features:; Anthracite stripes made of cellulose acetate on barrel Palladium plated clip and rings Hand-crafted finely engraved 18K gold nib available in extra-fine， fine medium or broad nib sizes. Delivered in a beautiful Pelikan gift box The Souveran 805 has an oversized body for those who enjoy a substantial pen.', 'pelikan_081-1.jpg', '2024-03-10 00:00:00', '2022-11-23 00:00:00', 1),
(82, 'Pelikan 百利金 Souveran 805 Stresemann Fine Point F尖', 1, 15120, 'The foreign minister of the Weimar Republic， Gustav Stresemann (1879 - 1929)， had an impressive political career. He also became famous for the creation of a new kind of suit with stripes. He liked to wear suits with thin stripes and as life sometimes goes， a legend developed. Soon there after， people around the world called striped fountain pens， \"Stresemann\".; To officially acknowledge and honor his legend， Pelikan has now named the latest addition， the Souveran with elegant stripes in anthracite， the \"Stresemann\". ; Stresemann Features:; Anthracite stripes made of cellulose acetate on barrel Palladium plated clip and rings Hand-crafted finely engraved 18K gold nib available in extra-fine， fine medium or broad nib sizes. Delivered in a beautiful Pelikan gift box The Souveran 805 has an oversized body for those who enjoy a substantial pen.', 'pelikan_082-1.jpg', '2024-03-05 00:00:00', '2022-10-03 00:00:00', 1),
(83, 'Pelikan 百利金 Souveran M605 Stresemann Anthracite Stripes B尖', 1, 12600, 'Pelikan Souveran M605 Stresemann Anthracite Stripes Fountain Pen， Extra-Fine Nib， Black， 1 Each is a true classic in fine writing made in Germany dedicated to the foreign minister of the German Weimarer Republic， Gustav Stresemann， who also became famous for the creation of a new kind of suit. The elegant piston fountain pen is equipped with an 18-carat gold nib which is completely covered by rhodium to obtain a silver sheen. The barrel with the deceptively simple anthracite stripes is made of cellulose acetate， using a traditional process that is extremely work-intensive but gives this series its elegant character. Pen measures 13.3 cm with closed cap and weighs 16.4 grams. Easy to fill with no-mess Pelikan 4001 or Edelstein bottled ink.', 'pelikan_083-1.jpg', '2024-02-21 00:00:00', '2022-06-30 00:00:00', 1),
(84, 'Pelikan 百利金 Souveran M605 Stresemann Anthracite Stripes M尖', 1, 12600, 'Pelikan Souveran M605 Stresemann Anthracite Stripes Fountain Pen， Extra-Fine Nib， Black， 1 Each is a true classic in fine writing made in Germany dedicated to the foreign minister of the German Weimarer Republic， Gustav Stresemann， who also became famous for the creation of a new kind of suit. The elegant piston fountain pen is equipped with an 18-carat gold nib which is completely covered by rhodium to obtain a silver sheen. The barrel with the deceptively simple anthracite stripes is made of cellulose acetate， using a traditional process that is extremely work-intensive but gives this series its elegant character. Pen measures 13.3 cm with closed cap and weighs 16.4 grams. Easy to fill with no-mess Pelikan 4001 or Edelstein bottled ink.', 'pelikan_084-1.jpg', '2023-11-18 00:00:00', '2022-11-03 00:00:00', 1),
(85, 'Pelikan 百利金 Souveran M605 Stresemann Anthracite Stripes F尖', 1, 12600, 'Pelikan Souveran M605 Stresemann Anthracite Stripes Fountain Pen， Extra-Fine Nib， Black， 1 Each is a true classic in fine writing made in Germany dedicated to the foreign minister of the German Weimarer Republic， Gustav Stresemann， who also became famous for the creation of a new kind of suit. The elegant piston fountain pen is equipped with an 18-carat gold nib which is completely covered by rhodium to obtain a silver sheen. The barrel with the deceptively simple anthracite stripes is made of cellulose acetate， using a traditional process that is extremely work-intensive but gives this series its elegant character. Pen measures 13.3 cm with closed cap and weighs 16.4 grams. Easy to fill with no-mess Pelikan 4001 or Edelstein bottled ink.', 'pelikan_085-1.jpg', '2023-02-11 00:00:00', '2022-10-10 00:00:00', 1),
(86, 'Pelikan 百利金 M450 14K M尖 鋼筆', 1, 13920, '魏瑪共和國外交部長古斯塔夫•施德萊斯曼Stresemann (1879-1929)與他的法籍同事\n\n阿里斯蒂德•白里安在第一次世界大戰後負責調解國際間的工作受到認可，\n於1926年共同獲得諾貝爾和平獎。\n\n除了他令人印象深刻的政治生涯，施德萊斯曼也以他的新款式的西裝而聞名，\n\n這西裝可以讓他在辦公室穿著時感到舒適而且足以用來出席正式的場合，\n\n施德萊斯曼喜歡穿著細線條的西裝，隨著時間的過往，因此變成傳奇，\n\n突然之間人們以“施德萊斯曼Stresemann”來稱呼百利金的線條鋼筆\n\n—當時百利金正開始成功的往全球發售。\n\n直到今日不論是西裝或是百利金精筆仍使用這個名稱。\n\n為了正式承認和表彰這個傳說，\n\n百利金將最新的一款筆列入標準的帝王系列，帶有優雅煤灰色線條的施德萊斯曼。\n\n筆桿看似簡單的煤灰色線條以醋酸纖維層板製成，使用傳統且極需勞力密集的處理方式。\n\n黑色旋鈕使用高品質樹脂。\n\n筆夾和箍環鍍上鈀金。\n\n金尖被鍍上銠金以呈現銀色光澤。\n\n每支書寫工具皆以手工安裝且仔細檢查以滿足最嚴格的品質標準。', 'pelikan_086-1.jpg', '2023-11-14 00:00:00', '2022-12-07 00:00:00', 1),
(87, 'Pelikan 百利金 M450 14K F尖 鋼筆', 1, 13920, '魏瑪共和國外交部長古斯塔夫•施德萊斯曼Stresemann (1879-1929)與他的法籍同事\n\n阿里斯蒂德•白里安在第一次世界大戰後負責調解國際間的工作受到認可，\n\n於1926年共同獲得諾貝爾和平獎。\n\n除了他令人印象深刻的政治生涯，施德萊斯曼也以他的新款式的西裝而聞名，\n\n這西裝可以讓他在辦公室穿著時感到舒適而且足以用來出席正式的場合，\n\n施德萊斯曼喜歡穿著細線條的西裝，隨著時間的過往，因此變成傳奇，\n\n突然之間人們以“施德萊斯曼Stresemann”來稱呼百利金的線條鋼筆\n\n—當時百利金正開始成功的往全球發售。\n\n直到今日不論是西裝或是百利金精筆仍使用這個名稱。\n\n為了正式承認和表彰這個傳說，\n\n百利金將最新的一款筆列入標準的帝王系列，帶有優雅煤灰色線條的施德萊斯曼。\n\n筆桿看似簡單的煤灰色線條以醋酸纖維層板製成，使用傳統且極需勞力密集的處理方式。\n\n黑色旋鈕使用高品質樹脂。\n\n筆夾和箍環鍍上鈀金。\n\n金尖被鍍上銠金以呈現銀色光澤。\n\n每支書寫工具皆以手工安裝且仔細檢查以滿足最嚴格的品質標準。', 'pelikan_087-1.jpg', '2024-02-25 00:00:00', '2022-12-20 00:00:00', 1),
(88, 'Pelikan 百利金 Pura P40鋼筆', 1, 13920, 'Pelikan Pura P40 Fountain Pen， Broad Nib， Black/Silver， 1 Each combines modern elegance with reliable functionality. By combining shiny and frosted surfaces， an interesting contrast between bright silver and classic blue has been created. Works with a practical cartridge refill system and Pelikan cartridges are recommended. Pen length is 13.8 cm and weighs 35 grams. Made in Germany.', 'pelikan_088-1.jpg', '2023-02-25 00:00:00', '2022-08-27 00:00:00', 1),
(89, 'Pelikan 百利金 Pura P40鋼筆', 1, 13920, 'Pelikan Pura P40 Fountain Pen， Broad Nib， Black/Silver， 1 Each combines modern elegance with reliable functionality. By combining shiny and frosted surfaces， an interesting contrast between bright silver and classic blue has been created. Works with a practical cartridge refill system and Pelikan cartridges are recommended. Pen length is 13.8 cm and weighs 35 grams. Made in Germany.', 'pelikan_089-1.jpg', '2024-02-03 00:00:00', '2022-08-14 00:00:00', 1),
(90, 'Pelikan 百利金 Edelstein Moonstone M205 鋼筆', 1, 11250, 'Pelikan 特別版 Tradition M205 月光石鋼筆，超細筆尖，1 支，每支筆都有魔法灰色，提醒月光光線，一旦筆接觸到日光，就會閃閃發光。 德國製造，具有吸引力和表現力的書寫工具。 採用 1929 年推出的第一款差異活塞機制。 筆長度為 12.5 公分，重量為 14 克。 輕鬆填充，不會弄髒的 Pelikan Edelstein Moonstone 墨水或其他的 4001 和 Edelstein 墨水(墨水另售)。', 'pelikan_090-1.jpg', '2023-01-24 00:00:00', '2022-08-03 00:00:00', 1),
(91, 'Pelikan 百利金 Edelstein Moonstone M205 鋼筆', 1, 11250, 'Pelikan 特別版 Tradition M205 月光石鋼筆，超細筆尖，1 支，每支筆都有魔法灰色，提醒月光光線，一旦筆接觸到日光，就會閃閃發光。 德國製造，具有吸引力和表現力的書寫工具。 採用 1929 年推出的第一款差異活塞機制。 筆長度為 12.5 公分，重量為 14 克。 輕鬆填充，不會弄髒的 Pelikan Edelstein Moonstone 墨水或其他的 4001 和 Edelstein 墨水(墨水另售)。', 'pelikan_091-1.jpg', '2023-11-10 00:00:00', '2022-10-11 00:00:00', 1),
(92, 'Pelikan 百利金 Tradition M200 Pastel Green M尖 鋼筆', 1, 3637, 'Pelikan Tradition M200 Pastel Green Fountain Pen， Fine Nib， is a true classic in fine writing. Precise writing instrument for attractive and expressive handwriting is made in Germany. Features the first differentiated piston mechanism introduced in 1929. Pen length is 12.5 cm and weighs 14 grams. Easy to fill with no-mess matching Pelikan Edelstein or 4001 ink. Made in Germany.', 'pelikan_092-1.jpg', '2023-11-17 00:00:00', '2022-09-22 00:00:00', 1),
(93, 'Pelikan 百利金 Tradition M200 Pastel Green F尖 鋼筆', 1, 3637, 'Pelikan Tradition M200 Pastel Green Fountain Pen， Fine Nib， is a true classic in fine writing. Precise writing instrument for attractive and expressive handwriting is made in Germany. Features the first differentiated piston mechanism introduced in 1929. Pen length is 12.5 cm and weighs 14 grams. Easy to fill with no-mess matching Pelikan Edelstein or 4001 ink. Made in Germany.', 'pelikan_093-1.jpg', '2023-03-17 00:00:00', '2022-11-10 00:00:00', 1),
(94, 'Pelikan 百利金 Souveran M200 M尖 鋼筆', 1, 3637, 'Pelikan 的暢銷書，這款系列的書寫工具在世界各地都廣為人知。 筆筒和蓋子由黑色和綠色的高品質樹脂製成。 ? 這款筆具有獨特的外觀，其綠色色調類似大理石。 ? 採用無菸煤墨水檢視窗和 24 克拉鍍金裝飾環。 獨特的 Pelikan 設計由喙夾和 Pelikan 標誌在帽子頂部。 這款筆配有可靠的活塞填充機制。 筆尖提供不同尺寸。', 'pelikan_094-1.jpg', '2023-01-10 00:00:00', '2022-11-25 00:00:00', 1),
(95, 'Pelikan 百利金 Souveran M200 F尖 鋼筆', 1, 3637, 'Pelikan 的暢銷書，這款系列的書寫工具在世界各地都廣為人知。 筆筒和蓋子由黑色和綠色的高品質樹脂製成。 ? 這款筆具有獨特的外觀，其綠色色調類似大理石。 ? 採用無菸煤墨水檢視窗和 24 克拉鍍金裝飾環。 獨特的 Pelikan 設計由喙夾和 Pelikan 標誌在帽子頂部。 這款筆配有可靠的活塞填充機制。 筆尖提供不同尺寸。', 'pelikan_095-1.jpg', '2024-03-18 00:00:00', '2022-10-22 00:00:00', 1),
(96, 'Pelikan 百利金 Tradition M205 Blue Marble M尖 鋼筆', 1, 3637, 'Pelikan Tradition M205 Blue Marble Fountain Pen， Fine Nib， is a true classic in fine writing made in Germany. Intense color in mixed shades of bright blue. Strong and flexible silver clip underlines the classic line in an elegant way. Pen length is 13.3 cm and weighs 16 grams. Using Pelikan refills are highly recommended.', 'pelikan_096-1.jpg', '2023-11-26 00:00:00', '2022-12-17 00:00:00', 1),
(97, 'Pelikan 百利金 Tradition M205 Blue Marble F尖 鋼筆', 1, 3637, 'Pelikan Tradition M205 Blue Marble Fountain Pen， Fine Nib， is a true classic in fine writing made in Germany. Intense color in mixed shades of bright blue. Strong and flexible silver clip underlines the classic line in an elegant way. Pen length is 13.3 cm and weighs 16 grams. Using Pelikan refills are highly recommended.', 'pelikan_097-1.jpg', '2023-12-21 00:00:00', '2022-06-13 00:00:00', 1),
(98, 'Pelikan 百利金 SOUVERAN 600 Art Collection M尖 鋼筆', 1, 20000, 'A piece of Pelikan’s history finds its way into the hearts and hands of collectors and enthusiasts of Pelikan writing instruments through the Art Collection.', 'pelikan_098-1.jpg', '2023-11-11 00:00:00', '2022-09-02 00:00:00', 1),
(99, 'Pelikan 百利金 SOUVERAN 600 Art Collection F尖 鋼筆', 1, 20000, 'A piece of Pelikan’s history finds its way into the hearts and hands of collectors and enthusiasts of Pelikan writing instruments through the Art Collection.', 'pelikan_099-1.jpg', '2023-04-01 00:00:00', '2022-10-26 00:00:00', 1),
(100, 'Pelikan 百利金 dragon M尖 鋼筆', 1, 1800, 'Pelikano Dragon 鋼筆是真正的經典，但又煥然一新。它結合了休閒優雅和獨特的設計。 ', 'pelikan_100-1.jpg', '2023-03-19 00:00:00', '2022-09-26 00:00:00', 1),
(101, 'Pelikan 百利金 dragon F尖 鋼筆', 1, 1800, 'Pelikano Dragon 鋼筆是真正的經典，但又煥然一新。它結合了休閒優雅和獨特的設計。 ', 'pelikan_101-1.jpg', '2024-03-09 00:00:00', '2022-06-03 00:00:00', 1),
(102, 'Pelikan 百利金 Up Ice Blue M尖', 1, 1800, 'Pelikano Up - upgrade your handwriting! High-quality， aluminium metal fountain pen with attractive clip design. With soft grip for fatigue-free writing. Left and right handed models available. Made in Germany.', 'pelikan_102-1.jpg', '2023-12-10 00:00:00', '2022-08-21 00:00:00', 1),
(103, 'Pelikan 百利金 Up Ice Blue F尖', 1, 1800, 'Pelikano Up - upgrade your handwriting! High-quality， aluminium metal fountain pen with attractive clip design. With soft grip for fatigue-free writing. Left and right handed models available. Made in Germany.', 'pelikan_103-1.jpg', '2023-03-23 00:00:00', '2022-07-05 00:00:00', 1),
(104, 'Pelikan 百利金 Premium M1000 M尖 鋼筆', 1, 21000, '百利金 M1000 於 1998 年推出，是百利金頂級 Souveran 標準生產高級鋼筆系列中最大的鋼筆，也是當今最大的生產鋼筆之一。M1000 在筆蓋和筆桿端部配備了雙鍍金帶，在握把部分的前部配備了一根鍍金帶，以及標誌性的鵜鶘喙夾。Souveran M1000 僅作為瓶裝鋼筆提供，採用實心黃銅差動活塞上墨機構，為活塞上墨器的平滑度設定了標準。', 'pelikan_104-1.jpg', '2023-11-30 00:00:00', '2022-08-25 00:00:00', 1),
(105, 'Pelikan 百利金 Premium M1000 F尖 鋼筆', 1, 21000, '百利金 M1000 於 1998 年推出，是百利金頂級 Souveran 標準生產高級鋼筆系列中最大的鋼筆，也是當今最大的生產鋼筆之一。M1000 在筆蓋和筆桿端部配備了雙鍍金帶，在握把部分的前部配備了一根鍍金帶，以及標誌性的鵜鶘喙夾。Souveran M1000 僅作為瓶裝鋼筆提供，採用實心黃銅差動活塞上墨機構，為活塞上墨器的平滑度設定了標準。', 'pelikan_105-1.jpg', '2023-12-20 00:00:00', '2022-09-07 00:00:00', 1),
(106, 'WATERMAN 威迪文 雅律系列 鋼桿 F尖 鋼筆', 1, 1400, 'ALLURE\n \n ◆法式優雅 書寫風情◆\n \n 雅律\n \n 威迪文全新系列上市\n \n 筆身材質：黃銅/不鏽鋼\n \n 筆尖材質：不鏽鋼\n \n 書寫粗細：F尖\n \n 原產國：法國\n \n 附原廠卡水*1、吸墨器*1。\n \n 贈原廠手提袋*1。\n \n \n \n WATERMAN雅律筆系\n \n 標誌性筆夾，充滿浪漫風情。獨特鏤空設計，與現代建築中的造型呼應，設計優雅別緻。\n \n 精細不鏽鋼筆尖，百年工藝萬世一系，提供出色的書寫體驗。\n \n 質感金屬筆身，筆身噴漆/鍍鉻處理，手感舒適，優雅渾然天成。\n \n \n \n 威迪文，書寫你的品味。\n \n 生活在細節之中，\n \n 所用的每一件物品都是自我表達的工具。\n \n 對筆和書寫有著獨特需求，\n \n 他不僅僅是工具，更是每日必備的好夥伴。\n \n \n \n 退換貨須知：\n \n 商品一經上墨、上卡水，恕無法退換貨。\n \n 欲試寫請以筆尖沾清水使用。', 'WATERMAN_106-1.jpg', '2024-03-23 00:00:00', '2022-12-29 00:00:00', 1),
(107, 'WATERMAN 威迪文 雅律系列 藍色 F尖 鋼筆', 1, 1400, 'ALLURE\n \n WATERMAN雅律筆系\n \n 標誌性筆夾，充滿浪漫風情。獨特鏤空設計，與現代建築中的造型呼應，設計優雅別緻。\n \n 精細不鏽鋼筆尖，百年工藝萬世一系，提供出色的書寫體驗。\n \n 質感金屬筆身，筆身噴漆/鍍鉻處理，手感舒適，優雅渾然天成。\n \n 威迪文，書寫你的品味。\n \n 生活在細節之中，\n \n 所用的每一件物品都是自我表達的工具。\n \n 對筆和書寫有著獨特需求，\n \n 他不僅僅是工具，更是每日必備的好夥伴。\n', 'WATERMAN_107-1.jpg', '2023-11-24 00:00:00', '2022-07-22 00:00:00', 1),
(108, 'WATERMAN 威迪文 雅律系列 黑色 F尖 鋼筆', 1, 1400, 'ALLURE\n \n WATERMAN雅律筆系\n \n 標誌性筆夾，充滿浪漫風情。獨特鏤空設計，與現代建築中的造型呼應，設計優雅別緻。\n \n 精細不鏽鋼筆尖，百年工藝萬世一系，提供出色的書寫體驗。\n \n 質感金屬筆身，筆身噴漆/鍍鉻處理，手感舒適，優雅渾然天成。\n \n \n \n 威迪文，書寫你的品味。\n \n 生活在細節之中，\n \n 所用的每一件物品都是自我表達的工具。\n \n 對筆和書寫有著獨特需求，\n \n 他不僅僅是工具，更是每日必備的好夥伴。', 'WATERMAN_108-1.jpg', '2024-04-10 00:00:00', '2022-06-09 00:00:00', 1),
(109, 'WATERMAN 威迪文 巴黎魅影系列 黑色 F尖 鋼筆', 1, 1800, '法國原裝製造 現代豪華設計\n \n 筆尖刻有獨特埃菲爾鐵塔雋刻\n\n \n 標誌性筆夾，充滿浪漫風情。獨特鏤空設計，與現代建築中的造型呼應，設計優雅別緻。\n \n 精細不鏽鋼筆尖，百年工藝萬世一系，提供出色的書寫體驗。\n \n 質感金屬筆身，筆身噴漆/鍍鉻處理，手感舒適，優雅渾然天成。\n \n \n \n 威迪文，書寫你的品味。\n \n 生活在細節之中，\n \n 所用的每一件物品都是自我表達的工具。\n \n 對筆和書寫有著獨特需求，\n \n 他不僅僅是工具，更是每日必備的好夥伴。', 'WATERMAN_109-1.jpg', '2023-01-13 00:00:00', '2022-12-02 00:00:00', 1),
(110, 'WATERMAN 威迪文 巴黎魅影系列 紅色 F尖 鋼筆', 1, 1800, '標誌性筆夾，充滿浪漫風情。獨特鏤空設計，與現代建築中的造型呼應，設計優雅別緻。\n \n 精細不鏽鋼筆尖，百年工藝萬世一系，提供出色的書寫體驗。\n \n 質感金屬筆身，筆身噴漆/鍍鉻處理，手感舒適，優雅渾然天成。\n \n \n \n 威迪文，書寫你的品味。\n \n 生活在細節之中，\n \n 所用的每一件物品都是自我表達的工具。\n \n 對筆和書寫有著獨特需求，\n \n 他不僅僅是工具，更是每日必備的好夥伴。', 'WATERMAN_110-1.jpg', '2024-02-06 00:00:00', '2022-07-10 00:00:00', 1),
(111, 'WATERMAN 威迪文 雋雅21系列 鋼蓋黑桿 F尖 鋼筆', 1, 3300, 'HEMISPHERE\n \n ◆Slim perfection◆\n \n 雋雅\n \n 完美的苗條\n \n WATERMAN雋雅筆系已反映出法國世襲手工藝犀利精緻形象、鞏固有傳統形象和工藝技術製法設計，更具WATERMAN代表形象筆款耐用、美觀、價值是WATERMAN雋雅筆系最大特色。筆身以鮮豔琺瑯材質、加上堅實全銅材質構造、雋雅筆系是一支事業暨休閒兼顧、您完美的選擇之一。\n \n \n \n 贈品：原廠吸墨器、原廠手提袋。\n \n \n \n 退換貨須知：\n \n 商品一經上墨、上卡水，恕無法退換貨。\n \n 欲試寫請以筆尖沾清水使用。', 'WATERMAN_111-1.jpg', '2023-01-20 00:00:00', '2022-08-19 00:00:00', 1),
(112, 'WATERMAN 威迪文 雋雅21系列 鋼蓋藍桿 F尖 鋼筆', 1, 3300, 'HEMISPHERE\n \n ◆Slim perfection◆\n \n 雋雅\n \n 完美的苗條\n \n WATERMAN雋雅筆系已反映出法國世襲手工藝犀利精緻形象、鞏固有傳統形象和工藝技術製法設計，更具WATERMAN代表形象筆款耐用、美觀、價值是WATERMAN雋雅筆系最大特色。筆身以鮮豔琺瑯材質、加上堅實全銅材質構造、雋雅筆系是一支事業暨休閒兼顧、您完美的選擇之一。\n \n \n \n 贈品：原廠吸墨器、原廠手提袋。\n \n \n \n 退換貨須知：\n \n 商品一經上墨、上卡水，恕無法退換貨。\n \n 欲試寫請以筆尖沾清水使用。', 'WATERMAN_112-1.jpg', '2023-02-26 00:00:00', '2022-11-17 00:00:00', 1),
(113, 'WATERMAN 威迪文 雋雅21系列 鋼蓋紅桿 F尖 鋼筆', 1, 3300, 'HEMISPHERE\n \n ◆Slim perfection◆\n \n 雋雅\n \n 完美的苗條\n \n WATERMAN雋雅筆系已反映出法國世襲手工藝犀利精緻形象、鞏固有傳統形象和工藝技術製法設計，更具WATERMAN代表形象筆款耐用、美觀、價值是WATERMAN雋雅筆系最大特色。筆身以鮮豔琺瑯材質、加上堅實全銅材質構造、雋雅筆系是一支事業暨休閒兼顧、您完美的選擇之一。\n \n \n \n 贈品：原廠吸墨器、原廠手提袋。\n \n \n \n 退換貨須知：\n \n 商品一經上墨、上卡水，恕無法退換貨。\n \n 欲試寫請以筆尖沾清水使用。', 'WATERMAN_113-1.jpg', '2023-01-09 00:00:00', '2022-07-16 00:00:00', 1),
(114, 'WATERMAN 威迪文 雋雅系列 麗雅黑金夾 F尖 鋼筆', 1, 5000, 'HEMISPHERE\n \n ◆Slim perfection◆\n \n 雋雅\n \n 完美的苗條\n \n WATERMAN雋雅筆系已反映出法國世襲手工藝犀利精緻形象、鞏固有傳統形象和工藝技術製法設計，更具WATERMAN代表形象筆款耐用、美觀、價值是WATERMAN雋雅筆系最大特色。筆身以鮮豔琺瑯材質、加上堅實全銅材質構造、雋雅筆系是一支事業暨休閒兼顧、您完美的選擇之一。\n \n \n \n 贈品：原廠吸墨器、原廠手提袋。\n \n \n \n 退換貨須知：\n \n 商品一經上墨、上卡水，恕無法退換貨。\n \n 欲試寫請以筆尖沾清水使用。', 'WATERMAN_114-1.jpg', '2023-04-03 00:00:00', '2022-09-25 00:00:00', 1),
(115, 'WATERMAN 威迪文 雋雅系列 珊瑚粉 F尖 鋼筆', 1, 5000, 'HEMISPHERE\n \n ◆Slim perfection◆\n \n 雋雅\n \n 完美的苗條\n \n WATERMAN雋雅筆系已反映出法國世襲手工藝犀利精緻形象、鞏固有傳統形象和工藝技術製法設計，更具WATERMAN代表形象筆款耐用、美觀、價值是WATERMAN雋雅筆系最大特色。筆身以鮮豔琺瑯材質、加上堅實全銅材質構造、雋雅筆系是一支事業暨休閒兼顧、您完美的選擇之一。\n \n \n \n 贈品：原廠吸墨器、原廠手提袋。\n \n \n \n 退換貨須知：\n \n 商品一經上墨、上卡水，恕無法退換貨。\n \n 欲試寫請以筆尖沾清水使用。', 'WATERMAN_115-1.jpg', '2023-03-31 00:00:00', '2022-12-22 00:00:00', 1),
(116, 'WATERMAN 威迪文 雋雅系列 寶石藍 F尖 鋼筆', 1, 5000, 'HEMISPHERE\n \n ◆Slim perfection◆\n \n 雋雅\n \n 完美的苗條\n \n WATERMAN雋雅筆系已反映出法國世襲手工藝犀利精緻形象、鞏固有傳統形象和工藝技術製法設計，更具WATERMAN代表形象筆款耐用、美觀、價值是WATERMAN雋雅筆系最大特色。筆身以鮮豔琺瑯材質、加上堅實全銅材質構造、雋雅筆系是一支事業暨休閒兼顧、您完美的選擇之一。\n \n \n \n 贈品：原廠吸墨器、原廠手提袋。\n \n \n \n 退換貨須知：\n \n 商品一經上墨、上卡水，恕無法退換貨。\n \n 欲試寫請以筆尖沾清水使用。', 'WATERMAN_116-1.jpg', '2024-02-10 00:00:00', '2022-09-06 00:00:00', 1),
(117, 'WATERMAN 威迪文 雋雅系列 × HELLO KITTY 45週年 聯名紀念款 粉色 F尖 鋼筆', 1, 5000, 'HEMISPHERE\n \n ◆Slim perfection◆\n \n 雋雅\n \n 完美的苗條\n \n WATERMAN雋雅筆系已反映出法國世襲手工藝犀利精緻形象、鞏固有傳統形象和工藝技術製法設計，更具WATERMAN代表形象筆款耐用、美觀、價值是WATERMAN雋雅筆系最大特色。筆身以鮮豔琺瑯材質、加上堅實全銅材質構造、雋雅筆系是一支事業暨休閒兼顧、您完美的選擇之一。\n \n \n \n 贈品：原廠吸墨器、原廠手提袋。\n \n \n \n 退換貨須知：\n \n 商品一經上墨、上卡水，恕無法退換貨。\n \n 欲試寫請以筆尖沾清水使用。', 'WATERMAN_117-1.jpg', '2023-01-23 00:00:00', '2022-12-01 00:00:00', 1),
(118, 'WATERMAN 威迪文 雋雅系列 × HELLO KITTY 45週年 聯名紀念款 白色 F尖 鋼筆', 1, 5000, 'HEMISPHERE\n \n ◆Slim perfection◆\n \n 雋雅\n \n 完美的苗條\n \n WATERMAN雋雅筆系已反映出法國世襲手工藝犀利精緻形象、鞏固有傳統形象和工藝技術製法設計，更具WATERMAN代表形象筆款耐用、美觀、價值是WATERMAN雋雅筆系最大特色。筆身以鮮豔琺瑯材質、加上堅實全銅材質構造、雋雅筆系是一支事業暨休閒兼顧、您完美的選擇之一。\n \n \n \n 贈品：原廠吸墨器、原廠手提袋。\n \n \n \n 退換貨須知：\n \n 商品一經上墨、上卡水，恕無法退換貨。\n \n 欲試寫請以筆尖沾清水使用。', 'WATERMAN_118-1.jpg', '2024-03-16 00:00:00', '2022-08-04 00:00:00', 1),
(119, 'PARKER 派克 精英系列 麗雅黑白夾 鋼筆', 1, 10500, '精英系列的精緻和高級造型滿足商務人士的需求，注重細節，確保完美。\n 筆帽和筆身的奢華漆面外觀，以及大氣的筆尖尺寸，激勵您締造成功。\n 派克精英系列手感精緻，精心鐫刻的外殼和令人放心的重量提供極致的觸感體驗。\n 精英系列均為精心手工製作，提供真正卓越、自信的書寫體驗。\n 派克精英系列裝在精美的禮盒中，是一份可以滿足成功、自信人士的理想禮物。\n \n \n 精英系列\n 派克精英系列的堅毅造型滿足各領域大師的需求，他們注重細節，確保追求目標。其精緻的設計特點和令人放心的重量與握持感提供真正卓越的書寫體驗。派克精英系列-締造成功。\n \n 派克精英系列將自信融入其設計，精緻的造型和奢華的外觀滿足各領域大師的苛刻需求，注重每一個可能的細節，追求完美近乎苛求。因此，派克精英系列其精緻的細節和平衡設計的重量為真正卓越的書寫體驗提供極高的精確度，讓您走在成功的道路上。\n \n 派克品牌——更加自由的思想\n 喬治·派克(George Parker)相信孜孜不輟，總能製出更好的筆。正是這一信念激勵著派克先生在1888年申請了首支不漏墨墨水筆專利，也是這一理念激發著今日的派克製造拔萃之作。\n 標誌性細節如箭型筆夾和手工精心製作、刻印經典圖案的筆尖，沿襲派克傳統工藝，揉和名匠心血。派克相信精細製作的工具將能助人研精覃思。這種對品質的不懈追求使派克品牌成為了精美書寫的代名詞。\n \n 品牌介紹\n 憑藉多年的經驗和創新，派克對品質的專注確保了每支筆在重要的時候都能提供優質的書寫體驗。若您需要更豐富的思維源泉、更完滿的定稿、更自由的思路，您需要的不僅是一支筆，您需要的是派克筆。\n \n 贈品：原廠吸墨器、原廠手提袋。\n \n 保固範圍：新品瑕疵、非人為因素損壞。\n \n 退換貨須知：\n 商品一經上墨、上卡水，恕無法退換貨。\n 欲試寫請以筆尖沾清水使用。', 'PARKER_119-1.jpg', '2023-12-12 00:00:00', '2022-12-21 00:00:00', 1),
(120, 'PARKER 派克 精英系列 麗雅黑金夾 鋼筆', 1, 10500, '精英系列的精緻和高級造型滿足商務人士的需求，注重細節，確保完美。\n 筆帽和筆身的奢華漆面外觀，以及大氣的筆尖尺寸，激勵您締造成功。\n 派克精英系列手感精緻，精心鐫刻的外殼和令人放心的重量提供極致的觸感體驗。\n 精英系列均為精心手工製作，提供真正卓越、自信的書寫體驗。\n 派克精英系列裝在精美的禮盒中，是一份可以滿足成功、自信人士的理想禮物。\n \n \n 精英系列\n 派克精英系列的堅毅造型滿足各領域大師的需求，他們注重細節，確保追求目標。其精緻的設計特點和令人放心的重量與握持感提供真正卓越的書寫體驗。派克精英系列-締造成功。\n \n 派克精英系列將自信融入其設計，精緻的造型和奢華的外觀滿足各領域大師的苛刻需求，注重每一個可能的細節，追求完美近乎苛求。因此，派克精英系列其精緻的細節和平衡設計的重量為真正卓越的書寫體驗提供極高的精確度，讓您走在成功的道路上。\n \n 派克品牌——更加自由的思想\n 喬治·派克(George Parker)相信孜孜不輟，總能製出更好的筆。正是這一信念激勵著派克先生在1888年申請了首支不漏墨墨水筆專利，也是這一理念激發著今日的派克製造拔萃之作。\n 標誌性細節如箭型筆夾和手工精心製作、刻印經典圖案的筆尖，沿襲派克傳統工藝，揉和名匠心血。派克相信精細製作的工具將能助人研精覃思。這種對品質的不懈追求使派克品牌成為了精美書寫的代名詞。\n \n 品牌介紹\n 憑藉多年的經驗和創新，派克對品質的專注確保了每支筆在重要的時候都能提供優質的書寫體驗。若您需要更豐富的思維源泉、更完滿的定稿、更自由的思路，您需要的不僅是一支筆，您需要的是派克筆。\n \n 贈品：原廠吸墨器、原廠手提袋。\n \n 保固範圍：新品瑕疵、非人為因素損壞。\n \n 退換貨須知：\n 商品一經上墨、上卡水，恕無法退換貨。\n 欲試寫請以筆尖沾清水使用。', 'PARKER_120-1.jpg', '2023-12-31 00:00:00', '2022-11-11 00:00:00', 1),
(121, 'PARKER 派克 精英系列 深海藍 鋼筆', 1, 10500, '精英系列的精緻和高級造型滿足商務人士的需求，注重細節，確保完美。\n 筆帽和筆身的奢華漆面外觀，以及大氣的筆尖尺寸，激勵您締造成功。\n 派克精英系列手感精緻，精心鐫刻的外殼和令人放心的重量提供極致的觸感體驗。\n 精英系列均為精心手工製作，提供真正卓越、自信的書寫體驗。\n 派克精英系列裝在精美的禮盒中，是一份可以滿足成功、自信人士的理想禮物。\n \n \n 精英系列\n 派克精英系列的堅毅造型滿足各領域大師的需求，他們注重細節，確保追求目標。其精緻的設計特點和令人放心的重量與握持感提供真正卓越的書寫體驗。派克精英系列-締造成功。\n \n 派克精英系列將自信融入其設計，精緻的造型和奢華的外觀滿足各領域大師的苛刻需求，注重每一個可能的細節，追求完美近乎苛求。因此，派克精英系列其精緻的細節和平衡設計的重量為真正卓越的書寫體驗提供極高的精確度，讓您走在成功的道路上。\n \n 派克品牌——更加自由的思想\n 喬治·派克(George Parker)相信孜孜不輟，總能製出更好的筆。正是這一信念激勵著派克先生在1888年申請了首支不漏墨墨水筆專利，也是這一理念激發著今日的派克製造拔萃之作。\n 標誌性細節如箭型筆夾和手工精心製作、刻印經典圖案的筆尖，沿襲派克傳統工藝，揉和名匠心血。派克相信精細製作的工具將能助人研精覃思。這種對品質的不懈追求使派克品牌成為了精美書寫的代名詞。\n \n 品牌介紹\n 憑藉多年的經驗和創新，派克對品質的專注確保了每支筆在重要的時候都能提供優質的書寫體驗。若您需要更豐富的思維源泉、更完滿的定稿、更自由的思路，您需要的不僅是一支筆，您需要的是派克筆。\n \n 贈品：原廠吸墨器、原廠手提袋。\n \n 保固範圍：新品瑕疵、非人為因素損壞。\n \n 退換貨須知：\n 商品一經上墨、上卡水，恕無法退換貨。\n 欲試寫請以筆尖沾清水使用。', 'PARKER_121-1.jpg', '2024-03-26 00:00:00', '2022-06-19 00:00:00', 1),
(122, 'PARKER 派克 精英系列 午夜黑 鋼筆', 1, 10500, '精英系列的精緻和高級造型滿足商務人士的需求，注重細節，確保完美。\n 筆帽和筆身的奢華漆面外觀，以及大氣的筆尖尺寸，激勵您締造成功。\n 派克精英系列手感精緻，精心鐫刻的外殼和令人放心的重量提供極致的觸感體驗。\n 精英系列均為精心手工製作，提供真正卓越、自信的書寫體驗。\n 派克精英系列裝在精美的禮盒中，是一份可以滿足成功、自信人士的理想禮物。\n \n \n 精英系列\n 派克精英系列的堅毅造型滿足各領域大師的需求，他們注重細節，確保追求目標。其精緻的設計特點和令人放心的重量與握持感提供真正卓越的書寫體驗。派克精英系列-締造成功。\n \n 派克精英系列將自信融入其設計，精緻的造型和奢華的外觀滿足各領域大師的苛刻需求，注重每一個可能的細節，追求完美近乎苛求。因此，派克精英系列其精緻的細節和平衡設計的重量為真正卓越的書寫體驗提供極高的精確度，讓您走在成功的道路上。\n \n 派克品牌——更加自由的思想\n 喬治·派克(George Parker)相信孜孜不輟，總能製出更好的筆。正是這一信念激勵著派克先生在1888年申請了首支不漏墨墨水筆專利，也是這一理念激發著今日的派克製造拔萃之作。\n 標誌性細節如箭型筆夾和手工精心製作、刻印經典圖案的筆尖，沿襲派克傳統工藝，揉和名匠心血。派克相信精細製作的工具將能助人研精覃思。這種對品質的不懈追求使派克品牌成為了精美書寫的代名詞。\n \n 品牌介紹\n 憑藉多年的經驗和創新，派克對品質的專注確保了每支筆在重要的時候都能提供優質的書寫體驗。若您需要更豐富的思維源泉、更完滿的定稿、更自由的思路，您需要的不僅是一支筆，您需要的是派克筆。\n \n 贈品：原廠吸墨器、原廠手提袋。\n \n 保固範圍：新品瑕疵、非人為因素損壞。\n \n 退換貨須知：\n 商品一經上墨、上卡水，恕無法退換貨。\n 欲試寫請以筆尖沾清水使用。', 'PARKER_122-1.jpg', '2023-02-05 00:00:00', '2022-06-11 00:00:00', 1),
(123, 'PARKER 派克 新威雅XL系列 月光白玫瑰金夾 F尖 限定版鋼筆', 1, 1350, '不鏽鋼筆尖，經久耐用\n 品牌形象箭型筆夾象徵\n 傳承派克百年高雅及穩固工藝技術\n 金屬握位增添質感及筆身完美配重\n 百年經典的創新重現\n 手工精心打造筆蓋設計典雅精美\n 使用百年經典原廠速乾墨水不易褪色\n 派克品牌——更加自由的思想\n \n 喬治·派克(George Parker)相信孜孜不輟，總能製出更好的筆。正是這一信念激勵著派克先生在1888年申請了首支不漏墨墨水筆專利，也是這一理念激發著今日的派克製造拔萃之作。\n \n 標誌性細節如箭型筆夾和手工精心製作、刻印經典圖案的筆尖，沿襲派克傳統工藝，揉和名匠心血。派克相信精細製作的工具將能助人研精覃思。這種對品質的不懈追求使派克品牌成為了精美書寫的代名詞。\n \n \n \n 品牌介紹\n \n 憑藉多年的經驗和創新，派克對品質的專注確保了每支筆在重要的時候都能提供優質的書寫體驗。若您需要更豐富的思維源泉、更完滿的定稿、更自由的思路，您需要的不僅是一支筆，您需要的是派克筆。\n \n \n \n 贈品：原廠吸墨器、原廠手提袋。\n \n \n \n 保固範圍：新品瑕疵、非人為因素損壞。\n \n \n \n 退換貨須知：\n \n 商品一經上墨、上卡水，恕無法退換貨。\n \n 欲試寫請以筆尖沾清水使用。', 'PARKER_123-1.jpg', '2023-03-21 00:00:00', '2022-06-22 00:00:00', 1),
(124, 'PARKER 派克 新威雅XL系列 幻影黑金夾 F尖 限定版鋼筆', 1, 1350, '不鏽鋼筆尖，經久耐用\n 品牌形象箭型筆夾象徵\n 傳承派克百年高雅及穩固工藝技術\n 金屬握位增添質感及筆身完美配重\n 百年經典的創新重現\n 手工精心打造筆蓋設計典雅精美\n 使用百年經典原廠速乾墨水不易褪色\n 派克品牌——更加自由的思想\n \n 喬治·派克(George Parker)相信孜孜不輟，總能製出更好的筆。正是這一信念激勵著派克先生在1889年申請了首支不漏墨墨水筆專利，也是這一理念激發著今日的派克製造拔萃之作。\n \n 標誌性細節如箭型筆夾和手工精心製作、刻印經典圖案的筆尖，沿襲派克傳統工藝，揉和名匠心血。派克相信精細製作的工具將能助人研精覃思。這種對品質的不懈追求使派克品牌成為了精美書寫的代名詞。\n \n \n \n 品牌介紹\n \n 憑藉多年的經驗和創新，派克對品質的專注確保了每支筆在重要的時候都能提供優質的書寫體驗。若您需要更豐富的思維源泉、更完滿的定稿、更自由的思路，您需要的不僅是一支筆，您需要的是派克筆。\n \n \n \n 贈品：原廠吸墨器、原廠手提袋。\n \n \n \n 保固範圍：新品瑕疵、非人為因素損壞。\n \n \n \n 退換貨須知：\n \n 商品一經上墨、上卡水，恕無法退換貨。\n \n 欲試寫請以筆尖沾清水使用。', 'PARKER_124-1.jpg', '2024-03-31 00:00:00', '2022-09-29 00:00:00', 1),
(125, 'PARKER 派克 51型 雅致系列 土耳其藍金夾 F尖 鋼筆', 1, 9000, '派克51型雅致系列重新塑造了1941 年首次推出的標誌性經典51款式。\n 經典派克51於當時席捲了全世界，這次復刻的現代款式也同樣令人驚嘆：同時保留了標誌性的流線型輪廓和獨特的暗尖設計，書寫體驗自然流暢可靠。\n 筆身表面光亮，由珍貴樹脂精製而成，四種顏色供您選擇——黑色、狂放紅、森林綠和土耳其藍。\n 精挑細選的每種顏色承先啟後，以帶有復古的色彩滿足現代審美的追求。金色筆夾刻印標誌，盡顯派克卓越工藝，筆帽上雕刻著精美圖案（每支筆上的圖案構造不盡相同，共有四款不同紋路），其靈感源自於當代建築的設計和結構。派克51 雅致系列堪稱符合當代審美的經典之作。\n \n \n 派克51 雅致系列設計經典，為世界重新定義鋼筆，配合其極簡的科技範底色，整支鋼筆的線條顯得格外引人注目。\n 貴重樹脂筆身呈流線型，復古顏色堪稱經典，配上金色筆夾和經典商標及派克箭型設計，可謂鋼筆中的典範。\n 金色及不鏽鋼筆帽是派克工藝的另一曠世傑作，其精美雕刻的當代圖案靈感來自現代建築。\n 暗尖設計獨特，由不鏽鋼和鍍金製成，墨水筆觸順滑舒適，書寫體驗可謂上乘。\n 派克51 雅致系列鋼筆珍藏於優雅禮盒內，能讓年輕一代設計愛好者愛不釋手。\n \n 派克 PARKER 51\n \n 經典暗藏筆尖設計的氣密性遠遠強於開放式筆尖，讓墨水不易揮發、不易乾涸，長時間可以流暢書寫。\n \n \n 以往的舊版派克51是拔蓋式設計，此復刻款為改良式轉蓋設計，使得筆款的氣密性更好。在筆夾的方面進行了重新設計，風格接近於新一代的派克樣式，跟進了新時代的變遷。\n \n \n 派克品牌——更加自由的思想\n \n 喬治·派克(George Parker)相信孜孜不輟，總能製出更好的筆。正是這一信念激勵著派克先生在1888年申請了首支不漏墨墨水筆專利，也是這一理念激發著今日的派克製造拔萃之作。\n \n 標誌性細節如箭型筆夾和手工精心製作、刻印經典圖案的筆尖，沿襲派克傳統工藝，揉和名匠心血。派克相信精細製作的工具將能助人研精覃思。這種對品質的不懈追求使派克品牌成為了精美書寫的代名詞。\n \n \n \n 品牌介紹\n \n 憑藉多年的經驗和創新，派克對品質的專注確保了每支筆在', 'PARKER_125-1.jpg', '2024-02-17 00:00:00', '2022-09-11 00:00:00', 1),
(126, 'PARKER 派克 51型 雅致系列 森林綠金夾 F尖 鋼筆', 1, 9000, '派克51型雅致系列重新塑造了1941 年首次推出的標誌性經典51款式。\n 經典派克51於當時席捲了全世界，這次復刻的現代款式也同樣令人驚嘆：同時保留了標誌性的流線型輪廓和獨特的暗尖設計，書寫體驗自然流暢可靠。\n 筆身表面光亮，由珍貴樹脂精製而成，四種顏色供您選擇——黑色、狂放紅、森林綠和土耳其藍。\n 精挑細選的每種顏色承先啟後，以帶有復古的色彩滿足現代審美的追求。金色筆夾刻印標誌，盡顯派克卓越工藝，筆帽上雕刻著精美圖案（每支筆上的圖案構造不盡相同，共有四款不同紋路），其靈感源自於當代建築的設計和結構。派克51 雅致系列堪稱符合當代審美的經典之作。\n \n \n 派克51 雅致系列設計經典，為世界重新定義鋼筆，配合其極簡的科技範底色，整支鋼筆的線條顯得格外引人注目。\n 貴重樹脂筆身呈流線型，復古顏色堪稱經典，配上金色筆夾和經典商標及派克箭型設計，可謂鋼筆中的典範。\n 金色及不鏽鋼筆帽是派克工藝的另一曠世傑作，其精美雕刻的當代圖案靈感來自現代建築。\n 暗尖設計獨特，由不鏽鋼和鍍金製成，墨水筆觸順滑舒適，書寫體驗可謂上乘。\n 派克51 雅致系列鋼筆珍藏於優雅禮盒內，能讓年輕一代設計愛好者愛不釋手。\n \n 派克 PARKER 51\n \n 經典暗藏筆尖設計的氣密性遠遠強於開放式筆尖，讓墨水不易揮發、不易乾涸，長時間可以流暢書寫。\n \n \n 以往的舊版派克51是拔蓋式設計，此復刻款為改良式轉蓋設計，使得筆款的氣密性更好。在筆夾的方面進行了重新設計，風格接近於新一代的派克樣式，跟進了新時代的變遷。\n \n \n 派克品牌——更加自由的思想\n \n 喬治·派克(George Parker)相信孜孜不輟，總能製出更好的筆。正是這一信念激勵著派克先生在1888年申請了首支不漏墨墨水筆專利，也是這一理念激發著今日的派克製造拔萃之作。\n \n 標誌性細節如箭型筆夾和手工精心製作、刻印經典圖案的筆尖，沿襲派克傳統工藝，揉和名匠心血。派克相信精細製作的工具將能助人研精覃思。這種對品質的不懈追求使派克品牌成為了精美書寫的代名詞。\n \n \n \n 品牌介紹\n \n 憑藉多年的經驗和創新，派克對品質的專注確保了每支筆在', 'PARKER_126-1.jpg', '2023-04-06 00:00:00', '2022-07-07 00:00:00', 1),
(127, 'PARKER 派克 51型 雅致系列 狂放紅金夾 F尖 鋼筆', 1, 9000, '派克51型雅致系列重新塑造了1941 年首次推出的標誌性經典51款式。\n 經典派克51於當時席捲了全世界，這次復刻的現代款式也同樣令人驚嘆：同時保留了標誌性的流線型輪廓和獨特的暗尖設計，書寫體驗自然流暢可靠。\n 筆身表面光亮，由珍貴樹脂精製而成，四種顏色供您選擇——黑色、狂放紅、森林綠和土耳其藍。\n 精挑細選的每種顏色承先啟後，以帶有復古的色彩滿足現代審美的追求。金色筆夾刻印標誌，盡顯派克卓越工藝，筆帽上雕刻著精美圖案（每支筆上的圖案構造不盡相同，共有四款不同紋路），其靈感源自於當代建築的設計和結構。派克51 雅致系列堪稱符合當代審美的經典之作。\n \n \n 派克51 雅致系列設計經典，為世界重新定義鋼筆，配合其極簡的科技範底色，整支鋼筆的線條顯得格外引人注目。\n 貴重樹脂筆身呈流線型，復古顏色堪稱經典，配上金色筆夾和經典商標及派克箭型設計，可謂鋼筆中的典範。\n 金色及不鏽鋼筆帽是派克工藝的另一曠世傑作，其精美雕刻的當代圖案靈感來自現代建築。\n 暗尖設計獨特，由不鏽鋼和鍍金製成，墨水筆觸順滑舒適，書寫體驗可謂上乘。\n 派克51 雅致系列鋼筆珍藏於優雅禮盒內，能讓年輕一代設計愛好者愛不釋手。\n \n 派克 PARKER 51\n \n 經典暗藏筆尖設計的氣密性遠遠強於開放式筆尖，讓墨水不易揮發、不易乾涸，長時間可以流暢書寫。\n \n \n 以往的舊版派克51是拔蓋式設計，此復刻款為改良式轉蓋設計，使得筆款的氣密性更好。在筆夾的方面進行了重新設計，風格接近於新一代的派克樣式，跟進了新時代的變遷。\n \n \n 派克品牌——更加自由的思想\n \n 喬治·派克(George Parker)相信孜孜不輟，總能製出更好的筆。正是這一信念激勵著派克先生在1888年申請了首支不漏墨墨水筆專利，也是這一理念激發著今日的派克製造拔萃之作。\n \n 標誌性細節如箭型筆夾和手工精心製作、刻印經典圖案的筆尖，沿襲派克傳統工藝，揉和名匠心血。派克相信精細製作的工具將能助人研精覃思。這種對品質的不懈追求使派克品牌成為了精美書寫的代名詞。\n \n \n \n 品牌介紹\n \n 憑藉多年的經驗和創新，派克對品質的專注確保了每支筆在', 'PARKER_127-1.jpg', '2023-02-06 00:00:00', '2022-10-21 00:00:00', 1),
(128, 'PARKER 派克 51型 雅致系列 黑色金夾 F尖 鋼筆', 1, 9000, '派克51型雅致系列重新塑造了1941 年首次推出的標誌性經典51款式。\n 經典派克51於當時席捲了全世界，這次復刻的現代款式也同樣令人驚嘆：同時保留了標誌性的流線型輪廓和獨特的暗尖設計，書寫體驗自然流暢可靠。\n 筆身表面光亮，由珍貴樹脂精製而成，四種顏色供您選擇——黑色、狂放紅、森林綠和土耳其藍。\n 精挑細選的每種顏色承先啟後，以帶有復古的色彩滿足現代審美的追求。金色筆夾刻印標誌，盡顯派克卓越工藝，筆帽上雕刻著精美圖案（每支筆上的圖案構造不盡相同，共有四款不同紋路），其靈感源自於當代建築的設計和結構。派克51 雅致系列堪稱符合當代審美的經典之作。\n \n \n 派克51 雅致系列設計經典，為世界重新定義鋼筆，配合其極簡的科技範底色，整支鋼筆的線條顯得格外引人注目。\n 貴重樹脂筆身呈流線型，復古顏色堪稱經典，配上金色筆夾和經典商標及派克箭型設計，可謂鋼筆中的典範。\n 金色及不鏽鋼筆帽是派克工藝的另一曠世傑作，其精美雕刻的當代圖案靈感來自現代建築。\n 暗尖設計獨特，由不鏽鋼和鍍金製成，墨水筆觸順滑舒適，書寫體驗可謂上乘。\n 派克51 雅致系列鋼筆珍藏於優雅禮盒內，能讓年輕一代設計愛好者愛不釋手。\n \n 派克 PARKER 51\n \n 經典暗藏筆尖設計的氣密性遠遠強於開放式筆尖，讓墨水不易揮發、不易乾涸，長時間可以流暢書寫。\n \n \n 以往的舊版派克51是拔蓋式設計，此復刻款為改良式轉蓋設計，使得筆款的氣密性更好。在筆夾的方面進行了重新設計，風格接近於新一代的派克樣式，跟進了新時代的變遷。\n \n \n 派克品牌——更加自由的思想\n \n 喬治·派克(George Parker)相信孜孜不輟，總能製出更好的筆。正是這一信念激勵著派克先生在1888年申請了首支不漏墨墨水筆專利，也是這一理念激發著今日的派克製造拔萃之作。\n \n 標誌性細節如箭型筆夾和手工精心製作、刻印經典圖案的筆尖，沿襲派克傳統工藝，揉和名匠心血。派克相信精細製作的工具將能助人研精覃思。這種對品質的不懈追求使派克品牌成為了精美書寫的代名詞。\n \n \n \n 品牌介紹\n \n 憑藉多年的經驗和創新，派克對品質的專注確保了每支筆在', 'PARKER_128-1.jpg', '2023-12-13 00:00:00', '2022-12-13 00:00:00', 1);
INSERT INTO `product` (`id`, `name`, `product_type`, `price`, `description`, `image`, `created_at`, `updated_at`, `valid`) VALUES
(129, 'PARKER 派克 新IM魅影黑系列 紫環 F尖 鋼筆', 1, 2200, '不鏽鋼筆尖，經久耐用\n \n 。鍍以鉻或金質飾面\n \n 。可脫卸筆帽和穩固筆夾\n \n \n \n 派克IM系列\n \n 高度專業，品質可靠\n \n 派克IM系列作為潛力無限的書寫伴侶，集靈巧、高雅和穩固於一身。秉承派克傳統，採用耐用不鏽鋼筆尖和筆身，注重細節，於微處打造可靠的書寫體驗。\n \n \n \n 派克品牌——更加自由的思想\n \n 喬治·派克(George Parker)相信孜孜不輟，總能製出更好的筆。正是這一信念激勵著派克先生在1888年申請了首支不漏墨墨水筆專利，也是這一理念激發著今日的派克製造拔萃之作。\n \n 標誌性細節如箭型筆夾和手工精心製作、刻印經典圖案的筆尖，沿襲派克傳統工藝，揉和名匠心血。派克相信精細製作的工具將能助人研精覃思。這種對品質的不懈追求使派克品牌成為了精美書寫的代名詞。\n \n \n \n 品牌介紹\n \n 憑藉多年的經驗和創新，派克對品質的專注確保了每支筆在重要的時候都能提供優質的書寫體驗。若您需要更豐富的思維源泉、更完滿的定稿、更自由的思路，您需要的不僅是一支筆，您需要的是派克筆。\n \n \n \n 贈品：原廠吸墨器、原廠手提袋。\n \n \n \n 保固範圍：新品瑕疵、非人為因素損壞。\n \n \n \n 退換貨須知：\n \n 商品一經上墨、上卡水，恕無法退換貨。\n \n 欲試寫請以筆尖沾清水使用。', 'PARKER_129-1.jpg', '2024-02-04 00:00:00', '2022-07-01 00:00:00', 1),
(130, 'PARKER 派克 新IM魅影黑系列 橘環 F尖 鋼筆', 1, 2200, '不鏽鋼筆尖，經久耐用\n \n 。鍍以鉻或金質飾面\n \n 。可脫卸筆帽和穩固筆夾\n \n \n \n 派克IM系列\n \n 高度專業，品質可靠\n \n 派克IM系列作為潛力無限的書寫伴侶，集靈巧、高雅和穩固於一身。秉承派克傳統，採用耐用不鏽鋼筆尖和筆身，注重細節，於微處打造可靠的書寫體驗。\n \n \n \n 派克品牌——更加自由的思想\n \n 喬治·派克(George Parker)相信孜孜不輟，總能製出更好的筆。正是這一信念激勵著派克先生在1888年申請了首支不漏墨墨水筆專利，也是這一理念激發著今日的派克製造拔萃之作。\n \n 標誌性細節如箭型筆夾和手工精心製作、刻印經典圖案的筆尖，沿襲派克傳統工藝，揉和名匠心血。派克相信精細製作的工具將能助人研精覃思。這種對品質的不懈追求使派克品牌成為了精美書寫的代名詞。\n \n \n \n 品牌介紹\n \n 憑藉多年的經驗和創新，派克對品質的專注確保了每支筆在重要的時候都能提供優質的書寫體驗。若您需要更豐富的思維源泉、更完滿的定稿、更自由的思路，您需要的不僅是一支筆，您需要的是派克筆。\n \n \n \n 贈品：原廠吸墨器、原廠手提袋。\n \n \n \n 保固範圍：新品瑕疵、非人為因素損壞。\n \n \n \n 退換貨須知：\n \n 商品一經上墨、上卡水，恕無法退換貨。\n \n 欲試寫請以筆尖沾清水使用。', 'PARKER_130-1.jpg', '2024-02-02 00:00:00', '2022-12-15 00:00:00', 1),
(131, 'PARKER 派克 新IM魅影黑系列 藍環 F尖 鋼筆', 1, 2200, '不鏽鋼筆尖，經久耐用\n \n 。鍍以鉻或金質飾面\n \n 。可脫卸筆帽和穩固筆夾\n \n \n \n 派克IM系列\n \n 高度專業，品質可靠\n \n 派克IM系列作為潛力無限的書寫伴侶，集靈巧、高雅和穩固於一身。秉承派克傳統，採用耐用不鏽鋼筆尖和筆身，注重細節，於微處打造可靠的書寫體驗。\n \n \n \n 派克品牌——更加自由的思想\n \n 喬治·派克(George Parker)相信孜孜不輟，總能製出更好的筆。正是這一信念激勵著派克先生在1888年申請了首支不漏墨墨水筆專利，也是這一理念激發著今日的派克製造拔萃之作。\n \n 標誌性細節如箭型筆夾和手工精心製作、刻印經典圖案的筆尖，沿襲派克傳統工藝，揉和名匠心血。派克相信精細製作的工具將能助人研精覃思。這種對品質的不懈追求使派克品牌成為了精美書寫的代名詞。\n \n \n \n 品牌介紹\n \n 憑藉多年的經驗和創新，派克對品質的專注確保了每支筆在重要的時候都能提供優質的書寫體驗。若您需要更豐富的思維源泉、更完滿的定稿、更自由的思路，您需要的不僅是一支筆，您需要的是派克筆。\n \n', 'PARKER_131-1.jpg', '2023-02-17 00:00:00', '2022-09-10 00:00:00', 1),
(132, 'WATERMAN 威迪文 權威系列 霧黑白夾 F尖 鋼筆', 1, 7100, 'EXPERT\n \n ◆Business chic◆\n \n 權威\n \n 經營時尚\n \n 權威筆系設計與一般筆型上最大不同、是以古典加上現代造型（雪茄型）、所構成斜筆蓋、加上筆身中以23K環形圈鍛造、筆夾有包白金和包金、筆蓋中間強調click on預防筆尖乾燥斷水、設計大方穩定、強調出現代人應有的性格特性。\n \n \n \n 贈品：原廠吸墨器、原廠手提袋。\n \n \n \n 退換貨須知：\n \n 商品一經上墨、上卡水，恕無法退換貨。\n \n 欲試寫請以筆尖沾清水使用。', 'WATERMAN_132-1.jpg', '2024-02-12 00:00:00', '2022-08-02 00:00:00', 1),
(133, 'WATERMAN 威迪文 權威系列 麗雅黑金夾 F尖 鋼筆', 1, 7100, 'EXPERT\n \n ◆Business chic◆\n \n 權威\n \n 經營時尚\n \n 權威筆系設計與一般筆型上最大不同、是以古典加上現代造型（雪茄型）、所構成斜筆蓋、加上筆身中以24K環形圈鍛造、筆夾有包白金和包金、筆蓋中間強調click on預防筆尖乾燥斷水、設計大方穩定、強調出現代人應有的性格特性。\n \n \n \n 贈品：原廠吸墨器、原廠手提袋。\n \n \n \n 退換貨須知：\n \n 商品一經上墨、上卡水，恕無法退換貨。\n \n 欲試寫請以筆尖沾清水使用。', 'WATERMAN_133-1.jpg', '2023-11-15 00:00:00', '2022-11-21 00:00:00', 1),
(134, 'WATERMAN 威迪文 權威系列 特別版 金色 F尖 鋼筆', 1, 8600, 'EXPERT\n \n ◆Business chic◆\n \n 權威\n \n 經營時尚\n \n 權威筆系設計與一般筆型上最大不同、是以古典加上現代造型（雪茄型）、所構成斜筆蓋、加上筆身中以23K環形圈鍛造、筆夾有包白金和包金、筆蓋中間強調click on預防筆尖乾燥斷水、設計大方穩定、強調出現代人應有的性格特性。\n \n \n \n 贈品：原廠吸墨器、原廠手提袋。\n \n \n \n 退換貨須知：\n \n 商品一經上墨、上卡水，恕無法退換貨。\n \n 欲試寫請以筆尖沾清水使用。', 'WATERMAN_134-1.jpg', '2023-03-07 00:00:00', '2022-10-18 00:00:00', 1),
(135, 'WATERMAN 威迪文 權威系列 特別版 霧灰 F尖 鋼筆', 1, 8600, 'EXPERT\n \n ◆Business chic◆\n \n 權威\n \n 經營時尚\n \n 權威筆系設計與一般筆型上最大不同、是以古典加上現代造型（雪茄型）、所構成斜筆蓋、加上筆身中以23K環形圈鍛造、筆夾有包白金和包金、筆蓋中間強調click on預防筆尖乾燥斷水、設計大方穩定、強調出現代人應有的性格特性。\n \n \n \n 贈品：原廠吸墨器、原廠手提袋。\n \n \n \n 退換貨須知：\n \n 商品一經上墨、上卡水，恕無法退換貨。\n \n 欲試寫請以筆尖沾清水使用。', 'WATERMAN_135-1.jpg', '2023-12-04 00:00:00', '2022-06-12 00:00:00', 1),
(136, 'WATERMAN 威迪文 權威系列 特別版 玫瑰金 F尖 鋼筆', 1, 8600, 'EXPERT\n \n ◆Business chic◆\n \n 權威\n \n 經營時尚\n \n 權威筆系設計與一般筆型上最大不同、是以古典加上現代造型（雪茄型）、所構成斜筆蓋、加上筆身中以23K環形圈鍛造、筆夾有包白金和包金、筆蓋中間強調click on預防筆尖乾燥斷水、設計大方穩定、強調出現代人應有的性格特性。\n \n \n \n 贈品：原廠吸墨器、原廠手提袋。\n \n \n \n 退換貨須知：\n \n 商品一經上墨、上卡水，恕無法退換貨。\n \n 欲試寫請以筆尖沾清水使用。', 'WATERMAN_136-1.jpg', '2024-02-24 00:00:00', '2022-06-25 00:00:00', 1),
(137, 'WATERMAN 威迪文 權威系列 特別版 霧黑 F尖 鋼筆', 1, 8600, 'EXPERT\n \n ◆Business chic◆\n \n 權威\n \n 經營時尚\n \n 權威筆系設計與一般筆型上最大不同、是以古典加上現代造型（雪茄型）、所構成斜筆蓋、加上筆身中以23K環形圈鍛造、筆夾有包白金和包金、筆蓋中間強調click on預防筆尖乾燥斷水、設計大方穩定、強調出現代人應有的性格特性。\n \n \n \n 贈品：原廠吸墨器、原廠手提袋。\n \n \n \n 退換貨須知：\n \n 商品一經上墨、上卡水，恕無法退換貨。\n \n 欲試寫請以筆尖沾清水使用。', 'WATERMAN_137-1.jpg', '2024-04-02 00:00:00', '2022-12-11 00:00:00', 1),
(138, 'PARKER 派克 新喬特 Originals原創系列 白桿 F尖 鋼筆', 1, 800, '不鏽鋼筆尖經久耐用\n \n 。鍍以鉻或金質飾面\n \n 。招牌筆夾\n \n 。法國製造\n \n \n \n 喬特系列\n \n 全新的每日書寫夥伴\n \n 別出機杼的喬特系列乃是過往60載標誌性設計的標杆。\n \n 夢寐以求的色彩，獨樹一幟的外形，一如其招牌性筆夾，一望而知，喬特系列筆品自始至終深受青睞。\n \n \n \n 派克品牌——更加自由的思想\n \n 喬治·派克(George Parker)相信孜孜不輟，總能製出更好的筆。正是這一信念激勵著派克先生在1888年申請了首支不漏墨墨水筆專利，也是這一理念激發著今日的派克製造拔萃之作。\n \n 標誌性細節如箭型筆夾和手工精心製作、刻印經典圖案的筆尖，沿襲派克傳統工藝，揉和名匠心血。派克相信精細製作的工具將能助人研精覃思。這種對品質的不懈追求使派克品牌成為了精美書寫的代名詞。\n \n \n \n 品牌介紹\n \n 憑藉多年的經驗和創新，派克對品質的專注確保了每支筆在重要的時候都能提供優質的書寫體驗。若您需要更豐富的思維源泉、更完滿的定稿、更自由的思路，您需要的不僅是一支筆，您需要的是派克筆。\n \n ', 'PARKER_138-1.jpg', '2023-03-02 00:00:00', '2022-10-12 00:00:00', 1),
(139, 'PARKER 派克 新喬特 Originals原創系列 黑桿 F尖 鋼筆', 1, 800, '不鏽鋼筆尖經久耐用\n \n 。鍍以鉻或金質飾面\n \n 。招牌筆夾\n \n 。法國製造\n \n \n \n 喬特系列\n \n 全新的每日書寫夥伴\n \n 別出機杼的喬特系列乃是過往60載標誌性設計的標杆。\n \n 夢寐以求的色彩，獨樹一幟的外形，一如其招牌性筆夾，一望而知，喬特系列筆品自始至終深受青睞。\n \n \n \n 派克品牌——更加自由的思想\n \n 喬治·派克(George Parker)相信孜孜不輟，總能製出更好的筆。正是這一信念激勵著派克先生在1888年申請了首支不漏墨墨水筆專利，也是這一理念激發著今日的派克製造拔萃之作。\n \n 標誌性細節如箭型筆夾和手工精心製作、刻印經典圖案的筆尖，沿襲派克傳統工藝，揉和名匠心血。派克相信精細製作的工具將能助人研精覃思。這種對品質的不懈追求使派克品牌成為了精美書寫的代名詞。\n \n \n \n 品牌介紹\n \n 憑藉多年的經驗和創新，派克對品質的專注確保了每支筆在重要的時候都能提供優質的書寫體驗。若您需要更豐富的思維源泉、更完滿的定稿、更自由的思路，您需要的不僅是一支筆，您需要的是派克筆。\n \n ', 'PARKER_139-1.jpg', '2023-11-12 00:00:00', '2022-07-04 00:00:00', 1),
(140, 'PARKER 派克 新喬特 Originals原創系列 藍桿 F尖 鋼筆', 1, 800, '不鏽鋼筆尖經久耐用\n \n 。鍍以鉻或金質飾面\n \n 。招牌筆夾\n \n 。法國製造\n \n \n \n 喬特系列\n \n 全新的每日書寫夥伴\n \n 別出機杼的喬特系列乃是過往60載標誌性設計的標杆。\n \n 夢寐以求的色彩，獨樹一幟的外形，一如其招牌性筆夾，一望而知，喬特系列筆品自始至終深受青睞。\n \n \n \n 派克品牌——更加自由的思想\n \n 喬治·派克(George Parker)相信孜孜不輟，總能製出更好的筆。正是這一信念激勵著派克先生在1888年申請了首支不漏墨墨水筆專利，也是這一理念激發著今日的派克製造拔萃之作。\n \n 標誌性細節如箭型筆夾和手工精心製作、刻印經典圖案的筆尖，沿襲派克傳統工藝，揉和名匠心血。派克相信精細製作的工具將能助人研精覃思。這種對品質的不懈追求使派克品牌成為了精美書寫的代名詞。\n \n 品牌介紹\n \n 憑藉多年的經驗和創新，派克對品質的專注確保了每支筆在重要的時候都能提供優質的書寫體驗。若您需要更豐富的思維源泉、更完滿的定稿、更自由的思路，您需要的不僅是一支筆，您需要的是派克筆。', 'PARKER_140-1.jpg', '2023-03-27 00:00:00', '2022-10-06 00:00:00', 1),
(141, 'PARKER 派克 新喬特 Originals原創系列 黃桿 F尖 鋼筆', 1, 800, '不鏽鋼筆尖經久耐用\n \n 。鍍以鉻或金質飾面\n \n 。招牌筆夾\n \n 。法國製造\n \n \n \n 喬特系列\n \n 全新的每日書寫夥伴\n \n 別出機杼的喬特系列乃是過往60載標誌性設計的標杆。\n \n 夢寐以求的色彩，獨樹一幟的外形，一如其招牌性筆夾，一望而知，喬特系列筆品自始至終深受青睞。\n \n \n \n 派克品牌——更加自由的思想\n \n 喬治·派克(George Parker)相信孜孜不輟，總能製出更好的筆。正是這一信念激勵著派克先生在1888年申請了首支不漏墨墨水筆專利，也是這一理念激發著今日的派克製造拔萃之作。\n \n 標誌性細節如箭型筆夾和手工精心製作、刻印經典圖案的筆尖，沿襲派克傳統工藝，揉和名匠心血。派克相信精細製作的工具將能助人研精覃思。這種對品質的不懈追求使派克品牌成為了精美書寫的代名詞。\n \n \n \n 品牌介紹\n \n 憑藉多年的經驗和創新，派克對品質的專注確保了每支筆在重要的時候都能提供優質的書寫體驗。若您需要更豐富的思維源泉、更完滿的定稿、更自由的思路，您需要的不僅是一支筆，您需要的是派克筆。\n \n ', 'PARKER_141-1.jpg', '2024-02-11 00:00:00', '2022-09-27 00:00:00', 1),
(142, 'TWSBI 三文堂 ECO-T 三角握位 EF尖 活塞鋼筆', 1, 1210, 'ECO & ECO-T的差別在：ECO-T設計有三角握位，\n\n幫助孩子，新的愛好者和任何在學習正確的寫作姿勢和喜歡握位結構的人。\n\n筆蓋和旋鈕也呈現旋轉三角形的設計。', 'TWSBI_142-1.jpg', '2023-03-06 00:00:00', '2022-08-16 00:00:00', 1),
(143, 'TWSBI 三文堂 ECO-T 三角握位 F尖 活塞鋼筆', 1, 1210, 'ECO & ECO-T的差別在：ECO-T設計有三角握位，\n\n幫助孩子，新的愛好者和任何在學習正確的寫作姿勢和喜歡握位結構的人。\n\n筆蓋和旋鈕也呈現旋轉三角形的設計。', 'TWSBI_143-1.jpg', '2024-02-05 00:00:00', '2022-10-04 00:00:00', 1),
(144, 'TWSBI 三文堂 ECO-T 三角握位 M尖 活塞鋼筆', 1, 1210, 'ECO & ECO-T的差別在：ECO-T設計有三角握位，\n\n幫助孩子，新的愛好者和任何在學習正確的寫作姿勢和喜歡握位結構的人。\n\n筆蓋和旋鈕也呈現旋轉三角形的設計。', 'TWSBI_144-1.jpg', '2023-12-08 00:00:00', '2022-07-28 00:00:00', 1),
(145, 'TWSBI 三文堂 ECO EF尖 活塞鋼筆', 1, 1500, '三文堂ECO是一支活塞上墨鋼筆。採用活塞上墨方式，所有零件均可重複拆裝，方便進行保養維修，最重要的是一支性價比高的鋼筆。如果您請教一些現今鋼筆愛用者他們會告訴您鋼筆所帶給他們生活上的樂趣。重拾紙筆書寫，練字認字，拆裝鋼筆進行保養維修，體驗製筆工藝的進展等。三文堂稟持 明亮、和善、進取 的三大品牌精神，倡導 真實價值（True Value）的人生理念，希望能藉由鋼筆的書寫使用重新喚起人們享受簡單優雅的生活樂趣。', 'TWSBI_145-1.jpg', '2024-03-30 00:00:00', '2022-11-07 00:00:00', 1),
(146, 'TWSBI 三文堂 ECO F尖 活塞鋼筆', 1, 1500, '三文堂ECO是一支活塞上墨鋼筆。\n採用活塞上墨方式，所有零件均可重複拆裝，\n方便進行保養維修，最重要的是一支性價比高的鋼筆。\n如果您請教一些現今鋼筆愛用者他們會告訴您鋼筆所帶給他們生活上的樂趣。\n重拾紙筆書寫，練字認字，拆裝鋼筆進行保養維修，體驗製筆工藝的進展等。\n三文堂稟持 明亮、和善、進取 的三大品牌精神，\n倡導 真實價值（True Value）的人生理念，\n希望能藉由鋼筆的書寫使用重新喚起人們享受簡單優雅的生活樂趣。', 'TWSBI_146-1.jpg', '2023-02-21 00:00:00', '2022-09-28 00:00:00', 1),
(147, 'TWSBI 三文堂 ECO M尖活塞鋼筆', 1, 1500, '三文堂ECO是一支活塞上墨鋼筆。\n採用活塞上墨方式，所有零件均可重複拆裝，\n方便進行保養維修，最重要的是一支性價比高的鋼筆。\n如果您請教一些現今鋼筆愛用者他們會告訴您鋼筆所帶給他們生活上的樂趣。\n重拾紙筆書寫，練字認字，拆裝鋼筆進行保養維修，體驗製筆工藝的進展等。\n三文堂稟持 明亮、和善、進取 的三大品牌精神，\n倡導 真實價值（True Value）的人生理念，\n希望能藉由鋼筆的書寫使用重新喚起人們享受簡單優雅的生活樂趣。', 'TWSBI_147-1.jpg', '2023-03-18 00:00:00', '2022-10-30 00:00:00', 1),
(148, 'TWSBI 三文堂 DIAMOND EF尖 活塞鋼筆 ', 1, 2400, '如果您請教一些現今鋼筆愛用者他們會告訴您鋼筆所帶給他們生活上的樂趣。\n\n重拾紙筆書寫，練字認字，拆裝鋼筆進行保養維修，體驗製筆工藝的進展等。\n\n三文堂稟持 明亮、和善、進取 的三大品牌精神，\n\n倡導 真實價值（True Value）的人生理念，\n\n希望能藉由鋼筆的書寫使用重新喚起人們享受簡單優雅的生活樂趣。', 'TWSBI_148-1.jpg', '2023-12-02 00:00:00', '2022-10-25 00:00:00', 1),
(149, 'TWSBI 三文堂 DIAMOND F尖 活塞鋼筆 ', 1, 2400, '如果您請教一些現今鋼筆愛用者他們會告訴您鋼筆所帶給他們生活上的樂趣。\n\n重拾紙筆書寫，練字認字，拆裝鋼筆進行保養維修，體驗製筆工藝的進展等。\n\n三文堂稟持 明亮、和善、進取 的三大品牌精神，\n\n倡導 真實價值（True Value）的人生理念，\n\n希望能藉由鋼筆的書寫使用重新喚起人們享受簡單優雅的生活樂趣。', 'TWSBI_149-1.jpg', '2023-03-12 00:00:00', '2022-07-13 00:00:00', 1),
(150, 'TWSBI 三文堂 DIAMOND M尖活塞鋼筆 ', 1, 2400, '如果您請教一些現今鋼筆愛用者他們會告訴您鋼筆所帶給他們生活上的樂趣。\n\n重拾紙筆書寫，練字認字，拆裝鋼筆進行保養維修，體驗製筆工藝的進展等。\n\n三文堂稟持 明亮、和善、進取 的三大品牌精神，\n\n倡導 真實價值（True Value）的人生理念，\n\n希望能藉由鋼筆的書寫使用重新喚起人們享受簡單優雅的生活樂趣。', 'TWSBI_150-1.jpg', '2023-03-14 00:00:00', '2022-06-21 00:00:00', 1),
(151, 'LAMY SAFARI狩獵者系列 CANDY 系列 鋼筆', 1, 960, '2020 LAMY SAFARI再次推出驚艷的限量曠世色調，有陽光般亮黃冰沙芒果色、有里約海灘浪漫的海水藍色、有神秘優雅永恆之愛的紫羅蘭色，SAFARI candy 色彩非常亮麗，有著熱情巴西嘉年華的感覺！\n', 'LAMY_151-1.jpg', '2024-03-17 00:00:00', '2022-12-03 00:00:00', 1),
(152, 'LAMY SAFARI狩獵者系列 CANDY 系列 鋼筆', 1, 960, '2020 LAMY SAFARI再次推出驚艷的限量曠世色調，有陽光般亮黃冰沙芒果色、有里約海灘浪漫的海水藍色、有神秘優雅永恆之愛的紫羅蘭色，SAFARI candy 色彩非常亮麗，有著熱情巴西嘉年華的感覺！\n', 'LAMY_152-1.jpg', '2023-02-19 00:00:00', '2022-07-30 00:00:00', 1),
(153, 'LAMY SAFARI狩獵者系列 CANDY 系列 鋼筆', 1, 960, '2020 LAMY SAFARI再次推出驚艷的限量曠世色調，有陽光般亮黃冰沙芒果色、有里約海灘浪漫的海水藍色、有神秘優雅永恆之愛的紫羅蘭色，SAFARI candy 色彩非常亮麗，有著熱情巴西嘉年華的感覺！\n', 'LAMY_153-1.jpg', '2023-12-01 00:00:00', '2022-07-08 00:00:00', 1),
(154, 'LAMY AION系列 077 永恆系列 鋼筆', 1, 2074, 'aion全新永恆系列 強調簡約時尚風格同時具備功能設計\n\n無縫式一體成型的筆身與筆蓋，實心霧面絲狀陽極氧化鋁金屬材質，\n\n圓弧霧面刷紋握把，不銹鋼金屬筆夾\n\nLAMY logo以浮雕方式呈現於筆夾側方，\n\n鋼筆搭配全新的不鏽鋼筆尖設計', 'LAMY_154-1.jpg', '2023-11-21 00:00:00', '2022-09-12 00:00:00', 1),
(155, 'LAMY JOY 藝術鋼筆 ', 1, 750, 'Joy Calligraphy鋼筆流暢的墨水供應和清晰的書法線條讓人忍不住為之歡欣鼓舞。可以使用卡水或吸墨器補充墨水，筆尖為不鏽鋼材質，尺寸為1.5mm。ABS樹脂筆身，搭配符合人體工程學的握位和靈活的彈簧黃銅筆夾，相得益彰。', 'LAMY_155-1.jpg', '2023-02-12 00:00:00', '2022-12-31 00:00:00', 1),
(156, 'LAMY AL-STAR 恆星系列 鋼筆', 1, 1150, '適合初學者使用，人體工學的輔助握位設計\n\n筆桿皆有觀墨窗可以看見墨水存量', 'LAMY_156-1.jpg', '2023-02-03 00:00:00', '2022-07-21 00:00:00', 1),
(157, 'LAMY SAFARI 狩獵系列 PASTEL 夢幻泡泡馬卡龍 鋼筆', 1, 750, '100% 亮面柔和棉花糖馬卡龍色筆桿，\n\n不銹鋼筆尖，銀色金屬筆夾\n\n顛覆以往每年只發行單一限量色彩筆款，\n\n這次Lamy推出彩虹般繽紛柔和的夢幻泡泡馬卡龍色調限量色彩。\n\n\n柔美的櫻花粉色調最適合在夏天出現，是標準的魅力色。', 'LAMY_157-1.jpg', '2023-03-29 00:00:00', '2022-06-23 00:00:00', 1),
(158, 'LAMY SAFARI 狩獵系列 PASTEL 夢幻泡泡馬卡龍 鋼筆', 1, 750, '100% 亮面柔和棉花糖馬卡龍色筆桿，\n\n不銹鋼筆尖，銀色金屬筆夾\n\n顛覆以往每年只發行單一限量色彩筆款，\n\n這次Lamy推出彩虹般繽紛柔和的夢幻泡泡馬卡龍色調限量色彩。\n\n\n柔美的櫻花粉色調最適合在夏天出現，是標準的魅力色。', 'LAMY_158-1.jpg', '2023-03-24 00:00:00', '2022-07-31 00:00:00', 1),
(159, 'LAMY SAFARI 狩獵系列 PASTEL 夢幻泡泡馬卡龍 鋼筆', 1, 750, '100% 亮面柔和棉花糖馬卡龍色筆桿，\n\n不銹鋼筆尖，銀色金屬筆夾\n\n顛覆以往每年只發行單一限量色彩筆款，\n\n這次Lamy推出彩虹般繽紛柔和的夢幻泡泡馬卡龍色調限量色彩。\n\n\n柔美的櫻花粉色調最適合在夏天出現，是標準的魅力色。', 'LAMY_159-1.jpg', '2023-11-13 00:00:00', '2022-06-10 00:00:00', 1),
(160, 'Waterman 雋雅 真彩系列 HEMISPHERE 靈感紫 鋼筆', 1, 3400, '探索色彩的無限魅力，水人雋雅真彩系列 HeMISPHERE 呈現靈感紫的獨特風采。\n這款產品以真彩藝術為核心理念，挑戰視覺的極限，將大膽的撞色思維融入設計之中。\n我們不受世界規則的框架限制，創造出既自信又堅定的優雅之美。', 'Waterman_160-1.jpg', '2024-04-07 00:00:00', '2022-09-15 00:00:00', 1),
(161, 'Waterman 雋雅 真彩系列 HEMISPHERE 糖果粉 鋼筆', 1, 3400, '探索色彩的無限魅力，水人雋雅真彩系列 HeMISPHERE 呈現靈感紫的獨特風采。\n這款產品以真彩藝術為核心理念，挑戰視覺的極限，將大膽的撞色思維融入設計之中。\n我們不受世界規則的框架限制，創造出既自信又堅定的優雅之美。', 'Waterman_161-1.jpg', '2023-12-30 00:00:00', '2022-08-12 00:00:00', 1),
(162, 'Waterman 雋雅 真彩系列 HEMISPHERE 優雅藍 鋼筆', 1, 3400, '探索色彩的無限魅力，水人雋雅真彩系列 HeMISPHERE 呈現靈感紫的獨特風采。\n這款產品以真彩藝術為核心理念，挑戰視覺的極限，將大膽的撞色思維融入設計之中。\n我們不受世界規則的框架限制，創造出既自信又堅定的優雅之美。', 'Waterman_162-1.jpg', '2023-02-13 00:00:00', '2022-11-22 00:00:00', 1),
(163, 'Waterman 雋雅  HEMISPHERE 25TH 特別版 鋼筆 ', 1, 3468, 'Waterman 雋雅 25 週年特別版系列向法國里維埃拉豐富多彩的迷人生活致敬。 \n\n踏上探索這個無比美麗地區的海岸線、葡萄園和優美生活環境的旅程。 \n\n25 週年特別版系列設計獨特的風格令人留下深刻的印象。 \n\n每支筆都經過精雕細琢，以符合其靈感的高標準。 \n\n不銹鋼筆身、精緻的鈀金筆飾和激光雕刻的Logo將經典法國工藝的純粹性完整呈現。', 'Waterman_163-1.jpg', '2024-02-08 00:00:00', '2022-08-10 00:00:00', 1),
(164, 'Waterman 雋雅 HEMISPHERE 25TH 特別版 鋼筆 ', 1, 3468, 'Waterman 雋雅 25 週年特別版系列向法國里維埃拉豐富多彩的迷人生活致敬。 \n\n踏上探索這個無比美麗地區的海岸線、葡萄園和優美生活環境的旅程。 \n\n25 週年特別版系列設計獨特的風格令人留下深刻的印象。 \n\n每支筆都經過精雕細琢，以符合其靈感的高標準。 \n\n不銹鋼筆身、精緻的鈀金筆飾和激光雕刻的Logo將經典法國工藝的純粹性完整呈現。', 'Waterman_164-1.jpg', '2023-02-18 00:00:00', '2022-11-30 00:00:00', 1),
(165, 'SAILOR 寫樂 REGLUS 新青年鋼筆', 1, 1960, '寫樂創廠100周年由四位鋼筆達人共同攜手開發新時代青年筆款\n\n樹脂材質筆身，筆夾與筆環金屬', 'SAILOR_165-1.jpg', '2023-03-03 00:00:00', '2022-11-08 00:00:00', 1),
(166, 'SAILOR 寫樂 REGLUS 新青年鋼筆', 1, 1960, '寫樂創廠100周年由四位鋼筆達人共同攜手開發新時代青年筆款\n\n樹脂材質筆身，筆夾與筆環金屬', 'SAILOR_166-1.jpg', '2024-03-20 00:00:00', '2022-11-18 00:00:00', 1),
(167, 'SAILOR 寫樂 REGLUS 新青年鋼筆', 1, 1960, '寫樂創廠100周年由四位鋼筆達人共同攜手開發新時代青年筆款\n\n樹脂材質筆身，筆夾與筆環金屬', 'SAILOR_167-1.jpg', '2023-03-09 00:00:00', '2022-08-08 00:00:00', 1),
(168, 'SAILOR 寫樂 PROFESSIONAL GEAR 14K 鋼筆 ', 1, 3840, '《白鶴報恩》是日本的民間故事《動物報恩譚》中的一則故事。\n\n\n很久很久以前，有一對老夫婦住在某地。在某個下雪的冬天，老爺爺到鎮上去賣柴火而出門，在路上發現一隻中了陷阱的白鶴。\n\n看牠覺得好可憐，老爺爺就解開白鶴身上的陷阱，並放牠逃走。而在下起暴風雪的那個夜晚，一個美若天仙的女孩來到了老夫婦的家。\n\n女孩說因為爹娘過世了，她是為了尋找素未謀面的親戚而來到的途中，結果因為下雪迷了路，希望能讓她借宿一宿，夫婦倆很高興的讓她到家裡住。\n\n結果隔天，還有再隔一天，雪還是下個不停，女孩就在老夫婦的家裡住了下來。在那期間，女孩很細心的照料這對老夫婦，讓他們都非常的高興。\n\n某一天女孩說，與其要去找素未謀面的親戚，不如讓我來當你們的女兒吧！老夫婦很高興的就答應了。\n\n因為孝順而幫助老夫婦的女孩，某日女孩因為想要買線來織布就拜託老爺爺買線來，而女孩還告訴老夫婦我在織布的時候請絕對不可以偷看，因此就待在房間裡織布，\n\n並花了三天三夜不眠不休的時間終於織完一匹布。女孩說把這個賣了，請再買一些線來，而她給老夫婦的布非常美麗，在鎮上給予了很高的評價，賣了很高的價錢。\n\n老爺爺就再買新的線，女孩就再織出第二匹布，而那布卻是越來越漂亮，也賣得了更高的價錢，因此老夫婦生活就變的很富有了。\n\n可是，女孩為了織出第三匹布，再次待在房間裡時，原本為了忍耐而遵守約定的老夫婦，就開始在想女孩是如何織出如此美麗的布呢！\n\n終於老奶奶忍不住好奇心就打開房門向裡面一看。她和老爺爺看到原本應是女孩的地方，居然是一隻白鶴。\n\n白鶴拔了自己身上的羽毛和線一起來織，而織出來布是如此的燦爛奪目。大部分的羽毛都被牠拔出來，因此看到白鶴的身姿是如此的可憐。\n\n看到此情形的夫婦倆非常驚訝而嚇了一跳，接著白鶴變回女孩，並停止織布來到老夫婦身旁，她向老爺爺坦白說她就是被他幫助逃離陷阱的白鶴，她希望能成為老夫婦的女兒，不過她說要是被看到她的真面目時她就要離開了。之後她就變回了白鶴，並向老夫婦道別後飛往天空去了。', 'SAILOR_168-1.jpg', '2023-02-22 00:00:00', '2022-06-06 00:00:00', 1),
(169, 'SAILOR 寫樂 PROFESSIONAL GEAR 14K 鋼筆 ', 1, 3840, '傳說在很久很久以前，有一個叫牛郎的孤兒，隨哥哥嫂子生活，嫂子對他不好，給了他九頭牛卻讓他領十頭回來，否則永遠不要回去。\n\n沮喪之時他得到高人指點，在山上發現了一頭生病的老牛，他悉心照料，才得知老牛原來是天上的金牛星被打下凡間，牛郎於是將其領回家。\n\n後來得到老牛指點，牛郎找到了下凡仙女們洗澡遊玩的地方，拿起了其中一個的衣服，那個仙女名字叫織女，兩人相識，墜入愛河，後生育有龍鳳胎。\n\n但由於觸犯天規，織女被帶回天界。老牛告訴牛郎，牠死之後把皮做成鞋穿上就可以騰雲駕霧。後來牛郎終於上了天界，眼看就要和織女團聚，被王母娘娘頭上銀簪所變的銀河攔住去路。天上的喜鵲被他們的愛情感動了，化作鵲橋，牛郎織女終於團聚。王母娘娘有些動容，命每年農曆七月初七，兩人可在鵲橋相會。\n\n之後，每年七夕牛郎就把兩個小孩放在筐中用扁擔挑起，牛郎與織女團聚，成為佳話。', 'SAILOR_169-1.jpg', '2024-01-01 00:00:00', '2022-09-09 00:00:00', 1),
(170, 'SAILOR 寫樂 PROFESSIONAL GEAR 14K 鋼筆 ', 1, 3840, '《竹取物語》或名為《竹取翁物語》，是日本最早的物語作品。作者與創作年代不詳、乃是以女文字（假名）所寫成的物語文學。\n\n\n故事寫了一位伐竹翁在竹林遇到一小女嬰，起名為輝夜姬。\n\n輝夜姬僅經過三個月就長成亭亭玉立的少女。五名貴族子弟向她求婚，她答應嫁給能尋得她喜愛的寶物的人。結果求婚者均遭失敗。\n\n皇帝想憑藉權勢強娶，也遭到她的拒絕。最後，輝夜姬在這群茫然失措的凡夫俗子面前突然升天。\n\n而辛苦將她扶養長大的老爺爺和老奶奶，只好目送她的離開。', 'SAILOR_170-1.jpg', '2023-03-15 00:00:00', '2022-10-27 00:00:00', 1),
(171, '德國KAWECO AL EF尖 鋼筆 鐵灰', 1, 2850, '是一間歷史悠久的優質書寫工具製造商，於1883年創立並設廠於德國海德堡市，\n已超過130年歷史一直以來都保存一貫傳統優良的製筆工藝，這些核心價值至今持續在每支書寫筆款當中\n ', 'KAWECO_171-1.jpg', '2023-02-24 00:00:00', '2022-08-22 00:00:00', 1),
(172, '德國KAWECO AL F尖 鋼筆 鐵灰', 1, 2850, '是一間歷史悠久的優質書寫工具製造商，於1883年創立並設廠於德國海德堡市，\n已超過130年歷史一直以來都保存一貫傳統優良的製筆工藝，這些核心價值至今持續在每支書寫筆款當中\n ', 'KAWECO_172-1.jpg', '2023-02-15 00:00:00', '2022-07-09 00:00:00', 1),
(173, '德國KAWECO AL M尖 鋼筆 鐵灰', 1, 2850, '是一間歷史悠久的優質書寫工具製造商，於1883年創立並設廠於德國海德堡市，\n已超過130年歷史一直以來都保存一貫傳統優良的製筆工藝，這些核心價值至今持續在每支書寫筆款當中\n ', 'KAWECO_173-1.jpg', '2023-12-15 00:00:00', '2022-12-10 00:00:00', 1),
(174, '德國 KAWECO BRONZE EF尖 鋼筆 ', 1, 4818, '堅固的青銅筆身與銀色的精美Kaweco標誌及筆尖相互交織成令人驚艷的成果', 'KAWECO_174-1.jpg', '2024-02-01 00:00:00', '2022-06-14 00:00:00', 1),
(175, '德國 KAWECO BRONZE F尖 鋼筆 ', 1, 4818, '堅固的青銅筆身與銀色的精美Kaweco標誌及筆尖相互交織成令人驚艷的成果', 'KAWECO_175-1.jpg', '2023-03-16 00:00:00', '2022-08-17 00:00:00', 1),
(176, '德國 KAWECO BRONZE M尖 鋼筆 ', 1, 4818, '堅固的青銅筆身與銀色的精美Kaweco標誌及筆尖相互交織成令人驚艷的成果', 'KAWECO_176-1.jpg', '2024-03-07 00:00:00', '2022-06-29 00:00:00', 1),
(177, '德國 KAWECO PERKEO 鋼筆', 1, 535, '設計源於1900年左右的KAWECO PERKEO沾水筆。\n\n使用經典的Kaweco八角形筆蓋，搭配十六角形的筆桿。\n\n優美復古的撞色配色，握位處使用符合人體工學的三角握位，握起來舒適，且相當適合剛接觸鋼筆的朋友。', 'KAWECO_177-1.jpg', '2024-03-02 00:00:00', '2022-06-20 00:00:00', 1),
(178, '德國 KAWECO PERKEO 鋼筆', 1, 535, '設計源於1900年左右的KAWECO PERKEO沾水筆。\n\n使用經典的Kaweco八角形筆蓋，搭配十六角形的筆桿。\n\n優美復古的撞色配色，握位處使用符合人體工學的三角握位，握起來舒適，且相當適合剛接觸鋼筆的朋友。', 'KAWECO_178-1.jpg', '2024-02-28 00:00:00', '2022-08-23 00:00:00', 1),
(179, 'Sheaffer VFM 9427', 1, 1065, '廣受歡迎的犀飛利 VFM 以其現代的錐形輪廓給人留下了深刻的印象。它有多種飾面可供選擇，從創意多彩到智能精緻。其性能得到犀飛利白點的支持，犀飛利白點是我們卓越書寫的象徵。\n彰顯個性的現代廓形\n有多種飾面可供選擇，適合任何品味\n具有犀飛利白點，這是卓越書寫的商標象徵\n裝在高級禮品盒中\n亮光淺灰色搭配金色飾邊', 'Sheaffer_179-1.jpg', '2023-11-19 00:00:00', '2022-07-26 00:00:00', 1),
(180, 'Sheaffer VFM 9426', 1, 909, '廣受歡迎的犀飛利 VFM 以其現代的錐形輪廓給人留下了深刻的印象。它有多種飾面可供選擇，從創意多彩到智能精緻。其性能得到犀飛利白點的支持，犀飛利白點是我們卓越書寫的象徵。\n彰顯個性的現代廓形\n有多種飾面可供選擇，適合任何品味\n具有犀飛利白點，這是卓越書寫的商標象徵\n裝在高級禮品盒中\n拉絲鍍鉻，搭配閃亮鍍鉻飾邊', 'Sheaffer_180-1.jpg', '2023-02-14 00:00:00', '2022-12-27 00:00:00', 1),
(181, 'Sheaffer 100 9372', 1, 2851, 'Sheaffer 100 是慶祝場合或開啟新篇章的絕佳禮物。憑藉其現代的設計、永恆的飾面選項和平衡的感覺，它是讓想法毫不費力地流淌到頁面上的完美工具。對於喜歡寫作的人來說，犀飛利 100 是一種經濟實惠的方式，可以將書寫體驗提升一個檔次，同時也給人留下深刻的印象。\n優雅、流線型的輪廓\n時尚的剪裁夾\n採用犀飛利白點 (Sheaffer White Dot)，這是卓越書寫的商標象徵\n裝在高級禮品盒中\n光澤金色，帶有閃亮 PVD ??金色飾邊', 'Sheaffer_181-1.jpg', '2023-03-20 00:00:00', '2022-12-28 00:00:00', 1),
(182, 'Sheaffer 100 9371', 1, 2193, 'Sheaffer 100 是慶祝場合或開啟新篇章的絕佳禮物。憑藉其現代的設計、永恆的飾面選項和平衡的感覺，它是讓想法毫不費力地流淌到頁面上的完美工具。對於喜歡寫作的人來說，犀飛利 100 是一種經濟實惠的方式，可以將書寫體驗提升一個檔次，同時也給人留下深刻的印象。\n優雅、流線型的輪廓\n時尚的剪裁夾\n採用犀飛利白點 (Sheaffer White Dot)，這是卓越書寫的商標象徵\n裝在高級禮品盒中\n緞藍色帶閃亮 PVD ??藍色飾邊', 'Sheaffer_182-1.jpg', '2024-03-29 00:00:00', '2022-12-14 00:00:00', 1),
(183, 'Sheaffer 100 9370', 1, 2193, 'Sheaffer 100 是慶祝場合或開啟新篇章的絕佳禮物。憑藉其現代的設計、永恆的飾面選項和平衡的感覺，它是讓想法毫不費力地流淌到頁面上的完美工具。對於喜歡寫作的人來說，犀飛利 100 是一種經濟實惠的方式，可以將書寫體驗提升一個檔次，同時也給人留下深刻的印象。\n優雅、流線型的輪廓\n時尚的剪裁夾\n採用犀飛利白點 (Sheaffer White Dot)，這是卓越書寫的商標象徵\n裝在高級禮品盒中\n亮面棕色帶閃亮 PVD ??金色飾邊', 'Sheaffer_183-1.jpg', '2023-03-05 00:00:00', '2022-12-12 00:00:00', 1),
(184, 'Sheaffer 100 Bright Chrome', 1, 2193, 'Sheaffer 100 是慶祝場合或開啟新篇章的絕佳禮物。憑藉其現代的設計、永恆的飾面選項和平衡的感覺，它是讓想法毫不費力地流淌到頁面上的完美工具。對於喜歡寫作的人來說，犀飛利 100 是一種經濟實惠的方式，可以將書寫體驗提升一個檔次，同時也給人留下深刻的印象。\n優雅、流線型的輪廓\n時尚的剪裁夾\n具有犀飛利白點，這是卓越書寫的商標象徵\n裝在豪華禮盒中\n亮鉻合金搭配拋光鍍金裝飾', 'Sheaffer_184-1.jpg', '2023-02-07 00:00:00', '2022-10-20 00:00:00', 1),
(185, 'Sheaffer 100 Glossy Blue', 1, 1567, 'Sheaffer 100 是慶祝場合或開啟新篇章的絕佳禮物。憑藉其現代的設計、永恆的飾面選項和平衡的感覺，它是讓想法毫不費力地流淌到頁面上的完美工具。對於喜歡寫作的人來說，犀飛利 100 是一種經濟實惠的方式，可以將書寫體驗提升一個檔次，同時也給人留下深刻的印象。\n優雅、流線型的輪廓\n時尚的剪裁夾\n具有犀飛利白點，這是卓越書寫的商標象徵\n裝在豪華禮盒中\n亮光藍色漆面，搭配拋光鍍鉻裝飾', 'Sheaffer_185-1.jpg', '2023-12-14 00:00:00', '2022-12-18 00:00:00', 1),
(186, 'Sheaffer 100 Glossy Black', 1, 1567, 'Sheaffer 100 是慶祝場合或開啟新篇章的絕佳禮物。憑藉其現代的設計、永恆的飾面選項和平衡的感覺，它是讓想法毫不費力地流淌到頁面上的完美工具。對於喜歡寫作的人來說，犀飛利 100 是一種經濟實惠的方式，可以將書寫體驗提升一個檔次，同時也給人留下深刻的印象。\n優雅、流線型的輪廓\n時尚的剪裁夾\n具有犀飛利白點，這是卓越書寫的商標象徵\n裝在豪華禮盒中\n亮黑色漆面，帶有拋光鍍鉻裝飾', 'Sheaffer_186-1.jpg', '2024-03-27 00:00:00', '2022-11-14 00:00:00', 1),
(187, 'Sheaffer100 Black And Chrome', 1, 1441, 'Sheaffer 100 是慶祝場合或開啟新篇章的絕佳禮物。憑藉其現代的設計、永恆的飾面選項和平衡的感覺，它是讓想法毫不費力地流淌到頁面上的完美工具。對於喜歡寫作的人來說，犀飛利 100 是一種經濟實惠的方式，可以將書寫體驗提升一個檔次，同時也給人留下深刻的印象。\n優雅、流線型的輪廓\n時尚的剪裁夾\n具有犀飛利白點，這是卓越書寫的商標象徵\n光亮黑色筆桿，帶拉絲鍍鉻筆帽，配有鍍鉻裝飾', 'Sheaffer_187-1.jpg', '2023-12-23 00:00:00', '2022-07-03 00:00:00', 1),
(188, 'Sheaffer 100 Brushed Chrome', 1, 1441, 'Sheaffer 100 是慶祝場合或開啟新篇章的絕佳禮物。憑藉其現代的設計、永恆的飾面選項和平衡的感覺，它是讓想法毫不費力地流淌到頁面上的完美工具。對於喜歡寫作的人來說，犀飛利 100 是一種經濟實惠的方式，可以將書寫體驗提升一個檔次，同時也給人留下深刻的印象。\n優雅、流線型的輪廓\n時尚的剪裁夾\n具有犀飛利白點，這是卓越書寫的商標象徵\n裝在豪華禮盒中\n拉絲鍍鉻筆桿和筆蓋均帶有鍍鉻裝飾', 'Sheaffer_188-1.jpg', '2023-01-11 00:00:00', '2022-10-23 00:00:00', 1),
(189, 'Sheaffer VFM Polished Chrome', 1, 1065, '廣受歡迎的犀飛利 VFM 以其現代的錐形輪廓給人留下了深刻的印象。它有多種飾面可供選擇，從創意多彩到智能精緻。其性能得到犀飛利白點的支持，犀飛利白點是我們卓越書寫的象徵。\n彰顯個性的現代廓形\n有多種飾面可供選擇，適合任何品味\n具有犀飛利白點，這是卓越書寫的商標象徵\n裝在禮品盒中\n拋光鍍鉻飾有金色飾邊', 'Sheaffer_189-1.jpg', '2023-01-31 00:00:00', '2022-09-23 00:00:00', 1),
(190, 'Sheaffer VFM Matte Black', 1, 752, '廣受歡迎的犀飛利 VFM 以其現代的錐形輪廓給人留下了深刻的印象。它有多種飾面可供選擇，從創意多彩到智能精緻。其性能得到犀飛利白點的支持，犀飛利白點是我們卓越書寫的象徵。\n彰顯個性的現代廓形\n有多種飾面可供選擇，適合任何品味\n具有犀飛利白點，這是卓越書寫的商標象徵\n裝在禮品盒中\n霧面黑色配有鍍鉻飾邊', 'Sheaffer_190-1.jpg', '2023-12-06 00:00:00', '2022-11-24 00:00:00', 1),
(191, 'Sheaffer VFM Neon Blue', 1, 783, '廣受歡迎的犀飛利 VFM 以其現代的錐形輪廓給人留下了深刻的印象。它有多種飾面可供選擇，從創意多彩到智能精緻。其性能得到犀飛利白點的支持，犀飛利白點是我們卓越書寫的象徵。\n彰顯個性的現代廓形\n有多種飾面可供選擇，適合任何品味\n具有犀飛利白點，這是卓越書寫的商標象徵\n裝在禮品盒中\n霓虹藍配有鍍鉻飾邊', 'Sheaffer_191-1.jpg', '2023-04-04 00:00:00', '2022-10-15 00:00:00', 1),
(192, 'Sheaffer VFM Strobe Silver', 1, 752, '廣受歡迎的犀飛利 VFM 以其現代的錐形輪廓給人留下了深刻的印象。它有多種飾面可供選擇，從創意多彩到智能精緻。其性能得到犀飛利白點的支持，犀飛利白點是我們卓越書寫的象徵。\n彰顯個性的現代廓形\n有多種飾面可供選擇，適合任何品味\n具有犀飛利白點，這是卓越書寫的商標象徵\n裝在禮品盒中\nStrobe Silver 採用鍍鉻飾邊', 'Sheaffer_192-1.jpg', '2024-02-26 00:00:00', '2022-09-24 00:00:00', 1),
(193, 'Sheaffer ICON 9110', 1, 3916, '並非每支筆都可以成為圖標，但這支筆可以。體驗犀飛利歷史的精華，盡在一支筆中！Sheaffer Icon 借鑒了 Sheaffer 品牌著名的 DNA，並透過現代視角對其進行了重新想像。富有洞察力的設計細節和卓越的功能提供首屈一指的書寫體驗。Sheaffer Icon 憑藉其寬大的外形和均衡的重量，在長時間的書寫過程中提供長期的舒適感。這款 Icon 配有復古風格的環繞式夾子和強烈對比的飾邊，具有迷人的外觀。\n大膽的裝飾藝術輪廓和舒適平衡的重量\n帶有彩色鑲嵌的環繞式夾子\n具有犀飛利白點，這是卓越書寫的商標象徵\n裝在高級禮品盒中\n金屬藍配亮黑色飾邊', 'Sheaffer_193-1.jpg', '2023-03-10 00:00:00', '2022-08-09 00:00:00', 1),
(194, 'Sheaffer ICON 9108', 1, 3916, '並非每支筆都可以成為圖標，但這支筆可以。體驗犀飛利歷史的精華，盡在一支筆中！Sheaffer Icon 借鑒了 Sheaffer 品牌著名的 DNA，並透過現代視角對其進行了重新想像。富有洞察力的設計細節和卓越的功能提供首屈一指的書寫體驗。Sheaffer Icon 憑藉其寬大的外形和均衡的重量，在長時間的書寫過程中提供長期的舒適感。這款 Icon 配有復古風格的環繞式夾子和強烈對比的飾邊，具有迷人的外觀。\n大膽的裝飾藝術輪廓和舒適平衡的重量\n帶有彩色鑲嵌的環繞式夾子\n具有犀飛利白點，這是卓越書寫的商標象徵\n裝在高級禮品盒中\n霧面黑帶亮光黑飾邊', 'Sheaffer_194-1.jpg', '2023-12-03 00:00:00', '2022-10-07 00:00:00', 1),
(195, 'Sheaffer 300 Matte Green', 1, 1755, '立場強硬的作家更喜歡立場強硬的筆。Sheaffer 300 以其威嚴、結構化的外形和卓越的書寫性能而聞名。300 有點特立獨行，大膽地連結了傳統和意想不到的世界。\n寬大的輪廓，重量舒適且平衡\n值得注意的平頂和寬中心帶\n標誌性開槽夾\n裝在豪華禮盒中\n霧面綠色漆面', 'Sheaffer_195-1.jpg', '2024-03-04 00:00:00', '2022-10-14 00:00:00', 1),
(196, 'Sheaffer 300 Matte Black', 1, 1755, '立場強硬的作家更喜歡立場強硬的筆。Sheaffer 300 以其威嚴、結構化的外形和卓越的書寫性能而聞名。300 有點特立獨行，大膽地連結了傳統和意想不到的世界。\n寬大的輪廓，重量舒適且平衡\n值得注意的平頂和寬中心帶\n標誌性開槽夾\n裝在豪華禮盒中 霧面黑色漆面', 'Sheaffer_196-1.jpg', '2024-04-09 00:00:00', '2022-07-02 00:00:00', 1),
(197, 'Sheaffer 300 E9346', 1, 1755, '立場強硬的作家更喜歡立場強硬的筆。Sheaffer 300 以其威嚴、結構化的外形和卓越的書寫性能而聞名。300 有點特立獨行，大膽地連結了傳統和意想不到的世界。\n寬大的輪廓，重量舒適且平衡\n值得注意的平頂和寬中心帶\n標誌性開槽夾\n裝在豪華禮盒中\n霧面綠色漆面', 'Sheaffer_197-1.jpg', '2024-03-24 00:00:00', '2022-06-15 00:00:00', 1),
(198, 'Sheaffer 300 Matte Gray  With Black Trims ', 1, 1755, '立場強硬的作家更喜歡立場強硬的筆。Sheaffer 300 以其威嚴、結構化的外形和卓越的書寫性能而聞名。300 有點特立獨行，大膽地連結了傳統和意想不到的世界。\n寬大的輪廓，重量舒適且平衡\n值得注意的平頂和寬中心帶\n標誌性開槽夾\n裝在豪華禮盒中\n霧面灰色漆面', 'Sheaffer_198-1.jpg', '2024-02-20 00:00:00', '2022-07-20 00:00:00', 1),
(199, 'Sheaffer 300 Glossy Black And Chrome', 1, 1473, '立場強硬的作家更喜歡立場強硬的筆。Sheaffer 300 以其威嚴、結構化的外形和卓越的書寫性能而聞名。300 有點特立獨行，大膽地連結了傳統和意想不到的世界。\n寬大的輪廓，重量舒適且平衡\n值得注意的平頂和寬中心帶\n標誌性開槽夾\n裝在豪華禮盒中\n光亮黑色筆桿和亮鉻筆蓋採用鍍鉻裝飾', 'Sheaffer_199-1.jpg', '2024-03-03 00:00:00', '2022-12-30 00:00:00', 1),
(200, 'Sheaffer 300 Matte Black  With Black Trims ', 1, 1755, '立場強硬的作家更喜歡立場強硬的筆。Sheaffer 300 以其威嚴、結構化的外形和卓越的書寫性能而聞名。300 有點特立獨行，大膽地連結了傳統和意想不到的世界。\n寬大的輪廓，重量舒適且平衡\n值得注意的平頂和寬中心帶\n標誌性開槽夾\n裝在豪華禮盒中\n霧面黑色漆面', 'Sheaffer_200-1.jpg', '2023-12-11 00:00:00', '2022-07-27 00:00:00', 1),
(201, 'Sheaffer VFM 9424', 1, 909, '廣受歡迎的犀飛利 VFM 以其現代的錐形輪廓給人留下了深刻的印象。它有多種飾面可供選擇，從創意多彩到智能精緻。其性能得到犀飛利白點的支持，犀飛利白點是我們卓越書寫的象徵。\n彰顯個性的現代廓形\n有多種飾面可供選擇，適合任何品味\n具有犀飛利白點，這是卓越書寫的商標象徵\n裝在高級禮品盒中\n霧面灰色搭配黑色飾邊', 'Sheaffer_201-1.jpg', '2023-12-27 00:00:00', '2022-08-29 00:00:00', 1),
(202, 'Sheaffer SAGARIS 9475', 1, 2976, 'Sheaffer Sagaris 創造了永恆風格與現代設計感的完美平衡。這款筆專為舒適而設計，可提供優質的書寫體驗，使其非常適合工作、娛樂以及介於兩者之間的一切。它展現了復古犀飛利風格和精緻的飾面。\n優雅的外形以錐形帽和筒為特徵\n具有犀飛利白點，這是卓越書寫的商標象徵\n裝在高級禮品盒中\n亮黑色筆管和鍍鉻筆蓋，金色飾邊', 'Sheaffer_202-1.jpg', '2023-02-02 00:00:00', '2022-12-06 00:00:00', 1),
(203, 'Sheaffer 300 Bright Chrome', 1, 2444, '立場強硬的作家更喜歡立場強硬的筆。Sheaffer 300 以其威嚴、結構化的外形和卓越的書寫性能而聞名。300 有點特立獨行，大膽地連結了傳統和意想不到的世界。\n寬大的輪廓，重量舒適且平衡\n值得注意的平頂和寬中心帶\n標誌性開槽夾\n裝在豪華禮盒中\n亮鉻合金搭配拋光金色裝飾', 'Sheaffer_203-1.jpg', '2023-12-07 00:00:00', '2022-06-08 00:00:00', 1),
(204, 'Sheaffer 100 Chrome With Gold Trims', 1, 2193, 'Sheaffer 100 是慶祝場合或開啟新篇章的絕佳禮物。憑藉其現代的設計、永恆的飾面選項和平衡的感覺，它是讓想法毫不費力地流淌到頁面上的完美工具。對於喜歡寫作的人來說，犀飛利 100 是一種經濟實惠的方式，可以將書寫體驗提升一個檔次，同時也給人留下深刻的印象。\n優雅、流線型的輪廓\n時尚的剪裁夾\n採用犀飛利白點 (Sheaffer White Dot)，這是卓越書寫的商標象徵\n採用自助式翻蓋式包裝\n明亮的鍍鉻飾面，帶有拋光金色飾邊', 'Sheaffer_204-1.jpg', '2023-02-16 00:00:00', '2022-08-13 00:00:00', 1),
(205, 'Sheaffer SAGARIS 9471', 1, 2976, 'Sheaffer Sagaris 創造了永恆風格與現代設計感的完美平衡。這款筆專為舒適而設計，可提供優質的書寫體驗，使其非常適合工作、娛樂以及介於兩者之間的一切。它展現了復古犀飛利風格和精緻的飾面。\n優雅的外形以錐形帽和筒為特徵\n具有犀飛利白點，這是卓越書寫的商標象徵\n裝在高級禮品盒中\n亮黑色帶金色飾邊', 'Sheaffer_205-1.jpg', '2023-12-24 00:00:00', '2022-09-08 00:00:00', 1),
(206, 'Sheaffer 100 Glossy Black Lacquer', 1, 1567, 'Sheaffer 100 是慶祝場合或開啟新篇章的絕佳禮物。憑藉其現代的設計、永恆的飾面選項和平衡的感覺，它是讓想法毫不費力地流淌到頁面上的完美工具。對於喜歡寫作的人來說，犀飛利 100 是一種經濟實惠的方式，可以將書寫體驗提升一個檔次，同時也給人留下深刻的印象。\n優雅、流線型的輪廓\n時尚的剪裁夾\n採用犀飛利白點 (Sheaffer White Dot)，這是卓越書寫的商標象徵\n採用自助式翻蓋式包裝\n一年有限保固\n亮黑色漆面，拋光鍍鉻飾邊', 'Sheaffer_206-1.jpg', '2023-02-23 00:00:00', '2022-09-13 00:00:00', 1),
(207, 'Sheaffer VFM Matte Black With Chrome Trims', 1, 752, '廣受歡迎的犀飛利 VFM 以其現代的錐形輪廓給人留下了深刻的印象。它有多種飾面可供選擇，從創意多彩到智能精緻。其性能得到犀飛利白點 的支持，犀飛利白點 是我們卓越書寫的象徵。\n彰顯個性的現代廓形\n有多種飾面可供選擇，適合任何品味\n採用犀飛利白點 (Sheaffer White Dot)，這是卓越書寫的商標象徵\n採用自助式翻蓋式包裝\n享有一年有限保修\n霧面黑色飾面，配有鍍鉻裝飾', 'Sheaffer_207-1.jpg', '2023-03-22 00:00:00', '2022-09-18 00:00:00', 1),
(208, 'Sheaffer VFM Neon Blue  With Chrome Trims ', 1, 783, '廣受歡迎的犀飛利 VFM 以其現代的錐形輪廓給人留下了深刻的印象。它有多種飾面可供選擇，從創意多彩到智能精緻。其性能得到犀飛利白點的支持，犀飛利白點是我們卓越書寫的象徵。\n彰顯個性的現代廓形\n有多種飾面可供選擇，適合任何品味\n具有犀飛利白點，這是卓越書寫的商標象徵\n裝在禮品盒中\n霓虹藍配有鍍鉻飾邊', 'Sheaffer_208-1.jpg', '2024-03-25 00:00:00', '2022-11-12 00:00:00', 1),
(209, 'Sheaffer VFM Strobe Silver ', 1, 752, '廣受歡迎的犀飛利 VFM 以其現代的錐形輪廓給人留下了深刻的印象。它有多種飾面可供選擇，從創意多彩到智能精緻。其性能得到犀飛利白點 的支持，犀飛利白點 是我們卓越書寫的象徵。\n彰顯個性的現代廓形\n有多種飾面可供選擇，適合任何品味\n採用犀飛利白點 (Sheaffer White Dot)，這是卓越書寫的商標象徵\n採用自助式翻蓋式包裝\n享有一年有限保修\n 頻閃銀色飾面，配有鍍鉻飾邊', 'Sheaffer_209-1.jpg', '2023-11-22 00:00:00', '2022-08-15 00:00:00', 1),
(210, 'Sheaffer 100 Brushed Chrome With Chrome Trims ', 1, 1441, 'Sheaffer 100 是慶祝場合或開啟新篇章的絕佳禮物。憑藉其現代的設計、永恆的飾面選項和平衡的感覺，它是讓想法毫不費力地流淌到頁面上的完美工具。對於喜歡寫作的人來說，犀飛利 100 是一種經濟實惠的方式，可以將書寫體驗提升一個檔次，同時也給人留下深刻的印象。\n優雅、流線型的輪廓\n時尚的剪裁夾\n具有犀飛利白點，這是卓越書寫的商標象徵\n裝在豪華禮盒中\n拉絲鍍鉻筆桿和筆蓋均帶有鍍鉻裝飾', 'Sheaffer_210-1.jpg', '2023-12-17 00:00:00', '2022-11-13 00:00:00', 1),
(211, 'Sheaffer 300 Glossy Black', 1, 2444, '立場強硬的作家更喜歡立場強硬的筆。Sheaffer 300 以其威嚴、結構化的外形和卓越的書寫性能而聞名。300 有點特立獨行，大膽地連結了傳統和意想不到的世界。\n寬大的輪廓，重量舒適且平衡\n值得注意的平頂和寬中心帶\n標誌性開槽夾\n裝在豪華禮盒中\n亮黑色搭配金色', 'Sheaffer_211-1.jpg', '2024-03-14 00:00:00', '2022-09-19 00:00:00', 1),
(212, 'Sheaffer 300 Glossy Black  With Gold Trims', 1, 1911, '立場強硬的作家更喜歡立場強硬的筆。Sheaffer 300 以其威嚴、結構化的外形和卓越的書寫性能而聞名。300 有點特立獨行，大膽地連結了傳統和意想不到的世界。\n寬大的輪廓，重量舒適且平衡\n值得注意的平頂和寬中心帶\n標誌性開槽夾\n裝在豪華禮盒中\n關於完成亮黑色搭配金色', 'Sheaffer_212-1.jpg', '2024-03-08 00:00:00', '2022-06-05 00:00:00', 1),
(213, 'Sheaffer 300 Glossy Black  With Chrome Trims ', 1, 1629, '立場強硬的作家更喜歡立場強硬的筆。Sheaffer 300 以其威嚴、結構化的外形和卓越的書寫性能而聞名。300 有點特立獨行，大膽地連結了傳統和意想不到的世界。\n寬大的輪廓，重量舒適且平衡\n值得注意的平頂和寬中心帶\n標誌性開槽夾\n裝在豪華禮盒中\n亮黑色，帶鍍鉻約會', 'Sheaffer_213-1.jpg', '2023-01-19 00:00:00', '2022-06-28 00:00:00', 1),
(214, '筆墨悠揚：掌握書法之道', 2, 1300, '專為初學者設計的鋼筆書法課，輕鬆學習優雅書寫技巧。', 'course_1.jpg', '2023-12-05 00:00:00', '2023-12-05 00:00:00', 1),
(215, '鋼筆新手入門：寫出優雅字跡', 2, 1400, '由淺入深，教授基礎到進階的鋼筆書法，打造個人風格。', 'course_2.jpg', '2023-12-06 00:00:00', '2023-12-06 00:00:00', 1),
(216, '書法之美：鋼筆字的藝術', 2, 1500, '激發學生創造力，結合藝術元素寫出獨特字風。', 'course_3.jpg', '2023-12-07 00:00:00', '2023-12-07 00:00:00', 1),
(217, '習字不求人：自學鋼筆書法', 2, 1600, '以鋼筆書法書寫日常，賦予生活藝術氛圍。', 'course_4.jpg', '2023-12-08 00:00:00', '2023-12-08 00:00:00', 1),
(218, '鋼筆字藝：創意書寫的藝術', 2, 1700, '實用技巧教學，提高書法水平，應用於不同場合。', 'course_5.jpg', '2023-12-09 00:00:00', '2023-12-09 00:00:00', 1),
(219, '一筆一劃：鋼筆書法技巧', 2, 1800, '深入探討鋼筆的使用技巧與美學，成為鋼筆達人。', 'course_6.jpg', '2023-12-10 00:00:00', '2023-12-10 00:00:00', 1),
(220, '字如其人：個性化的鋼筆字風格', 2, 1900, '展現中國風書法之美，學習書法文化的深厚底蘊。', 'course_7.jpg', '2023-12-11 00:00:00', '2023-12-11 00:00:00', 1),
(221, '鋼筆書法實戰技巧', 2, 2000, '以楷書為主，專攻正統書法，建立優雅書寫基礎。', 'course_8.jpg', '2023-12-12 00:00:00', '2023-12-12 00:00:00', 1),
(222, '書法新境界：玩味鋼筆字藝', 2, 2100, '以詩意書法為主題，教導如何用鋼筆書寫抒情文字。', 'course_9.jpg', '2023-12-13 00:00:00', '2023-12-13 00:00:00', 1),
(223, '寫出生活的美：日常鋼筆書法', 2, 2200, '引導學生進行鋼筆字藝術創作，展現獨特風格。', 'course_10.jpg', '2023-12-14 00:00:00', '2023-12-14 00:00:00', 1),
(224, '激發創意的鋼筆字藝術', 2, 2300, '融合娛樂元素，輕鬆愉快地學習鋼筆書法。', 'course_11.jpg', '2023-12-15 00:00:00', '2023-12-15 00:00:00', 1),
(225, '從入門到精通：鋼筆書法全攻略', 2, 2400, '強調基本筆劃，打好堅實的書法基礎。', 'course_12.jpg', '2023-12-16 00:00:00', '2023-12-16 00:00:00', 1),
(226, '筆墨情懷：鋼筆書法的藝術之旅', 2, 2500, '注重字形之美學，教授如何通過鋼筆展現優雅書寫。', 'course_13.jpg', '2023-12-17 00:00:00', '2023-12-17 00:00:00', 1),
(227, '筆走龍蛇：鋼筆書法的中國風情', 2, 2600, '尋找並發展獨特的書法風格，塑造個人書寫特色。', 'course_14.jpg', '2023-12-18 00:00:00', '2023-12-18 00:00:00', 1),
(228, '鋼筆字的魅力：從基礎到進階', 2, 2700, '開啟書法之旅，教導學生超越傳統，追求創新書法。', 'course_15.jpg', '2023-12-19 00:00:00', '2023-12-19 00:00:00', 1),
(229, '鋼筆水彩藝術：結合水彩技法的創意繪畫', 2, 2800, '水彩藝術：透過這門課程，你將學習如何用鋼筆創造繽紛的水彩畫作品。結合水彩技法，展現獨特的藝術風采。', 'course_16.jpg', '2023-12-20 00:00:00', '2023-12-20 00:00:00', 1),
(230, '鋼筆素描大師班：學習高水準的素描技巧', 2, 2900, '素描大師班：精進你的素描技巧，從基礎到高階，逐步打造出令人驚艷的鋼筆素描作品。', 'course_17.jpg', '2023-12-21 00:00:00', '2023-12-21 00:00:00', 1),
(231, '技巧與想像：鋼筆插畫的創意探索', 2, 3000, '技巧與想像：這是一場挑戰你創意極限的旅程，透過鋼筆描繪出充滿想像力的繪畫作品。', 'course_18.jpg', '2023-12-22 00:00:00', '2023-12-22 00:00:00', 1),
(232, '細膩線條：鋼筆線條藝術的深入研究', 2, 3100, '細膩線條：深入研究鋼筆的線條藝術，學會用筆墨表現出細緻而富有層次感的畫作。', 'course_19.jpg', '2023-12-23 00:00:00', '2023-12-23 00:00:00', 1),
(233, '鋼筆卡通繪畫：打造獨特風格的卡通作品', 2, 3200, '卡通繪畫：發揮創意，學習用鋼筆打造出個性鮮明、充滿趣味的卡通形象。', 'course_20.jpg', '2023-12-24 00:00:00', '2023-12-24 00:00:00', 1),
(234, '色彩之境：探索鋼筆繪畫的豐富色彩', 2, 3300, '色彩之境：探索如何運用鋼筆營造豐富多彩的畫面，讓你的作品更具視覺吸引力。', 'course_21.jpg', '2023-12-25 00:00:00', '2023-12-25 00:00:00', 1),
(235, '鋼筆風景畫：用筆墨描繪大自然的美景', 2, 3400, '風景畫：這門課程將教你如何用鋼筆描繪大自然美景，捕捉自然之美。', 'course_22.jpg', '2023-12-26 00:00:00', '2023-12-26 00:00:00', 1),
(236, '精準筆觸：學習用鋼筆繪製細緻紋理', 2, 3500, '精準筆觸：學習使用鋼筆繪製細緻的紋理和細節，使你的作品更加逼真和生動。', 'course_23.jpg', '2023-12-27 00:00:00', '2023-12-27 00:00:00', 1),
(237, '鋼筆動態描繪：捕捉動態場景的瞬間', 2, 3600, '動態描繪：透過鋼筆，捕捉動態場景的瞬間，讓你的繪畫更具生命力。', 'course_24.jpg', '2023-12-28 00:00:00', '2023-12-28 00:00:00', 1),
(238, '創意書寫藝術：將文字與繪畫融為一體', 2, 3700, '創意書寫藝術：這門課將教你如何將文字和繪畫相融合，創造出充滿藝術感的書寫作品。', 'course_25.jpg', '2023-12-29 00:00:00', '2023-12-29 00:00:00', 1),
(239, '鋼筆人物畫：表現生動立體的人物形象', 2, 3800, '人物畫：表現出人物的生動與立體感，學會用鋼筆描繪栩栩如生的人物形象。', 'course_26.jpg', '2023-12-30 00:00:00', '2023-12-30 00:00:00', 1),
(240, '鋼筆抽象藝術：發揮想像力創作抽象作品', 2, 3900, '抽象藝術：挑戰傳統，發揮你的想像力，創作出充滿抽象美感的繪畫作品。', 'course_27.jpg', '2023-12-31 00:00:00', '2023-12-31 00:00:00', 1),
(241, '經典鋼筆插畫：受到經典藝術啟發的插畫', 2, 4000, '經典插畫：從經典藝術中汲取靈感，用鋼筆打造出典雅而富有深度的插畫。', 'course_28.jpg', '2024-01-01 00:00:00', '2024-01-01 00:00:00', 1),
(242, '鋼筆靜物畫：描繪靜物美學的細緻之作', 2, 4100, '靜物畫：這門課將教你如何以鋼筆描繪出靜物美學，捕捉事物的精緻之處。', 'course_29.jpg', '2024-01-02 00:00:00', '2024-01-02 00:00:00', 1),
(243, '鋼筆漫畫大師班：打造有趣風格的漫畫作品', 2, 4200, '漫畫大師班：學習打造屬於自己風格的漫畫作品，用鋼筆描繪出有趣且引人入勝的漫畫故事。', 'course_30.jpg', '2024-01-03 00:00:00', '2024-01-03 00:00:00', 1),
(244, '鋼筆書寫藝術基礎課', 2, 4300, '學習鋼筆基本筆劃、字形，打好書寫基礎，啟發創造力與表達技巧。', 'course_31.jpg', '2024-01-04 00:00:00', '2024-01-04 00:00:00', 1),
(245, '手寫風格養成：鋼筆字技巧', 2, 4400, '培養獨特鋼筆字風格，細緻技法，提升手寫品味。', 'course_32.jpg', '2024-01-05 00:00:00', '2024-01-05 00:00:00', 1),
(246, '美麗的書法之旅：鋼筆入門', 2, 4500, '入門鋼筆書法，感受書法之美，啟發創意。', 'course_33.jpg', '2024-01-06 00:00:00', '2024-01-06 00:00:00', 1),
(247, '書寫藝術的魅力：鋼筆字體設計', 2, 4600, '掌握鋼筆字體設計，創造個人風格獨特之字。', 'course_34.jpg', '2024-01-07 00:00:00', '2024-01-07 00:00:00', 1),
(248, '鋼筆書法初階班', 2, 4700, '踏入鋼筆書法的門檻，深化基本技巧。', 'course_35.jpg', '2024-01-08 00:00:00', '2024-01-08 00:00:00', 1),
(249, '優雅的鋼筆字：習字技巧進階', 2, 4800, '進階習字，提升書法藝術水平。', 'course_36.jpg', '2024-01-09 00:00:00', '2024-01-09 00:00:00', 1),
(250, '鋼筆書法實戰技巧', 2, 4900, '實際應用鋼筆書法技巧，增強書寫實力。', 'course_37.jpg', '2024-01-10 00:00:00', '2024-01-10 00:00:00', 1),
(251, '創意書寫：鋼筆手寫創作', 2, 5000, '發揮創意，運用鋼筆進行手寫藝術創作。', 'course_38.jpg', '2024-01-11 00:00:00', '2024-01-11 00:00:00', 1),
(252, '鋼筆字藝的融合與革新', 2, 5100, '融合不同風格，打造獨特的鋼筆字藝作品。', 'course_39.jpg', '2024-01-12 00:00:00', '2024-01-12 00:00:00', 1),
(253, '手寫藝術之美：鋼筆書法專業課', 2, 5200, '專業鋼筆書法課，提升文字藝術造詣。', 'course_40.jpg', '2024-01-13 00:00:00', '2024-01-13 00:00:00', 1),
(254, '中西書法對話：鋼筆文字交流', 2, 5300, '中西書法交流，豐富鋼筆文字表達。', 'course_41.jpg', '2024-01-14 00:00:00', '2024-01-14 00:00:00', 1),
(255, '鋼筆書法藝術創作工作坊', 2, 5400, '體驗鋼筆書法藝術創作，?發創意靈感。', 'course_42.jpg', '2024-01-15 00:00:00', '2024-01-15 00:00:00', 1),
(256, '鋼筆字的時尚魅力', 2, 5500, '探索鋼筆字的時尚魅力，展現個性風格。', 'course_43.jpg', '2024-01-16 00:00:00', '2024-01-16 00:00:00', 1),
(257, '鋼筆書寫與表達技法', 2, 5600, '學習鋼筆書寫與表達技法，豐富文字藝術。', 'course_44.jpg', '2024-01-17 00:00:00', '2024-01-17 00:00:00', 1),
(258, '鋼筆藝術字的美學探索', 2, 5700, '美學探索鋼筆藝術字，發現書法之美。', 'course_45.jpg', '2024-01-18 00:00:00', '2024-01-18 00:00:00', 1),
(259, '鋼筆水彩繪畫初階班', 2, 5800, '學習鋼筆水彩技法，初探繪畫世界，培養創意與表現力。', 'course_46.jpg', '2023-12-01 00:00:00', '2023-12-01 00:00:00', 1),
(260, '創意鋼筆插畫技法探索', 2, 5900, '探索鋼筆插畫，發揮無限創意，打造獨特作品。', 'course_47.jpg', '2023-12-02 00:00:00', '2023-12-02 00:00:00', 1),
(261, '鋼筆人物繪畫基礎課程', 2, 6000, '培養鋼筆人物繪畫基礎，表現生動個性。', 'course_48.jpg', '2023-12-03 00:00:00', '2023-12-03 00:00:00', 1),
(262, '水墨風格的鋼筆山水畫', 2, 6100, '水墨風格山水畫，鋼筆墨色融合，賦予畫面靈動意境。', 'course_49.jpg', '2023-12-04 00:00:00', '2023-12-04 00:00:00', 1),
(263, '鋼筆卡通插畫創作班', 2, 6200, '鋼筆卡通插畫，學習表現卡通風格，創造可愛形象。', 'course_50.jpg', '2023-12-05 00:00:00', '2023-12-05 00:00:00', 1),
(264, '色彩激盪：鋼筆繪畫進階技巧', 2, 6300, '色彩激盪：鋼筆繪畫進階，深化技巧與表現層次。', 'course_51.jpg', '2023-12-06 00:00:00', '2023-12-06 00:00:00', 1),
(265, '鋼筆靜物畫的繪畫技法', 2, 6400, '鋼筆靜物畫，細緻描繪，捕捉事物的美與細節。', 'course_52.jpg', '2023-12-07 00:00:00', '2023-12-07 00:00:00', 1),
(266, '手寫與繪畫的完美結合：鋼筆創作', 2, 6500, '手寫與繪畫結合，創造獨特風格的鋼筆作品。', 'course_53.jpg', '2024-01-26 00:00:00', '2024-01-26 00:00:00', 1),
(267, '鋼筆動物插畫工作坊', 2, 6600, '鋼筆動物插畫，掌握動物特色，豐富繪畫技法。', 'course_54.jpg', '2024-01-27 00:00:00', '2024-01-27 00:00:00', 1),
(268, '繪製夢幻風景：鋼筆幻想畫', 2, 6700, '繪製夢幻風景，運用鋼筆營造奇幻畫面，引領觀者進入夢境。', 'course_55.jpg', '2024-01-28 00:00:00', '2024-01-28 00:00:00', 1),
(269, '鋼筆墨跡畫風的抽象表現', 2, 6800, '鋼筆墨跡畫風，探索抽象表現，展現獨特藝術風采。', 'course_56.jpg', '2024-01-29 00:00:00', '2024-01-29 00:00:00', 1),
(270, '鋼筆花草繪畫技法探討', 2, 6900, '鋼筆花草繪畫，學習表現植物之美，營造自然氛圍。', 'course_57.jpg', '2024-01-30 00:00:00', '2024-01-30 00:00:00', 1),
(271, '當代藝術：鋼筆現代抽象畫', 2, 7000, '當代藝術：鋼筆現代抽象畫，挑戰傳統，勇於表現。', 'course_58.jpg', '2024-01-31 00:00:00', '2024-01-31 00:00:00', 1),
(272, '鋼筆漫畫風格繪畫入門', 2, 7100, '鋼筆漫畫風格入門，掌握基礎技法，開啟漫畫創作之路。', 'course_59.jpg', '2024-02-01 00:00:00', '2024-02-01 00:00:00', 1),
(273, '鋼筆人體繪畫的藝術表達', 2, 7200, '鋼筆人體繪畫，藉由筆觸表現人體之美，表達藝術情感。', 'course_60.jpg', '2024-02-02 00:00:00', '2024-02-02 00:00:00', 1);

-- --------------------------------------------------------

--
-- 資料表結構 `stock`
--

CREATE TABLE `stock` (
  `id` int(255) NOT NULL,
  `product_id` int(255) NOT NULL,
  `store_id` varchar(100) CHARACTER SET utf8mb4 COLLATE utf8mb4_unicode_ci NOT NULL,
  `qty` int(100) NOT NULL
) ENGINE=InnoDB DEFAULT CHARSET=latin1 COLLATE=latin1_swedish_ci;

--
-- 傾印資料表的資料 `stock`
--

INSERT INTO `stock` (`id`, `product_id`, `store_id`, `qty`) VALUES
(1, 71, '新北中和店', 149),
(2, 58, '台北大安店', 85),
(3, 17, '彰化和美店', 134),
(4, 99, '高雄中山店', 123),
(5, 26, '桃園站前店', 43),
(6, 129, '台南安平店', 84),
(7, 89, '台北中正店', 14),
(8, 99, '高雄前鎮店', 49),
(9, 162, '台中沙鹿店', 40),
(10, 196, '桃園中壢店', 37),
(11, 86, '台北士林店', 93),
(12, 74, '台南仁德店', 36),
(13, 75, '新竹竹北店', 133),
(14, 208, '高雄前鎮店', 9),
(15, 107, '高雄中山店', 43),
(16, 147, '彰化和美店', 4),
(17, 11, '新北中和店', 129),
(18, 156, '台中七期店', 132),
(19, 2, '高雄小港店', 42),
(20, 79, '雲林虎尾店', 102),
(21, 5, '台南安平店', 26),
(22, 128, '高雄中山店', 24),
(23, 129, '台北內湖店', 63),
(24, 191, '高雄小港店', 98),
(25, 196, '高雄苓雅店', 134),
(26, 104, '台北信義店', 5),
(27, 96, '台中逢甲店', 30),
(28, 6, '彰化和美店', 45),
(29, 35, '新北三峽店', 105),
(30, 19, '新竹竹北店', 114),
(31, 205, '台北信義店', 51),
(32, 154, '高雄博愛店', 131),
(33, 5, '彰化和美店', 22),
(34, 25, '台南仁德店', 18),
(35, 149, '新北板橋店', 127),
(36, 36, '台北士林店', 20),
(37, 167, '新北三峽店', 78),
(38, 15, '桃園中壢店', 126),
(39, 69, '桃園站前店', 86),
(40, 188, '台北大安店', 89),
(41, 151, '高雄苓雅店', 9),
(42, 30, '新竹站前店', 73),
(43, 52, '高雄小港店', 31),
(44, 201, '桃園站前店', 80),
(45, 123, '台北內湖店', 108),
(46, 144, '新竹站前店', 115),
(47, 64, '台北松山店', 9),
(48, 169, '台北大安店', 9),
(49, 188, '台北士林店', 68),
(50, 38, '台中逢甲店', 93),
(51, 14, '雲林虎尾店', 98),
(52, 28, '新竹竹北店', 56),
(53, 14, '高雄小港店', 71),
(54, 19, '高雄苓雅店', 139),
(55, 174, '台中逢甲店', 147),
(56, 105, '台中七期店', 140),
(57, 1, '台中七期店', 104),
(58, 57, '桃園站前店', 63),
(59, 194, '台北大安店', 86),
(60, 170, '台中沙鹿店', 146),
(61, 176, '台中北屯店', 74),
(62, 46, '高雄博愛店', 95),
(63, 160, '高雄前鎮店', 5),
(64, 44, '台南仁德店', 60),
(65, 12, '台南安平店', 24),
(66, 124, '高雄小港店', 94),
(67, 17, '雲林虎尾店', 40),
(68, 83, '台北大安店', 1),
(69, 198, '台北中正店', 140),
(70, 72, '桃園站前店', 100),
(71, 86, '桃園站前店', 142),
(72, 119, '新竹站前店', 97),
(73, 72, '高雄苓雅店', 61),
(74, 63, '台北中正店', 117),
(75, 81, '台南安平店', 141),
(76, 152, '台中逢甲店', 105),
(77, 83, '台中逢甲店', 16),
(78, 126, '台南安平店', 125),
(79, 3, '台北士林店', 145),
(80, 157, '雲林虎尾店', 41),
(81, 84, '台北信義店', 57),
(82, 81, '彰化和美店', 55),
(83, 78, '桃園站前店', 124),
(84, 100, '桃園中壢店', 20),
(85, 124, '雲林虎尾店', 92),
(86, 56, '台中北屯店', 61),
(87, 48, '高雄苓雅店', 92),
(88, 40, '台南仁德店', 70),
(89, 37, '台北大安店', 57),
(90, 90, '彰化和美店', 3),
(91, 32, '高雄前鎮店', 101),
(92, 184, '雲林虎尾店', 79),
(93, 140, '高雄中山店', 108),
(94, 173, '台北信義店', 57),
(95, 88, '台中七期店', 13),
(96, 39, '新北三峽店', 141),
(97, 3, '台北內湖店', 135),
(98, 39, '台北內湖店', 134),
(99, 187, '台北士林店', 26),
(100, 30, '台北士林店', 113),
(101, 47, '高雄小港店', 18),
(102, 207, '台北信義店', 120),
(103, 95, '高雄前鎮店', 142),
(104, 187, '台北信義店', 11),
(105, 31, '桃園站前店', 57),
(106, 184, '台北內湖店', 91),
(107, 181, '台北信義店', 21),
(108, 48, '台北松山店', 60),
(109, 169, '高雄中山店', 54),
(110, 204, '高雄博愛店', 106),
(111, 151, '台北中正店', 148),
(112, 75, '台北內湖店', 98),
(113, 75, '台北松山店', 74),
(114, 105, '台中北屯店', 53),
(115, 166, '高雄小港店', 61),
(116, 194, '新竹竹北店', 33),
(117, 38, '高雄博愛店', 93),
(118, 145, '高雄中山店', 64),
(119, 18, '高雄中山店', 71),
(120, 152, '台南安平店', 36),
(121, 8, '台中逢甲店', 85),
(122, 154, '台南安平店', 18),
(123, 175, '台北中正店', 115),
(124, 23, '高雄小港店', 129),
(125, 149, '台北內湖店', 87),
(126, 151, '台南安平店', 30),
(127, 128, '台北中正店', 34),
(128, 9, '台北信義店', 3),
(129, 66, '台中沙鹿店', 35),
(130, 75, '新北三峽店', 9),
(131, 20, '新竹竹北店', 76),
(132, 78, '台中沙鹿店', 146),
(133, 160, '高雄中山店', 87),
(134, 200, '新北板橋店', 66),
(135, 63, '台南仁德店', 5),
(136, 184, '台北中正店', 89),
(137, 78, '台北內湖店', 62),
(138, 76, '高雄小港店', 69),
(139, 148, '雲林虎尾店', 43),
(140, 11, '台南安平店', 43),
(141, 81, '台北大安店', 55),
(142, 212, '台北大安店', 7),
(143, 201, '台中北屯店', 70),
(144, 177, '台北大安店', 32),
(145, 3, '高雄中山店', 31),
(146, 114, '台北松山店', 137),
(147, 196, '台北士林店', 63),
(148, 16, '台北大安店', 37),
(149, 3, '台中七期店', 4),
(150, 156, '新北板橋店', 98),
(151, 186, '台南仁德店', 34),
(152, 188, '新竹竹北店', 47),
(153, 88, '新北中和店', 51),
(154, 177, '台中逢甲店', 90),
(155, 203, '台中七期店', 124),
(156, 147, '台中北屯店', 28),
(157, 43, '高雄小港店', 142),
(158, 89, '高雄博愛店', 105),
(159, 92, '彰化和美店', 51),
(160, 205, '高雄中山店', 57),
(161, 99, '彰化和美店', 29),
(162, 135, '高雄苓雅店', 106),
(163, 86, '台北松山店', 29),
(164, 181, '新竹竹北店', 30),
(165, 156, '新竹竹北店', 141),
(166, 145, '彰化和美店', 92),
(167, 132, '台北中正店', 148),
(168, 213, '台南仁德店', 70),
(169, 178, '台北士林店', 86),
(170, 137, '台北大安店', 79),
(171, 79, '新北中和店', 24),
(172, 61, '高雄前鎮店', 33),
(173, 130, '台中七期店', 126),
(174, 193, '台中北屯店', 100),
(175, 191, '雲林虎尾店', 118),
(176, 95, '彰化和美店', 142),
(177, 114, '新北板橋店', 118),
(178, 109, '新北中和店', 108),
(179, 102, '新竹竹北店', 80),
(180, 127, '新北板橋店', 135),
(181, 17, '台中沙鹿店', 25),
(182, 74, '新北中和店', 21),
(183, 180, '新竹站前店', 113),
(184, 132, '新竹竹北店', 47),
(185, 150, '台北松山店', 97),
(186, 126, '雲林虎尾店', 104),
(187, 47, '桃園站前店', 119),
(188, 197, '雲林虎尾店', 52),
(189, 55, '彰化和美店', 116),
(190, 168, '台中沙鹿店', 143),
(191, 190, '桃園中壢店', 39),
(192, 139, '新竹站前店', 14),
(193, 183, '台北中正店', 66),
(194, 31, '台北士林店', 33),
(195, 6, '新北三峽店', 73),
(196, 101, '台北松山店', 118),
(197, 2, '台南安平店', 64),
(198, 30, '桃園站前店', 126),
(199, 205, '雲林虎尾店', 120),
(200, 66, '高雄苓雅店', 24),
(201, 56, '台南仁德店', 15),
(202, 53, '台中七期店', 94),
(203, 32, '新北板橋店', 38),
(204, 190, '台北內湖店', 101),
(205, 84, '台北松山店', 133),
(206, 141, '新竹站前店', 113),
(207, 106, '台中七期店', 42),
(208, 174, '台北內湖店', 13),
(209, 160, '高雄苓雅店', 144),
(210, 57, '台中逢甲店', 40),
(211, 190, '雲林虎尾店', 76),
(212, 200, '台南安平店', 144),
(213, 11, '台北松山店', 126),
(214, 137, '桃園中壢店', 13),
(215, 61, '雲林虎尾店', 26),
(216, 50, '新北中和店', 38),
(217, 147, '新北板橋店', 139),
(218, 177, '新竹站前店', 13),
(219, 170, '台南仁德店', 18),
(220, 211, '台中逢甲店', 58),
(221, 88, '台北信義店', 114),
(222, 163, '台北內湖店', 128),
(223, 5, '桃園中壢店', 130),
(224, 190, '台中沙鹿店', 133),
(225, 142, '彰化和美店', 143),
(226, 171, '桃園中壢店', 60),
(227, 47, '台北信義店', 87),
(228, 141, '新北中和店', 150),
(229, 114, '台北士林店', 90),
(230, 124, '台北信義店', 148),
(231, 8, '高雄前鎮店', 118),
(232, 148, '台中北屯店', 35),
(233, 168, '台中七期店', 18),
(234, 105, '台南仁德店', 54),
(235, 130, '台北內湖店', 59),
(236, 155, '台北中正店', 66),
(237, 96, '台北信義店', 118),
(238, 81, '新竹站前店', 44),
(239, 91, '新北中和店', 61),
(240, 107, '新竹站前店', 80),
(241, 187, '台南安平店', 105),
(242, 203, '高雄中山店', 94),
(243, 18, '台中七期店', 132),
(244, 173, '新北板橋店', 82),
(245, 175, '新竹站前店', 17),
(246, 80, '台中沙鹿店', 124),
(247, 32, '台中沙鹿店', 14),
(248, 101, '台中沙鹿店', 83),
(249, 177, '高雄前鎮店', 150),
(250, 179, '高雄中山店', 24),
(251, 79, '高雄博愛店', 77),
(252, 37, '台中七期店', 50),
(253, 78, '台北大安店', 44),
(254, 106, '台南仁德店', 103),
(255, 130, '高雄前鎮店', 50),
(256, 42, '新北中和店', 117),
(257, 155, '台中逢甲店', 146),
(258, 99, '台北內湖店', 48),
(259, 54, '新北中和店', 58),
(260, 5, '新北中和店', 65),
(261, 126, '台中沙鹿店', 48),
(262, 13, '新竹竹北店', 67),
(263, 111, '台中逢甲店', 142),
(264, 6, '台南仁德店', 78),
(265, 157, '新北中和店', 102),
(266, 168, '新竹竹北店', 84),
(267, 65, '台中沙鹿店', 103),
(268, 147, '桃園中壢店', 85),
(269, 49, '台南安平店', 7),
(270, 186, '高雄苓雅店', 122),
(271, 32, '台北信義店', 33),
(272, 26, '台中逢甲店', 89),
(273, 74, '台中逢甲店', 46),
(274, 15, '台北松山店', 61),
(275, 140, '台中七期店', 150),
(276, 190, '台南仁德店', 93),
(277, 212, '台北內湖店', 68),
(278, 162, '新竹站前店', 21),
(279, 79, '高雄中山店', 10),
(280, 59, '台中七期店', 46),
(281, 120, '新竹站前店', 32),
(282, 57, '高雄前鎮店', 89),
(283, 13, '台北大安店', 147),
(284, 76, '雲林虎尾店', 44),
(285, 130, '台北中正店', 83),
(286, 51, '桃園中壢店', 140),
(287, 106, '新北中和店', 110),
(288, 61, '台北士林店', 131),
(289, 114, '桃園中壢店', 29),
(290, 139, '台中北屯店', 66),
(291, 86, '高雄小港店', 104),
(292, 124, '台中逢甲店', 91),
(293, 122, '高雄前鎮店', 148),
(294, 70, '台北大安店', 75),
(295, 19, '新北板橋店', 89),
(296, 111, '高雄前鎮店', 79),
(297, 126, '台南仁德店', 150),
(298, 17, '桃園中壢店', 139),
(299, 54, '高雄前鎮店', 93),
(300, 86, '台中逢甲店', 83),
(301, 112, '新竹竹北店', 99),
(302, 160, '新北板橋店', 44),
(303, 143, '新北中和店', 150),
(304, 69, '新北三峽店', 144),
(305, 32, '桃園中壢店', 112),
(306, 33, '新竹站前店', 1),
(307, 194, '桃園中壢店', 24),
(308, 21, '台中北屯店', 108),
(309, 204, '新北板橋店', 8),
(310, 119, '高雄博愛店', 110),
(311, 92, '台北中正店', 54),
(312, 35, '台北信義店', 125),
(313, 113, '台北松山店', 120),
(314, 118, '台北內湖店', 18),
(315, 136, '桃園站前店', 15),
(316, 22, '彰化和美店', 113),
(317, 172, '台北內湖店', 149),
(318, 169, '台北松山店', 58),
(319, 25, '高雄中山店', 122),
(320, 49, '台中北屯店', 72),
(321, 30, '彰化和美店', 36),
(322, 175, '台中北屯店', 145),
(323, 123, '台北松山店', 66),
(324, 101, '桃園中壢店', 127),
(325, 205, '新竹站前店', 1),
(326, 104, '台中逢甲店', 145),
(327, 22, '台北內湖店', 31),
(328, 26, '彰化和美店', 12),
(329, 10, '高雄苓雅店', 149),
(330, 208, '台北中正店', 148),
(331, 165, '台中逢甲店', 73),
(332, 210, '台中逢甲店', 114),
(333, 108, '高雄中山店', 102),
(334, 105, '台南安平店', 62),
(335, 32, '台中逢甲店', 35),
(336, 9, '台北內湖店', 137),
(337, 106, '新竹竹北店', 30),
(338, 57, '彰化和美店', 13),
(339, 29, '高雄小港店', 15),
(340, 74, '高雄中山店', 1),
(341, 62, '台北內湖店', 71),
(342, 138, '台中沙鹿店', 3),
(343, 183, '高雄前鎮店', 144),
(344, 138, '高雄小港店', 69),
(345, 150, '台北中正店', 78),
(346, 36, '台中北屯店', 88),
(347, 115, '新竹站前店', 82),
(348, 197, '新北三峽店', 23),
(349, 196, '桃園站前店', 144),
(350, 197, '桃園站前店', 70),
(351, 198, '雲林虎尾店', 10),
(352, 198, '台中七期店', 71),
(353, 77, '台南安平店', 48),
(354, 107, '台北大安店', 69),
(355, 58, '新北三峽店', 53),
(356, 152, '新北板橋店', 65),
(357, 159, '台北內湖店', 81),
(358, 179, '高雄小港店', 18),
(359, 155, '新竹站前店', 84),
(360, 188, '台北松山店', 38),
(361, 88, '高雄中山店', 150),
(362, 13, '高雄小港店', 37),
(363, 59, '新北中和店', 7),
(364, 1, '台南仁德店', 21),
(365, 179, '桃園站前店', 149),
(366, 31, '台北中正店', 146),
(367, 51, '彰化和美店', 112),
(368, 123, '高雄博愛店', 119),
(369, 174, '高雄前鎮店', 135),
(370, 94, '台北士林店', 48),
(371, 201, '台北大安店', 109),
(372, 64, '台南安平店', 70),
(373, 56, '台北士林店', 68),
(374, 183, '新北三峽店', 21),
(375, 154, '新北板橋店', 117),
(376, 30, '台北信義店', 80),
(377, 95, '高雄中山店', 83),
(378, 59, '新北三峽店', 40),
(379, 44, '新北中和店', 130),
(380, 115, '台中七期店', 101),
(381, 131, '高雄小港店', 95),
(382, 23, '台南安平店', 118),
(383, 110, '台北大安店', 6),
(384, 186, '高雄博愛店', 127),
(385, 47, '高雄中山店', 30),
(386, 58, '台北士林店', 103),
(387, 151, '彰化和美店', 111),
(388, 196, '新竹竹北店', 140),
(389, 200, '新北中和店', 67),
(390, 163, '台北松山店', 118),
(391, 96, '台南安平店', 15),
(392, 175, '台中沙鹿店', 75),
(393, 208, '新北中和店', 123),
(394, 6, '台北士林店', 93),
(395, 130, '台南安平店', 57),
(396, 186, '台北松山店', 21),
(397, 168, '彰化和美店', 54),
(398, 145, '台北中正店', 91),
(399, 147, '高雄前鎮店', 26),
(400, 83, '台中沙鹿店', 109),
(401, 19, '新北中和店', 30),
(402, 73, '台北士林店', 53),
(403, 78, '高雄前鎮店', 7),
(404, 112, '高雄小港店', 63),
(405, 88, '高雄小港店', 7),
(406, 101, '台北大安店', 34),
(407, 44, '彰化和美店', 28),
(408, 138, '台北內湖店', 110),
(409, 120, '高雄中山店', 96),
(410, 30, '台北內湖店', 57),
(411, 161, '雲林虎尾店', 75),
(412, 202, '桃園站前店', 49),
(413, 48, '雲林虎尾店', 26),
(414, 208, '新竹站前店', 150),
(415, 79, '台南仁德店', 128),
(416, 45, '新竹站前店', 91),
(417, 35, '台中北屯店', 58),
(418, 107, '彰化和美店', 112),
(419, 199, '彰化和美店', 92),
(420, 164, '彰化和美店', 133),
(421, 66, '台北內湖店', 81),
(422, 175, '新竹竹北店', 115),
(423, 67, '新竹竹北店', 80),
(424, 197, '新竹站前店', 13),
(425, 7, '雲林虎尾店', 144),
(426, 175, '台北士林店', 16),
(427, 70, '新竹站前店', 14),
(428, 171, '台北中正店', 137),
(429, 139, '台北松山店', 106),
(430, 200, '台南仁德店', 113),
(431, 84, '桃園站前店', 92),
(432, 65, '新北中和店', 90),
(433, 12, '台北士林店', 132),
(434, 80, '台中北屯店', 13),
(435, 11, '高雄中山店', 59),
(436, 67, '高雄苓雅店', 45),
(437, 85, '高雄博愛店', 141),
(438, 159, '新竹站前店', 138),
(439, 51, '新竹站前店', 108),
(440, 202, '高雄前鎮店', 84),
(441, 135, '台南安平店', 65),
(442, 56, '高雄中山店', 139),
(443, 44, '台北中正店', 8),
(444, 37, '新竹竹北店', 38),
(445, 169, '台中北屯店', 25),
(446, 26, '台北內湖店', 130),
(447, 4, '新竹站前店', 11),
(448, 80, '台北內湖店', 123),
(449, 90, '台中沙鹿店', 88),
(450, 95, '台北信義店', 66),
(451, 160, '台北士林店', 150),
(452, 54, '台中七期店', 92),
(453, 16, '台北內湖店', 8),
(454, 3, '高雄前鎮店', 72),
(455, 210, '台北內湖店', 112),
(456, 72, '台中逢甲店', 109),
(457, 44, '台中北屯店', 23),
(458, 29, '台北內湖店', 104),
(459, 205, '高雄前鎮店', 102),
(460, 66, '新北板橋店', 110),
(461, 135, '新北三峽店', 98),
(462, 10, '桃園中壢店', 125),
(463, 73, '高雄博愛店', 86),
(464, 14, '台南安平店', 40),
(465, 195, '新北三峽店', 111),
(466, 187, '台中北屯店', 15),
(467, 19, '台中北屯店', 134),
(468, 106, '台南安平店', 95),
(469, 200, '台北大安店', 14),
(470, 135, '台中逢甲店', 17),
(471, 75, '台中七期店', 14),
(472, 109, '台中北屯店', 26),
(473, 184, '高雄小港店', 25),
(474, 183, '台中七期店', 105),
(475, 124, '台南仁德店', 122),
(476, 193, '台中七期店', 46),
(477, 2, '新北三峽店', 36),
(478, 200, '高雄前鎮店', 88),
(479, 148, '台北松山店', 105),
(480, 32, '台北大安店', 149),
(481, 212, '桃園站前店', 60),
(482, 14, '彰化和美店', 125),
(483, 96, '高雄小港店', 83),
(484, 44, '台中逢甲店', 59),
(485, 129, '台中逢甲店', 57),
(486, 152, '台中沙鹿店', 125),
(487, 126, '台中逢甲店', 128),
(488, 124, '新北三峽店', 76),
(489, 86, '台北中正店', 15),
(490, 77, '彰化和美店', 84),
(491, 90, '新北板橋店', 28),
(492, 102, '台中逢甲店', 107),
(493, 13, '新北三峽店', 52),
(494, 206, '新北三峽店', 109),
(495, 141, '桃園中壢店', 22),
(496, 105, '台北信義店', 4),
(497, 63, '雲林虎尾店', 60),
(498, 123, '新北中和店', 66),
(499, 171, '台北士林店', 27),
(500, 62, '高雄苓雅店', 44),
(501, 9, '高雄苓雅店', 86),
(502, 77, '台中北屯店', 2),
(503, 69, '高雄博愛店', 69),
(504, 66, '台中逢甲店', 56),
(505, 103, '高雄前鎮店', 78),
(506, 85, '台南安平店', 91),
(507, 3, '新竹竹北店', 84),
(508, 26, '新北三峽店', 125),
(509, 207, '新竹竹北店', 3),
(510, 24, '台南仁德店', 59),
(511, 118, '高雄博愛店', 77),
(512, 135, '彰化和美店', 96),
(513, 43, '台南仁德店', 36),
(514, 71, '台中逢甲店', 27),
(515, 210, '台南安平店', 55),
(516, 146, '台北大安店', 123),
(517, 35, '新竹竹北店', 3),
(518, 65, '台北內湖店', 56),
(519, 42, '新北三峽店', 94),
(520, 26, '台中七期店', 5),
(521, 140, '桃園站前店', 73),
(522, 163, '台中北屯店', 71),
(523, 179, '台北大安店', 16),
(524, 46, '台北松山店', 108),
(525, 40, '台北內湖店', 65),
(526, 73, '新北三峽店', 69),
(527, 50, '高雄苓雅店', 66),
(528, 119, '桃園站前店', 51),
(529, 199, '新北三峽店', 60),
(530, 45, '台北士林店', 86),
(531, 198, '高雄前鎮店', 49),
(532, 136, '台北松山店', 150),
(533, 163, '台北士林店', 96),
(534, 75, '高雄中山店', 57),
(535, 76, '台北大安店', 129),
(536, 195, '高雄小港店', 138),
(537, 158, '新北三峽店', 114),
(538, 28, '台中北屯店', 30),
(539, 3, '台中沙鹿店', 81),
(540, 201, '新竹竹北店', 116),
(541, 168, '台北信義店', 42),
(542, 47, '台南仁德店', 53),
(543, 76, '彰化和美店', 93),
(544, 134, '新竹站前店', 25),
(545, 70, '台中北屯店', 88),
(546, 142, '雲林虎尾店', 148),
(547, 146, '台北信義店', 9),
(548, 77, '台北內湖店', 64),
(549, 76, '高雄前鎮店', 128),
(550, 167, '雲林虎尾店', 103),
(551, 28, '高雄苓雅店', 14),
(552, 200, '高雄小港店', 125),
(553, 170, '彰化和美店', 37),
(554, 82, '台南安平店', 72),
(555, 152, '新竹站前店', 78),
(556, 1, '高雄中山店', 87),
(557, 169, '桃園中壢店', 63),
(558, 18, '高雄小港店', 25),
(559, 40, '台北信義店', 37),
(560, 164, '新北中和店', 120),
(561, 33, '台北中正店', 72),
(562, 200, '桃園中壢店', 95),
(563, 76, '新竹站前店', 14),
(564, 186, '桃園中壢店', 10),
(565, 17, '新北中和店', 20),
(566, 143, '台北松山店', 4),
(567, 202, '台北松山店', 150),
(568, 84, '桃園中壢店', 6),
(569, 141, '高雄中山店', 16),
(570, 66, '台北松山店', 74),
(571, 40, '新北中和店', 117),
(572, 132, '高雄中山店', 140),
(573, 203, '台中沙鹿店', 55),
(574, 124, '台中七期店', 70),
(575, 77, '新竹竹北店', 38),
(576, 142, '桃園中壢店', 137),
(577, 88, '新北板橋店', 54),
(578, 49, '台北士林店', 57),
(579, 203, '新竹站前店', 23),
(580, 9, '新北三峽店', 86),
(581, 60, '新北中和店', 86),
(582, 127, '新竹竹北店', 6),
(583, 68, '台南仁德店', 58),
(584, 103, '台中北屯店', 5),
(585, 91, '桃園中壢店', 10),
(586, 76, '高雄苓雅店', 123),
(587, 17, '台中七期店', 79),
(588, 2, '台中北屯店', 74),
(589, 143, '高雄苓雅店', 22),
(590, 210, '台南仁德店', 46),
(591, 153, '高雄前鎮店', 1),
(592, 93, '台北中正店', 53),
(593, 133, '高雄中山店', 30),
(594, 197, '台北大安店', 137),
(595, 25, '台中北屯店', 59),
(596, 26, '雲林虎尾店', 63),
(597, 30, '新北三峽店', 7),
(598, 29, '台中七期店', 94),
(599, 4, '高雄小港店', 35),
(600, 180, '台北信義店', 34),
(601, 178, '高雄小港店', 61),
(602, 79, '高雄小港店', 149),
(603, 120, '台北松山店', 89),
(604, 37, '台北中正店', 90),
(605, 48, '台北內湖店', 127),
(606, 158, '新竹竹北店', 150),
(607, 46, '新竹竹北店', 125),
(608, 87, '雲林虎尾店', 82),
(609, 145, '台北松山店', 103),
(610, 55, '桃園站前店', 111),
(611, 10, '新北中和店', 91),
(612, 182, '新竹竹北店', 83),
(613, 94, '高雄博愛店', 65),
(614, 77, '高雄中山店', 38),
(615, 208, '台中北屯店', 133),
(616, 189, '台北士林店', 37),
(617, 82, '新北中和店', 24),
(618, 157, '台北內湖店', 14),
(619, 104, '台北松山店', 127),
(620, 50, '高雄博愛店', 113),
(621, 83, '彰化和美店', 94),
(622, 182, '台南安平店', 13),
(623, 1, '桃園中壢店', 143),
(624, 16, '高雄博愛店', 115),
(625, 193, '台中沙鹿店', 107),
(626, 152, '高雄苓雅店', 87),
(627, 22, '台北中正店', 143),
(628, 168, '高雄苓雅店', 125),
(629, 168, '台北大安店', 60),
(630, 49, '桃園中壢店', 105),
(631, 212, '高雄前鎮店', 122),
(632, 91, '新竹站前店', 37),
(633, 170, '台北內湖店', 147),
(634, 34, '高雄中山店', 150),
(635, 69, '新竹竹北店', 53),
(636, 46, '台南仁德店', 44),
(637, 46, '新北中和店', 65),
(638, 46, '台中七期店', 6),
(639, 162, '台北松山店', 40),
(640, 128, '台中七期店', 92),
(641, 53, '台中北屯店', 118),
(642, 193, '高雄博愛店', 81),
(643, 192, '台北內湖店', 101),
(644, 31, '高雄苓雅店', 148),
(645, 122, '新北中和店', 36),
(646, 136, '高雄前鎮店', 129),
(647, 122, '台中七期店', 87),
(648, 132, '台南安平店', 111),
(649, 143, '台南安平店', 35),
(650, 158, '新北板橋店', 105),
(651, 40, '高雄小港店', 115),
(652, 15, '高雄小港店', 100),
(653, 42, '台南安平店', 12),
(654, 87, '台北信義店', 28),
(655, 15, '台北大安店', 84),
(656, 70, '台中七期店', 52),
(657, 90, '桃園中壢店', 131),
(658, 149, '台北大安店', 103),
(659, 144, '台北士林店', 50),
(660, 22, '高雄小港店', 63),
(661, 113, '高雄苓雅店', 49),
(662, 28, '台北大安店', 134),
(663, 208, '高雄小港店', 55),
(664, 119, '高雄苓雅店', 70),
(665, 81, '新竹竹北店', 113),
(666, 211, '台南仁德店', 27),
(667, 51, '新北板橋店', 79),
(668, 133, '新竹站前店', 134),
(669, 123, '彰化和美店', 22),
(670, 38, '桃園站前店', 53),
(671, 49, '高雄苓雅店', 78),
(672, 21, '高雄中山店', 64),
(673, 205, '新北三峽店', 32),
(674, 169, '高雄前鎮店', 69),
(675, 193, '台北大安店', 2),
(676, 189, '台南安平店', 67),
(677, 67, '台北松山店', 84),
(678, 62, '台南仁德店', 74),
(679, 202, '高雄博愛店', 102),
(680, 106, '雲林虎尾店', 125),
(681, 91, '台北士林店', 119),
(682, 74, '台北士林店', 73),
(683, 196, '台中逢甲店', 39),
(684, 109, '台北內湖店', 110),
(685, 179, '彰化和美店', 29),
(686, 12, '台北中正店', 109),
(687, 173, '台南仁德店', 33),
(688, 205, '新北中和店', 138),
(689, 69, '高雄中山店', 82),
(690, 143, '桃園站前店', 59),
(691, 7, '台北中正店', 16),
(692, 203, '台北內湖店', 63),
(693, 29, '台南安平店', 66),
(694, 130, '台中北屯店', 74),
(695, 40, '台中沙鹿店', 98),
(696, 73, '彰化和美店', 50),
(697, 2, '台中逢甲店', 101),
(698, 62, '台北中正店', 47),
(699, 38, '台北內湖店', 142),
(700, 180, '台北松山店', 136),
(701, 205, '新竹竹北店', 112),
(702, 111, '高雄博愛店', 67),
(703, 195, '台中沙鹿店', 60),
(704, 207, '新北中和店', 20),
(705, 191, '新北三峽店', 43),
(706, 7, '新北三峽店', 112),
(707, 140, '台北士林店', 149),
(708, 213, '台北信義店', 47),
(709, 101, '高雄前鎮店', 28),
(710, 139, '台北內湖店', 80),
(711, 147, '雲林虎尾店', 74),
(712, 62, '台中沙鹿店', 84),
(713, 21, '台北松山店', 94),
(714, 212, '台南仁德店', 107),
(715, 133, '台北中正店', 58),
(716, 53, '台南仁德店', 16),
(717, 123, '桃園站前店', 102),
(718, 179, '台南安平店', 65),
(719, 25, '雲林虎尾店', 26),
(720, 16, '新北板橋店', 6),
(721, 112, '高雄前鎮店', 24),
(722, 140, '雲林虎尾店', 66),
(723, 107, '桃園站前店', 49),
(724, 210, '台北大安店', 23),
(725, 3, '桃園站前店', 62),
(726, 42, '新竹站前店', 26),
(727, 209, '新竹站前店', 82),
(728, 85, '高雄苓雅店', 30),
(729, 158, '台北大安店', 48),
(730, 74, '新竹竹北店', 59),
(731, 91, '台北松山店', 50),
(732, 94, '台北信義店', 7),
(733, 73, '台北內湖店', 53),
(734, 93, '新北三峽店', 134),
(735, 58, '台北中正店', 93),
(736, 59, '高雄中山店', 7),
(737, 169, '台北士林店', 115),
(738, 45, '台中七期店', 125),
(739, 84, '台南安平店', 42),
(740, 61, '高雄博愛店', 139),
(741, 59, '台中逢甲店', 135),
(742, 146, '台中逢甲店', 147),
(743, 82, '雲林虎尾店', 79),
(744, 102, '高雄博愛店', 89),
(745, 8, '台中沙鹿店', 86),
(746, 103, '高雄苓雅店', 25),
(747, 66, '彰化和美店', 145),
(748, 27, '新北中和店', 41),
(749, 149, '台中北屯店', 12),
(750, 184, '高雄中山店', 19),
(751, 161, '台北士林店', 106),
(752, 190, '高雄小港店', 68),
(753, 178, '台北松山店', 85),
(754, 192, '台北信義店', 135),
(755, 91, '桃園站前店', 39),
(756, 28, '高雄小港店', 48),
(757, 191, '桃園中壢店', 131),
(758, 11, '新竹站前店', 9),
(759, 150, '台中七期店', 45),
(760, 60, '台中逢甲店', 49),
(761, 73, '桃園站前店', 118),
(762, 83, '高雄前鎮店', 135),
(763, 18, '台北信義店', 9),
(764, 198, '台北信義店', 8),
(765, 123, '台北大安店', 64),
(766, 11, '桃園中壢店', 141),
(767, 2, '新北板橋店', 19),
(768, 168, '高雄博愛店', 43),
(769, 123, '高雄苓雅店', 127),
(770, 122, '新北板橋店', 28),
(771, 24, '桃園中壢店', 105),
(772, 110, '台北士林店', 143),
(773, 123, '台中北屯店', 64),
(774, 112, '台中七期店', 93),
(775, 91, '台北內湖店', 133),
(776, 168, '台中逢甲店', 54),
(777, 170, '台北信義店', 79),
(778, 149, '新北中和店', 96),
(779, 21, '台中逢甲店', 68),
(780, 182, '桃園中壢店', 147),
(781, 49, '新竹竹北店', 119),
(782, 22, '台中逢甲店', 61),
(783, 4, '新北中和店', 81),
(784, 64, '高雄苓雅店', 126),
(785, 27, '台南仁德店', 12),
(786, 183, '台中逢甲店', 25),
(787, 17, '桃園站前店', 46),
(788, 150, '台北大安店', 68),
(789, 8, '高雄中山店', 67),
(790, 115, '台南仁德店', 142),
(791, 187, '台北大安店', 2),
(792, 205, '高雄博愛店', 28),
(793, 82, '新北三峽店', 125),
(794, 85, '雲林虎尾店', 49),
(795, 101, '台北中正店', 30),
(796, 167, '高雄博愛店', 110),
(797, 155, '台中七期店', 131),
(798, 104, '高雄小港店', 43),
(799, 74, '高雄前鎮店', 93),
(800, 87, '台中七期店', 87),
(801, 169, '高雄博愛店', 43),
(802, 168, '台北士林店', 64),
(803, 40, '台北松山店', 46),
(804, 138, '台南安平店', 150),
(805, 149, '台南安平店', 99),
(806, 133, '高雄苓雅店', 60),
(807, 206, '台北大安店', 129),
(808, 109, '新竹竹北店', 75),
(809, 104, '雲林虎尾店', 105),
(810, 183, '台北大安店', 85),
(811, 67, '台中沙鹿店', 13),
(812, 20, '高雄前鎮店', 67),
(813, 37, '高雄小港店', 53),
(814, 189, '新竹竹北店', 95),
(815, 186, '新竹站前店', 83),
(816, 76, '台南仁德店', 114),
(817, 206, '高雄前鎮店', 119),
(818, 60, '新北三峽店', 28),
(819, 89, '台中逢甲店', 37),
(820, 49, '台北內湖店', 106),
(821, 45, '高雄苓雅店', 26),
(822, 19, '台南安平店', 126),
(823, 136, '高雄苓雅店', 58),
(824, 4, '高雄前鎮店', 146),
(825, 51, '台北中正店', 37),
(826, 34, '台中逢甲店', 5),
(827, 102, '高雄中山店', 117),
(828, 103, '台南仁德店', 47),
(829, 126, '台中七期店', 73),
(830, 74, '台北中正店', 32),
(831, 176, '台南仁德店', 56),
(832, 143, '台中沙鹿店', 57),
(833, 178, '高雄博愛店', 139),
(834, 2, '桃園中壢店', 103),
(835, 64, '新竹竹北店', 108),
(836, 38, '台北信義店', 76),
(837, 13, '新竹站前店', 23),
(838, 67, '高雄博愛店', 11),
(839, 161, '台北松山店', 122),
(840, 174, '桃園站前店', 72),
(841, 107, '台北信義店', 18),
(842, 2, '台北內湖店', 145),
(843, 56, '雲林虎尾店', 47),
(844, 202, '台南仁德店', 117),
(845, 75, '台北士林店', 147),
(846, 127, '台南安平店', 13),
(847, 213, '桃園站前店', 104),
(848, 213, '高雄博愛店', 134),
(849, 103, '台北內湖店', 29),
(850, 46, '台中逢甲店', 139),
(851, 124, '高雄中山店', 103),
(852, 91, '高雄博愛店', 126),
(853, 154, '台北士林店', 7),
(854, 183, '台北信義店', 108),
(855, 109, '高雄前鎮店', 108),
(856, 13, '新北中和店', 62),
(857, 95, '新竹竹北店', 74),
(858, 40, '新北板橋店', 37),
(859, 119, '高雄小港店', 46),
(860, 134, '台中沙鹿店', 144),
(861, 117, '新北三峽店', 94),
(862, 24, '高雄中山店', 134),
(863, 158, '高雄小港店', 46),
(864, 51, '台北信義店', 31),
(865, 92, '台北士林店', 51),
(866, 79, '高雄苓雅店', 32),
(867, 108, '高雄苓雅店', 108),
(868, 20, '台北中正店', 130),
(869, 161, '彰化和美店', 126),
(870, 164, '台北中正店', 14),
(871, 138, '台北松山店', 42),
(872, 112, '台北信義店', 78),
(873, 58, '新北中和店', 60),
(874, 127, '高雄苓雅店', 90),
(875, 7, '新竹站前店', 62),
(876, 184, '高雄苓雅店', 100),
(877, 35, '高雄小港店', 57),
(878, 7, '桃園中壢店', 67),
(879, 116, '台中北屯店', 24),
(880, 25, '台北信義店', 73),
(881, 193, '新北中和店', 140),
(882, 116, '高雄苓雅店', 19),
(883, 207, '台南仁德店', 119),
(884, 169, '高雄苓雅店', 71),
(885, 84, '高雄博愛店', 139),
(886, 16, '台中逢甲店', 82),
(887, 212, '台北信義店', 21),
(888, 199, '台北松山店', 116),
(889, 121, '台中沙鹿店', 89),
(890, 37, '台南仁德店', 55),
(891, 193, '彰化和美店', 84),
(892, 51, '台北內湖店', 94),
(893, 11, '高雄前鎮店', 15),
(894, 105, '台北中正店', 144),
(895, 150, '台北士林店', 38),
(896, 178, '新竹站前店', 34),
(897, 141, '台北中正店', 118),
(898, 200, '台北松山店', 36),
(899, 100, '彰化和美店', 11),
(900, 131, '台北內湖店', 119),
(901, 40, '高雄前鎮店', 1),
(902, 33, '台中逢甲店', 114),
(903, 142, '台中逢甲店', 55),
(904, 52, '台中沙鹿店', 114),
(905, 67, '桃園中壢店', 112),
(906, 89, '台中沙鹿店', 61),
(907, 121, '高雄前鎮店', 61),
(908, 196, '高雄小港店', 50),
(909, 41, '台中沙鹿店', 115),
(910, 57, '台北士林店', 78),
(911, 94, '新竹竹北店', 126),
(912, 168, '台南仁德店', 14),
(913, 176, '新北三峽店', 139),
(914, 178, '雲林虎尾店', 43),
(915, 193, '台南安平店', 32),
(916, 213, '高雄小港店', 87),
(917, 126, '台北中正店', 89),
(918, 170, '新竹站前店', 82),
(919, 59, '台北內湖店', 17),
(920, 120, '桃園站前店', 22),
(921, 183, '台北松山店', 38),
(922, 78, '台北士林店', 81),
(923, 81, '高雄博愛店', 89),
(924, 161, '新竹竹北店', 14),
(925, 47, '台北松山店', 53),
(926, 14, '台南仁德店', 51),
(927, 19, '台中七期店', 86),
(928, 35, '雲林虎尾店', 17),
(929, 142, '台北士林店', 62),
(930, 100, '台北中正店', 14),
(931, 182, '台北大安店', 95),
(932, 68, '台北士林店', 146),
(933, 143, '高雄小港店', 80),
(934, 9, '台北大安店', 90),
(935, 212, '新北板橋店', 51),
(936, 37, '高雄前鎮店', 96),
(937, 181, '新竹站前店', 34),
(938, 39, '台中北屯店', 25),
(939, 6, '桃園中壢店', 32),
(940, 212, '高雄苓雅店', 106),
(941, 206, '高雄中山店', 25),
(942, 84, '台北士林店', 22),
(943, 60, '桃園中壢店', 147),
(944, 68, '新竹竹北店', 82),
(945, 103, '台南安平店', 100),
(946, 69, '台中七期店', 136),
(947, 72, '高雄中山店', 49),
(948, 125, '台南仁德店', 38),
(949, 208, '彰化和美店', 21),
(950, 31, '新竹竹北店', 107),
(951, 203, '桃園中壢店', 28),
(952, 119, '台北中正店', 150),
(953, 163, '高雄博愛店', 38),
(954, 148, '台南仁德店', 63),
(955, 56, '台中七期店', 5),
(956, 118, '台北松山店', 45),
(957, 96, '高雄前鎮店', 131),
(958, 131, '台中沙鹿店', 54),
(959, 151, '桃園中壢店', 133),
(960, 146, '新竹站前店', 22),
(961, 70, '桃園站前店', 106),
(962, 127, '台中七期店', 82),
(963, 50, '新北板橋店', 99),
(964, 139, '台北士林店', 136),
(965, 53, '高雄中山店', 54),
(966, 5, '桃園站前店', 1),
(967, 108, '彰化和美店', 74),
(968, 204, '雲林虎尾店', 87),
(969, 163, '台中逢甲店', 37),
(970, 24, '高雄博愛店', 66),
(971, 118, '桃園站前店', 3),
(972, 121, '新竹站前店', 130),
(973, 89, '台南仁德店', 142),
(974, 41, '桃園站前店', 66),
(975, 69, '台中逢甲店', 18),
(976, 91, '彰化和美店', 22),
(977, 144, '高雄苓雅店', 122),
(978, 79, '新竹站前店', 140),
(979, 169, '新竹竹北店', 102),
(980, 25, '台北松山店', 103),
(981, 37, '彰化和美店', 80),
(982, 25, '新北中和店', 86),
(983, 23, '桃園中壢店', 142),
(984, 137, '高雄小港店', 140),
(985, 158, '高雄苓雅店', 12),
(986, 93, '桃園站前店', 38),
(987, 176, '彰化和美店', 85),
(988, 165, '台北士林店', 135),
(989, 195, '台北松山店', 129),
(990, 15, '高雄博愛店', 3),
(991, 170, '台北中正店', 29),
(992, 172, '台中沙鹿店', 81),
(993, 146, '台中沙鹿店', 27),
(994, 62, '彰化和美店', 65),
(995, 93, '高雄小港店', 64),
(996, 64, '桃園站前店', 7),
(997, 161, '台北大安店', 30),
(998, 30, '高雄小港店', 23),
(999, 98, '台北中正店', 45),
(1000, 25, '台中七期店', 134),
(1001, 158, '彰化和美店', 51),
(1002, 120, '雲林虎尾店', 108),
(1003, 88, '台北松山店', 147),
(1004, 138, '高雄前鎮店', 111),
(1005, 41, '台北士林店', 93),
(1006, 102, '台北松山店', 32),
(1007, 8, '台南仁德店', 42),
(1008, 180, '新北中和店', 25),
(1009, 179, '高雄前鎮店', 145),
(1010, 42, '高雄博愛店', 84),
(1011, 68, '台北松山店', 109),
(1012, 162, '新北中和店', 69),
(1013, 173, '桃園中壢店', 75),
(1014, 113, '高雄小港店', 33),
(1015, 86, '新竹站前店', 47),
(1016, 157, '台中沙鹿店', 111),
(1017, 148, '台南安平店', 123),
(1018, 122, '台北士林店', 20),
(1019, 82, '桃園中壢店', 113),
(1020, 11, '新竹竹北店', 10),
(1021, 82, '台中沙鹿店', 21),
(1022, 85, '桃園站前店', 96),
(1023, 125, '台中七期店', 21),
(1024, 162, '台北大安店', 8),
(1025, 54, '桃園中壢店', 48),
(1026, 147, '台北松山店', 78),
(1027, 108, '台北信義店', 6),
(1028, 107, '高雄前鎮店', 30),
(1029, 34, '台北大安店', 85),
(1030, 167, '高雄前鎮店', 17),
(1031, 182, '台中沙鹿店', 112),
(1032, 17, '新竹竹北店', 136),
(1033, 4, '雲林虎尾店', 26),
(1034, 158, '台北信義店', 129),
(1035, 56, '新北中和店', 10),
(1036, 33, '桃園中壢店', 4),
(1037, 60, '台北中正店', 130),
(1038, 4, '台北信義店', 108),
(1039, 167, '台北松山店', 57),
(1040, 160, '台南仁德店', 85),
(1041, 137, '台中逢甲店', 120),
(1042, 44, '新竹站前店', 22),
(1043, 211, '台北內湖店', 114),
(1044, 68, '台中逢甲店', 149),
(1045, 176, '台中沙鹿店', 92),
(1046, 103, '台北士林店', 84),
(1047, 16, '高雄中山店', 1),
(1048, 139, '桃園站前店', 99),
(1049, 176, '台南安平店', 42),
(1050, 35, '台中七期店', 90),
(1051, 134, '高雄小港店', 6),
(1052, 187, '台中沙鹿店', 84),
(1053, 165, '台北大安店', 48),
(1054, 149, '高雄中山店', 95),
(1055, 36, '新北中和店', 90);

-- --------------------------------------------------------

--
-- 資料表結構 `stores`
--

CREATE TABLE `stores` (
  `id` int(100) NOT NULL,
  `name` varchar(1000) CHARACTER SET utf8mb4 COLLATE utf8mb4_unicode_ci NOT NULL,
  `area` varchar(1000) NOT NULL,
  `phone` varchar(1000) NOT NULL,
  `address` varchar(1000) CHARACTER SET utf8 COLLATE utf8_unicode_ci NOT NULL,
  `opentime` time(6) NOT NULL,
  `closetime` time(6) NOT NULL,
  `img` varchar(1000) NOT NULL,
  `lat` decimal(10,8) NOT NULL,
  `lng` decimal(11,8) NOT NULL
) ENGINE=InnoDB DEFAULT CHARSET=latin1 COLLATE=latin1_swedish_ci;

--
-- 傾印資料表的資料 `stores`
--

INSERT INTO `stores` (`id`, `name`, `area`, `phone`, `address`, `opentime`, `closetime`, `img`, `lat`, `lng`) VALUES
(1, '台北士林店', 'n', '02-25876171', '台北市士林區中正路325號', '09:00:00.000000', '18:00:00.000000', 'n01.jpg', 25.09464487, 121.52328299),
(2, '台北內湖店', 'n', '02-82761962', '台北市內湖區瑞光路337號C棟1樓', '07:00:00.000000', '16:00:00.000000', 'n02.jpg', 25.07780554, 121.57562407),
(3, '台北信義店', 'n', '02-67336222', '台北市信義區松高路11號5F', '07:00:00.000000', '16:00:00.000000', 'n03.jpg', 25.03951453, 121.56570372),
(4, '台北大安店', 'n', '02-68051589', '台北市大安區和平東路一段177-3號1樓', '12:00:00.000000', '21:00:00.000000', 'n04.jpg', 25.02658820, 121.53247488),
(5, '台北中正店', 'n', '02-73338614', '台北市中正區許昌街24號', '13:00:00.000000', '22:00:00.000000', 'n05.jpg', 25.04543819, 121.51647598),
(6, '台北松山店', 'n', '02-24036955', '台北市松山區民生東路五段92號', '11:00:00.000000', '20:00:00.000000', 'n06.jpg', 25.05845647, 121.56000781),
(7, '新北中和店', 'n', '02-39474802', '新北市中和區仁愛街95號', '07:00:00.000000', '16:00:00.000000', 'n07.jpg', 24.98679906, 121.51186500),
(8, '新北板橋店', 'n', '02-74843612', '新北市板橋區重慶路141號', '12:00:00.000000', '21:00:00.000000', 'n08.jpg', 25.00427183, 121.46240802),
(9, '新北三峽店', 'n', '02-86805568', '新北市三峽區復興路9號', '08:00:00.000000', '17:00:00.000000', 'n09.jpg', 24.93840096, 121.36188609),
(10, '桃園中壢店', 'n', '03-4744387', '桃園市中壢區春德路107號2樓', '08:00:00.000000', '17:00:00.000000', 'n10.jpg', 25.01680274, 121.21332200),
(11, '桃園站前店', 'n', '03-4899418', '桃園市桃園區中華路55號', '09:30:00.000000', '18:30:00.000000', 'n11.jpg', 24.99071468, 121.31040417),
(12, '新竹竹北店', 'n', '03-6877345', '新竹縣竹北市縣政九路南段66號1-2樓', '10:00:00.000000', '19:00:00.000000', 'n12.jpg', 24.82609718, 121.00933268),
(13, '新竹站前店', 'n', '03-2211808', '新竹市東區中正路38號', '10:30:00.000000', '19:30:00.000000', 'n13.jpg', 24.80362326, 120.97134572),
(14, '台中北屯店', 'm', '04-98026166', '台中市北屯區安順東六街39號', '09:30:00.000000', '18:30:00.000000', 'm01.jpg', 24.17452791, 120.68450181),
(15, '台中逢甲店', 'm', '04-83397749', '台中市西屯區逢甲路134號1樓', '09:30:00.000000', '18:30:00.000000', 'm02.jpg', 24.17844129, 120.64308926),
(16, '台中七期店', 'm', '04-88147951', '台中市西屯區大墩路925號', '10:00:00.000000', '19:00:00.000000', 'm03.jpg', 24.15801159, 120.65111546),
(17, '台中沙鹿店', 'm', '04-90590976', '台中市沙鹿區中山路489號', '10:30:00.000000', '19:30:00.000000', 'm04.jpg', 24.24578427, 120.56209564),
(18, '彰化和美店', 'm', '04-8206357', '彰化縣和美鎮平安路115號', '10:30:00.000000', '19:30:00.000000', 'm05.jpg', 24.10856246, 120.49256124),
(19, '雲林虎尾店', 'm', '05-7220457', '雲林縣虎尾鎮林森路二段61號', '11:00:00.000000', '20:00:00.000000', 'm06.jpg', 23.70652846, 120.43029403),
(20, '台南安平店', 's', '06-2621475', '台南市安平區慶平路413號', '12:00:00.000000', '21:00:00.000000', 's01.jpg', 22.99674596, 120.17542557),
(21, '台南仁德店', 's', '06-2188147', '台南市仁德區中正路二段779號', '12:00:00.000000', '21:00:00.000000', 's02.jpg', 22.96257372, 120.25328401),
(22, '高雄前鎮店', 's', '07-8401984', '高雄市前鎮區一心一路502號', '11:00:00.000000', '20:00:00.000000', 's03.jpg', 22.61012357, 120.31367223),
(23, '高雄中山店', 's', '07-8996248', '高雄市新興區中山二路522號', '11:00:00.000000', '20:00:00.000000', 's04.jpg', 22.62180526, 120.30191803),
(24, '高雄博愛店', 's', '07-8084031', '高雄市三民區博愛一路102號', '09:30:00.000000', '18:30:00.000000', 's05.jpg', 22.64412296, 120.30331492),
(25, '高雄小港店', 's', '07-8839723', '高雄市小港區康莊路80號', '09:00:00.000000', '18:00:00.000000', 's06.jpg', 22.56819978, 120.35567703),
(26, '高雄苓雅店', 's', '07-9765827', '高雄市苓雅區廣州一街139之1號2樓', '10:00:00.000000', '19:00:00.000000', 's07.jpg', 22.62384446, 120.31712093);

-- --------------------------------------------------------

--
-- 資料表結構 `users`
--

CREATE TABLE `users` (
  `user_id` int(11) NOT NULL,
  `email` varchar(255) DEFAULT NULL,
  `password` varchar(255) DEFAULT NULL,
  `title` enum('mr','ms','preferNotToSay') DEFAULT NULL,
  `lastname` varchar(255) DEFAULT NULL,
  `firstname` varchar(255) DEFAULT NULL,
  `email_verified` tinyint(1) DEFAULT 0,
  `created_at` datetime DEFAULT current_timestamp(),
  `updated_at` datetime DEFAULT current_timestamp() ON UPDATE current_timestamp(),
  `google_id` varchar(255) DEFAULT NULL,
  `line_id` varchar(255) DEFAULT NULL,
  `auth_provider` enum('local','google','line') DEFAULT NULL,
  `verification_code` varchar(255) DEFAULT NULL,
  `birthdate` date DEFAULT NULL,
  `phone` varchar(20) DEFAULT NULL
) ENGINE=InnoDB DEFAULT CHARSET=utf8mb4 COLLATE=utf8mb4_general_ci;

--
-- 傾印資料表的資料 `users`
--

INSERT INTO `users` (`user_id`, `email`, `password`, `title`, `lastname`, `firstname`, `email_verified`, `created_at`, `updated_at`, `google_id`, `line_id`, `auth_provider`, `verification_code`, `birthdate`, `phone`) VALUES
(3, NULL, NULL, NULL, NULL, '廖宏彬', 0, '2024-03-21 00:28:59', '2024-03-21 00:51:40', NULL, 'Ude4cbbe8f6b1fdaa56e67a92ea244d89', 'line', NULL, NULL, NULL),
(29, 'o3ndlnosm@gmail.com', NULL, NULL, NULL, 'Kenzy', 0, '2024-03-23 16:40:20', '2024-03-23 16:40:20', '116300371321661577331', NULL, 'google', NULL, NULL, NULL),
(30, 'wiz19941106@gmail.com', '$2b$10$HFFzHVg6mCNjblazCs739e/vEH99qlMcwvLBZOfhfdnb0ukNeRhW6', 'mr', '宏彬', '廖', 1, '2024-03-24 12:14:34', '2024-03-24 12:14:51', NULL, NULL, 'local', '571902', NULL, NULL),
(35, 'firestar0487@gmail.com', '$2b$10$Iqs4BJm2ZzafFEEvE/LMMOFoZMPtY9nXiFb8Oe3NA8XjCvTbm7WWq', 'mr', '威榮', '曾', 1, '2024-03-24 21:34:08', '2024-03-24 21:34:39', NULL, NULL, 'local', '696438', NULL, NULL);

--
-- 已傾印資料表的索引
--

--
-- 資料表索引 `brand`
--
ALTER TABLE `brand`
  ADD PRIMARY KEY (`brand_id`);

--
-- 資料表索引 `color`
--
ALTER TABLE `color`
  ADD PRIMARY KEY (`color_id`);

--
-- 資料表索引 `course_category`
--
ALTER TABLE `course_category`
  ADD PRIMARY KEY (`id`);

--
-- 資料表索引 `course_collection`
--
ALTER TABLE `course_collection`
  ADD PRIMARY KEY (`id`);

--
-- 資料表索引 `course_news`
--
ALTER TABLE `course_news`
  ADD PRIMARY KEY (`id`);

--
-- 資料表索引 `course_units`
--
ALTER TABLE `course_units`
  ADD PRIMARY KEY (`id`);

--
-- 資料表索引 `favorite`
--
ALTER TABLE `favorite`
  ADD PRIMARY KEY (`id`);

--
-- 資料表索引 `general_product`
--
ALTER TABLE `general_product`
  ADD PRIMARY KEY (`product_id`);

--
-- 資料表索引 `line_pay`
--
ALTER TABLE `line_pay`
  ADD PRIMARY KEY (`id`);

--
-- 資料表索引 `material`
--
ALTER TABLE `material`
  ADD PRIMARY KEY (`material_id`);

--
-- 資料表索引 `member_coupon`
--
ALTER TABLE `member_coupon`
  ADD PRIMARY KEY (`id`);

--
-- 資料表索引 `mycoupon`
--
ALTER TABLE `mycoupon`
  ADD PRIMARY KEY (`id`);

--
-- 資料表索引 `nib`
--
ALTER TABLE `nib`
  ADD PRIMARY KEY (`nib_id`);

--
-- 資料表索引 `order`
--
ALTER TABLE `order`
  ADD PRIMARY KEY (`id`);

--
-- 資料表索引 `order_info`
--
ALTER TABLE `order_info`
  ADD PRIMARY KEY (`id`);

--
-- 資料表索引 `order_item`
--
ALTER TABLE `order_item`
  ADD PRIMARY KEY (`id`),
  ADD KEY `order_id` (`order_id`);

--
-- 資料表索引 `product`
--
ALTER TABLE `product`
  ADD PRIMARY KEY (`id`);

--
-- 資料表索引 `stock`
--
ALTER TABLE `stock`
  ADD PRIMARY KEY (`id`);

--
-- 資料表索引 `stores`
--
ALTER TABLE `stores`
  ADD PRIMARY KEY (`id`);

--
-- 資料表索引 `users`
--
ALTER TABLE `users`
  ADD PRIMARY KEY (`user_id`),
  ADD UNIQUE KEY `email` (`email`),
  ADD UNIQUE KEY `google_id` (`google_id`),
  ADD UNIQUE KEY `line_id` (`line_id`);

--
-- 在傾印的資料表使用自動遞增(AUTO_INCREMENT)
--

--
-- 使用資料表自動遞增(AUTO_INCREMENT) `brand`
--
ALTER TABLE `brand`
  MODIFY `brand_id` int(11) NOT NULL AUTO_INCREMENT, AUTO_INCREMENT=11;

--
-- 使用資料表自動遞增(AUTO_INCREMENT) `color`
--
ALTER TABLE `color`
  MODIFY `color_id` int(11) NOT NULL AUTO_INCREMENT, AUTO_INCREMENT=13;

--
-- 使用資料表自動遞增(AUTO_INCREMENT) `course_category`
--
ALTER TABLE `course_category`
  MODIFY `id` int(11) NOT NULL AUTO_INCREMENT, AUTO_INCREMENT=3;

--
-- 使用資料表自動遞增(AUTO_INCREMENT) `course_collection`
--
ALTER TABLE `course_collection`
  MODIFY `id` int(11) NOT NULL AUTO_INCREMENT, AUTO_INCREMENT=11;

--
-- 使用資料表自動遞增(AUTO_INCREMENT) `course_news`
--
ALTER TABLE `course_news`
  MODIFY `id` int(11) NOT NULL AUTO_INCREMENT, AUTO_INCREMENT=70;

--
-- 使用資料表自動遞增(AUTO_INCREMENT) `course_units`
--
ALTER TABLE `course_units`
  MODIFY `id` int(11) NOT NULL AUTO_INCREMENT, AUTO_INCREMENT=182;

--
-- 使用資料表自動遞增(AUTO_INCREMENT) `favorite`
--
ALTER TABLE `favorite`
  MODIFY `id` int(11) NOT NULL AUTO_INCREMENT, AUTO_INCREMENT=27;

--
-- 使用資料表自動遞增(AUTO_INCREMENT) `general_product`
--
ALTER TABLE `general_product`
  MODIFY `product_id` int(11) NOT NULL AUTO_INCREMENT, AUTO_INCREMENT=214;

--
-- 使用資料表自動遞增(AUTO_INCREMENT) `line_pay`
--
ALTER TABLE `line_pay`
  MODIFY `id` int(11) NOT NULL AUTO_INCREMENT, AUTO_INCREMENT=54;

--
-- 使用資料表自動遞增(AUTO_INCREMENT) `material`
--
ALTER TABLE `material`
  MODIFY `material_id` int(11) NOT NULL AUTO_INCREMENT, AUTO_INCREMENT=11;

--
-- 使用資料表自動遞增(AUTO_INCREMENT) `member_coupon`
--
ALTER TABLE `member_coupon`
  MODIFY `id` int(11) NOT NULL AUTO_INCREMENT, AUTO_INCREMENT=39;

--
-- 使用資料表自動遞增(AUTO_INCREMENT) `mycoupon`
--
ALTER TABLE `mycoupon`
  MODIFY `id` int(11) NOT NULL AUTO_INCREMENT, AUTO_INCREMENT=31;

--
-- 使用資料表自動遞增(AUTO_INCREMENT) `nib`
--
ALTER TABLE `nib`
  MODIFY `nib_id` int(11) NOT NULL AUTO_INCREMENT, AUTO_INCREMENT=6;

--
-- 使用資料表自動遞增(AUTO_INCREMENT) `order_info`
--
ALTER TABLE `order_info`
  MODIFY `id` int(11) NOT NULL AUTO_INCREMENT, AUTO_INCREMENT=56;

--
-- 使用資料表自動遞增(AUTO_INCREMENT) `order_item`
--
ALTER TABLE `order_item`
  MODIFY `id` int(11) NOT NULL AUTO_INCREMENT COMMENT '訂單項目ID，唯一標識每個訂單項目', AUTO_INCREMENT=66;

--
-- 使用資料表自動遞增(AUTO_INCREMENT) `product`
--
ALTER TABLE `product`
  MODIFY `id` int(11) NOT NULL AUTO_INCREMENT, AUTO_INCREMENT=274;

--
-- 使用資料表自動遞增(AUTO_INCREMENT) `stock`
--
ALTER TABLE `stock`
  MODIFY `id` int(255) NOT NULL AUTO_INCREMENT, AUTO_INCREMENT=1056;

--
-- 使用資料表自動遞增(AUTO_INCREMENT) `stores`
--
ALTER TABLE `stores`
  MODIFY `id` int(100) NOT NULL AUTO_INCREMENT, AUTO_INCREMENT=27;

--
-- 使用資料表自動遞增(AUTO_INCREMENT) `users`
--
ALTER TABLE `users`
  MODIFY `user_id` int(11) NOT NULL AUTO_INCREMENT, AUTO_INCREMENT=36;

--
-- 已傾印資料表的限制式
--

--
-- 資料表的限制式 `order_item`
--
ALTER TABLE `order_item`
  ADD CONSTRAINT `order_item_ibfk_1` FOREIGN KEY (`order_id`) REFERENCES `order` (`id`) ON DELETE CASCADE;
COMMIT;

/*!40101 SET CHARACTER_SET_CLIENT=@OLD_CHARACTER_SET_CLIENT */;
/*!40101 SET CHARACTER_SET_RESULTS=@OLD_CHARACTER_SET_RESULTS */;
/*!40101 SET COLLATION_CONNECTION=@OLD_COLLATION_CONNECTION */;
